,11,10,aa,12,ma,ba,5+6,pro,phd,sc1,7+8,hs,9,ns,n4,sc2,population,population_over_18,income,z_income,mbsa,workforce,mbsa_workforce,z_mbsa_workforce,education,z_education,ses,year,ZIP,desc
10001,0.007731278695445669,0.004063538973032878,0.03398596231991134,0.012903055570214787,0.16531215367565572,0.2934191777930234,0.007071613277745527,0.05026650482875086,0.023536862103541084,0.020502401182120426,0.008733970130349886,0.07256319594701567,0.0052509367248931346,0.008997836297429944,0.008259011029605783,0.07240487624676764,18949.0,17105.0,68821.5,1.235778213004461,0.2991186870019526,0.7160536176051506,0.417786204326084,1.1506296391291984,12.005963375376009,1.3714672836929975,3.7578751358266573,2011.5,10001,Manhattan:Chelsea and Clinton
10002,0.020309344305480637,0.02181466939297766,0.028394194462912553,0.023075379153756414,0.049255491300475435,0.14837487612428968,0.06047016320232823,0.010675263745499704,0.0077398798248805144,0.01684709660423749,0.055370874468432085,0.15613357251276389,0.026211473086041874,0.054417501913017294,0.027741886924997176,0.05917182031436206,79717.0,66634.0,25271.0,-0.40091564269376545,0.1270996148876651,0.4748046213480186,0.2677609116687537,-0.1093779624910963,8.623016420587831,-0.3784152099652295,-0.8887088151500913,2011.5,10002,Manhattan:Lower East Side
10003,0.0065601273309960646,0.004409265910997355,0.021293528057987225,0.004839438194997096,0.18226399673069066,0.3608392661260835,0.0027531026175983482,0.08035618265115178,0.03531714451637881,0.017454240423289524,0.006592390252296044,0.06644010926376014,0.002236895876798658,0.006904265158195857,0.0013227797732992064,0.06381605833136171,46493.0,43013.0,73412.5,1.4103728537805966,0.3591508399113845,0.806745101413116,0.4450353017666028,1.3798948200145436,13.550555997677069,2.170297147202351,4.960564820997491,2011.5,10003,Manhattan:Lower East Side
10004,0.005385117493472585,0.0,0.022193211488250653,0.0,0.16906005221932116,0.30075065274151436,0.0,0.059725848563968675,0.0063642297650130545,0.0097911227154047,0.0,0.04536553524804177,0.0,0.0,0.0,0.06282637075718016,3064.0,2679.0,133228.5,3.662514896272601,0.39262402088772846,0.7036553524804178,0.5582901431752664,2.3346419457337375,10.903067885117492,0.7997476004566373,6.796904442462975,2011.5,10004,Manhattan:Lower Manhattan
10005,0.0,0.00021070375052675936,0.006531816266329541,0.0018963337547408343,0.1511448237111954,0.2522826239640399,0.0,0.06763590391908976,0.015521842955471274,0.004354544177553027,0.0,0.004565247928079786,0.00014046916701783958,0.009762607107739851,0.0,0.04993678887484197,7119.0,6708.0,96711.0,2.285913336759031,0.3303132462424498,0.6406798707683663,0.5154894413335025,1.9731136324537226,9.13211125158028,-0.1187749841853473,4.140251985027406,2011.5,10005,Manhattan:Lower Manhattan
10006,0.0,0.0038193291265360345,0.04400531384921953,0.005812022583859183,0.16854865493191631,0.30205911657256723,0.0,0.0692460976419794,0.037529060112919295,0.0154433742942544,0.0,0.04616406509465294,0.0,0.0,0.0,0.031052806376619065,3011.0,2849.0,95455.5,2.238465099848229,0.4337429425440053,0.7713384257721687,0.562337319243604,2.3680265693893325,11.671205579541681,1.1988465469824043,5.805338216219965,2011.5,10006,Manhattan:Lower Manhattan
10007,0.009728279100972828,0.0038577658503857765,0.014927876551492789,0.006122106675612211,0.15565246561556526,0.28337806105333785,0.009812143575981213,0.10114055686011406,0.056692385105669235,0.015263334451526334,0.01039919490103992,0.04738342837973834,0.007883260650788326,0.0037739013753773903,0.0037739013753773903,0.04360952700436095,5962.0,4767.0,146650.5,4.162275951542872,0.32564575645756455,0.6541429050654143,0.4974659366056767,1.8178180698657702,12.151123783965113,1.4453001477173943,7.425394169126036,2011.5,10007,Manhattan:Lower Manhattan
10009,0.01536017830114931,0.014545182376128936,0.022927997604909933,0.014220847263110624,0.11816609284300517,0.2724165460805349,0.021331270894665934,0.032167390183457246,0.016058746236881062,0.01952663706069225,0.019027659963741,0.10656487533888861,0.013505646757480498,0.021356219749513496,0.014279061257754936,0.06361957986128437,60123.0,52718.0,43905.0,0.2999297824265859,0.2517256291269564,0.6173677294878832,0.4077465843699407,1.0677628473548237,10.93673802039153,0.8182032641783321,2.1858958939597417,2011.5,10009,Manhattan:Lower East Side
10010,0.004911098365357041,0.005251648981932894,0.025810151993117293,0.0021149985661026672,0.1796494121020935,0.3292586750788643,0.0025630914826498424,0.08838184685976484,0.02600731287639805,0.01071838256380843,0.0019895325494694582,0.06303771149985661,0.004427158015486091,0.0031724978491540004,0.0027064812159449383,0.06242830513335245,27896.0,25423.0,85241.5,1.8555280286118667,0.3498351018067106,0.6727846286205907,0.5198319033122079,2.007981635078406,12.837082377401778,1.8019374163768918,5.665447080067164,2011.5,10010,Manhattan:Gramercy Park and Murray Hill
10011,0.003897196069985437,0.008194367526100957,0.029208458966627694,0.005363772485795746,0.1939162718191701,0.34903493118372203,0.0024921543289643713,0.08583061555186347,0.04054109490698009,0.01647078128525424,0.005784259430188911,0.05586322892950177,0.005138145344901852,0.008778946936598774,0.00230755030459664,0.06701126084548643,48753.0,44344.0,109729.5,2.7753888701099854,0.3759871187414108,0.7280064816524111,0.5166174726180153,1.9812724792182133,13.812565380591963,2.3062666097339286,7.062927959062128,2011.5,10011,Manhattan:Chelsea and Clinton
10012,0.005108304832061738,0.003924405858107515,0.016530737525212662,0.008265368762606333,0.1537972463386828,0.36667982109971065,0.015324914496185213,0.056279049372972026,0.06496097518196965,0.009186179075681838,0.011290888362711568,0.06518021573270193,0.002674734718933614,0.008002280101727616,0.005327545382794001,0.05454704902218714,22806.0,20703.0,72716.5,1.3849138167320332,0.35600280627904934,0.786525475751995,0.4525981326768803,1.443888928960479,13.06065289836008,1.9170143115976928,4.745817057290205,2011.5,10012,Manhattan:Greenwich Village and Soho
10013,0.008351742045498586,0.016936015192031934,0.012033484478549007,0.007034065806301593,0.10025965972948882,0.21640894469635313,0.048812153625547416,0.05481920706894547,0.018718753633298453,0.010754563422857806,0.030597217377824282,0.10324380885943495,0.009766306243460064,0.0305003294190598,0.008952447389838391,0.04456846103166298,25803.0,21692.0,75938.5,1.504589377704796,0.20786342673332558,0.5677440607681277,0.3660758889112017,0.7160895392456645,9.671356043870867,0.16399773946769416,2.3846766564181547,2011.5,10013,Manhattan:Greenwich Village and Soho
10014,0.002866698518872432,0.004491161012900143,0.022408026755852843,0.001512979773849339,0.19491957318044273,0.369071508201943,0.0014652014652014652,0.08235387800605193,0.034511864946647555,0.011450867972607102,0.0019111323459149545,0.044593088071348944,0.002118171683389075,0.002150023889154324,0.0010192705844879759,0.058767319636884856,31395.0,28742.0,101630.0,2.470896946649108,0.3674788979136805,0.7516005733397038,0.4890489144756424,1.7500833759226087,13.41755056537665,2.102474708835895,6.323455031407612,2011.5,10014,Manhattan:Greenwich Village and Soho
10016,0.0015146319158664838,0.005058299039780521,0.02471040999847584,0.002610120408474318,0.17138203017832648,0.3430117360158512,0.00313404968754763,0.09259259259259259,0.02231938728852309,0.012574302697759488,0.004505791800030483,0.0446197226032617,0.0049439871970736165,0.0029816338972717574,0.0014670019814052736,0.0494017680231672,52488.0,48826.0,88591.0,1.9814404813058997,0.37612406645328456,0.7692329675354366,0.4890996753763881,1.7505897715125207,12.526310775796372,1.6417347023308801,5.3737649551493005,2011.5,10016,Manhattan:Gramercy Park and Murray Hill
10017,0.0035690317857360746,0.0013421999877981819,0.025135745226038682,0.003630040876090537,0.1839729119638826,0.35702519675431643,0.0009151363553169423,0.08050149472271369,0.022207308889024467,0.0190348361905924,0.0011591727167347935,0.046092367762796654,0.004026599963394545,0.0048502226831797935,0.0012201818070892562,0.05896528582758831,16391.0,15317.0,107927.5,2.7085133903262006,0.3839607101458117,0.7849429565005186,0.4893834340377625,1.7545686256607804,12.94094320053688,1.8546597515765775,6.317741767563559,2011.5,10017,Manhattan:Gramercy Park and Murray Hill
10018,0.009813639968279143,0.006245043616177637,0.029639175257731958,0.012787470261697065,0.1721847739888977,0.30372720063441716,0.022105471847739887,0.06205392545598731,0.013283108643933386,0.03221649484536082,0.011994448850118952,0.1028945281522601,0.004262490087232355,0.0204203013481364,0.012093576526566218,0.05749405233941317,5044.0,4688.0,66980.0,1.1680915437681527,0.40057494052339415,0.8818398096748612,0.4542094588175243,1.4581488854348188,12.734932593180016,1.7447924507593693,4.371032879962341,2011.5,10018,Manhattan:Chelsea and Clinton
10019,0.007352593503238924,0.008262802023736346,0.029280344224313207,0.003723580311125822,0.16384935457941274,0.29493120242091825,0.007388056172868694,0.07284032341954702,0.025710435481583055,0.019173483379828833,0.010130502624237554,0.07982646933661167,0.005295758664712279,0.01055605465979479,0.005709489810392926,0.06105489621258688,42298.0,39006.0,82928.0,1.7682268651994217,0.3297437231074756,0.6828809872807224,0.4828988341306572,1.6985057696344894,12.239650810913046,1.4928196313748652,4.959552266208776,2011.5,10019,Manhattan:Chelsea and Clinton
10021,0.002019080904926085,0.0036721295990176164,0.02267038209039815,0.0038138194870826056,0.17928493836489867,0.3215533934728192,0.0027747603079393566,0.11378878760685779,0.03615453643791622,0.014700325886742548,0.0025031880224814624,0.05412553724082558,0.0009800217257828366,0.001570396259386955,0.0011099041231757427,0.04745430501109904,42346.0,36719.0,114661.5,2.962518120068527,0.33039720398620886,0.6122301988381429,0.5396407236383953,2.1767612949212403,12.996192084258254,1.8836826451867097,7.022962060176477,2011.5,10021,Manhattan:Upper East Side
10022,0.0017354415734670266,0.00030530916570253245,0.0231070831726443,0.0031816428846895488,0.17444401594035222,0.3334297467540815,0.0009319964005656254,0.09487080601619746,0.027734927368556372,0.01666345288597506,8.034451729014013e-05,0.05493958092299782,1.6068903458028024e-05,0.0024906800359943437,3.213780691605605e-05,0.060097698933024815,31116.0,28315.0,123264.5,3.2858262385987116,0.3192409050006427,0.609589921583751,0.5236630626498489,2.04158477767987,12.72871673736984,1.7453714964051497,7.072782512683731,2011.5,10022,Manhattan:Gramercy Park and Murray Hill
10023,0.0033610890604151536,0.002947286638404243,0.01589339098417417,0.005210532538382286,0.2258685628388535,0.2718935261033324,0.0019761176887867988,0.10518181971726316,0.04352525883763744,0.012726535713682503,0.006620838752174574,0.05194487138345128,0.0021281267417703987,0.004610941273835864,0.0007769351596939551,0.05515395139088283,59207.0,51342.0,102376.5,2.500907524056979,0.32693769317817145,0.6262350735554918,0.5220907454083885,2.0283680594420783,13.031541878494096,1.9024202242470556,6.431695807746112,2011.5,10023,Manhattan:Upper West Side
10024,0.004005317404139979,0.0036772957201802394,0.017350620651554648,0.006638123025395784,0.19639866719610516,0.27225799768658393,0.004057110301607306,0.10853201664278439,0.04722649034062462,0.01000466136077206,0.007052466205134402,0.06198746611881291,0.0038240422630043333,0.0042038568444314,0.004713153669526786,0.056333408145296346,57923.0,48627.0,100030.0,2.4113277552236108,0.32404226300433336,0.6284981786164391,0.5156487838845516,1.97366379466831,12.826006077033302,1.7964830946084644,6.181474644500385,2011.5,10024,Manhattan:Upper West Side
10025,0.01040672032010185,0.005785931887418724,0.028270358750511527,0.011810576092393034,0.19954076297003592,0.2308063929432092,0.007689946801254944,0.06105351702814532,0.05344882462601737,0.015266221070340563,0.01570386031919247,0.07434751966534807,0.005973491565498113,0.009275678625017051,0.005859819033328786,0.06522529895875961,87972.0,74437.0,55130.5,0.7222623562830841,0.2644591460919383,0.5915518574091756,0.44700115571900545,1.397198536418609,12.222567976174238,1.4832262753204126,3.602687168022106,2011.5,10025,Manhattan:Upper West Side
10026,0.025735181144946686,0.015118458654703008,0.040300525458623976,0.023107888025074515,0.10768828934025751,0.16458224502965307,0.01215315121531512,0.020588144915957347,0.010063608149217957,0.027363795593522415,0.020326952032695203,0.15551731555173157,0.009787050978705098,0.012798451279845129,0.01097010109701011,0.08338198690962725,32543.0,25550.0,27872.5,-0.30306508415437716,0.17922441077958393,0.5300832744368988,0.3378491675367613,0.47938987586998844,10.039916418277357,0.35390369487535345,0.5302284865909647,2011.5,10026,Manhattan:Central Harlem
10027,0.021305635684277777,0.016862524925948155,0.04117863434844055,0.0231835517782123,0.11767951522660833,0.13769771358875574,0.016910924825276362,0.024296749462761117,0.03440264844249124,0.0219348343755445,0.019960118482953558,0.15028168741409018,0.013464851993107853,0.01915668015410528,0.007463264476409889,0.07274504869029871,51653.0,41149.0,26572.5,-0.3517897141271301,0.15819991094418523,0.5168431649662169,0.30606666012143263,0.2130302400690674,10.052446130912049,0.36049585948602136,0.2217363854279587,2011.5,10027,Manhattan:Central Harlem
10028,0.002934441900273437,0.0003223439966209457,0.023464419891959187,0.0021341395638352265,0.1915390258542116,0.30896116310606225,0.0022119467354333863,0.1151879598959607,0.032401129315519195,0.013082720138719072,0.0013560678478536335,0.05043016250583554,0.0005446502011871152,0.0028121734877620433,0.0007002645443834338,0.04230487072894204,44983.0,38476.0,109692.0,2.775634145580008,0.33835004334970986,0.6593602027432586,0.5131352500316297,1.952830816624767,12.79148789542716,1.7780776956723363,6.5065426578771115,2011.5,10028,Manhattan:Upper East Side
10029,0.031133492849591007,0.024922096711368316,0.03772049412943075,0.030375326915586223,0.047861832953091085,0.10501641533581882,0.027210505814924044,0.023315341383339825,0.008701519114128317,0.023837015191141283,0.03308107506538312,0.18599410160814644,0.02734266317956708,0.023990039508096375,0.01766039730677202,0.06298341772856268,71884.0,55261.0,23855.5,-0.45407100859464244,0.11369706749763508,0.4814145011407267,0.23608865030461718,-0.3757636085877327,8.650955010850815,-0.36441664883294045,-1.1942512660153155,2011.5,10029,Manhattan:East Harlem
10030,0.03171291866028708,0.022411483253588518,0.04522488038277512,0.03249760765550239,0.047138755980861244,0.12440191387559808,0.030200956937799044,0.017186602870813396,0.006660287081339713,0.024956937799043063,0.02273684210526316,0.19110047846889952,0.012861244019138757,0.01925358851674641,0.007291866028708134,0.09737799043062201,26125.0,20019.0,22819.5,-0.49328870162259303,0.12164593301435406,0.49577033492822964,0.24542104691360528,-0.29900871332173773,9.21842105263158,-0.0708823360621343,-0.8631797510064649,2011.5,10030,Manhattan:Central Harlem
10031,0.023734741951602543,0.01797059033478478,0.039331858091227065,0.01795274466414448,0.05845349418231137,0.12396495110286244,0.04070597473053037,0.011501534727675067,0.006629666642872439,0.02124527089728032,0.04572953101577557,0.14542437004782638,0.017997358840745235,0.023931044328645873,0.014758369619530302,0.09251195659932901,56036.0,44843.0,23147.0,-0.4806463696101407,0.1199229067028339,0.544284031693911,0.22032534541017298,-0.507611750793742,8.558493646941251,-0.4125641777385454,-1.400822298142428,2011.5,10031,Manhattan:Inwood and Washington Heights
10032,0.026153791724894307,0.03088570872618563,0.03766959721214909,0.028294210256319542,0.050361748421220216,0.10140453910243938,0.053988077338097684,0.011338911393748562,0.007208434310378377,0.020024411384903858,0.052617148113424494,0.142532415842635,0.029532468910863065,0.028612619624630735,0.03354796483345421,0.09286939909076436,56531.0,45605.0,18550.0,-0.6537034136017094,0.09299322495621871,0.540199182749288,0.17227356850252187,-0.9120628670404602,8.545523694963826,-0.41888564160344177,-1.9846519222456114,2011.5,10032,Manhattan:Inwood and Washington Heights
10033,0.021567888438707244,0.023348723263921605,0.033110336379911426,0.025007066804861963,0.05981343635164421,0.13108451898614906,0.03497597286346933,0.020880052765476304,0.018618675209648543,0.022792801281447284,0.04139263167813059,0.14529350796193347,0.01987185527183643,0.022076698388768492,0.03395835296334684,0.08476396871761048,53065.0,42751.0,23439.0,-0.4699719244688981,0.12579854894940168,0.5579854894940168,0.22554667225805,-0.464642037102306,9.027650051823237,-0.16963239575649297,-1.104246357327697,2011.5,10033,Manhattan:Inwood and Washington Heights
10034,0.025105899369769605,0.01960429796466577,0.03889864655439612,0.01694389916313669,0.07234734993284431,0.14770379171402004,0.04606622584977787,0.012307573096394256,0.008794813513792746,0.02629403864035541,0.0493465234011778,0.12914557288976136,0.021696456245479903,0.022703791714020045,0.023336605021179874,0.08100010331645832,38716.0,30681.0,22710.5,-0.4972823040044629,0.13252918689947307,0.5609825395185453,0.2362281333652666,-0.3740785544110484,9.087115146192788,-0.13852100650345117,-1.0098818649189625,2011.5,10034,Manhattan:Inwood and Washington Heights
10035,0.034953234982161796,0.03294442837399158,0.033426541959952434,0.03281586475106868,0.045543663420435185,0.10071352810722206,0.035065728152219325,0.005640728955741973,0.008870889981679684,0.020136277440298268,0.04302060232057339,0.1741715681547906,0.031980201202069874,0.0320926943721274,0.027753672098479735,0.06866904509369073,31113.0,23588.0,18185.5,-0.6675730714862127,0.09695304213672742,0.4302703050171954,0.22536786755451138,-0.4658648245274147,8.38535338925851,-0.5014783738530949,-1.6349162698667223,2011.5,10035,Manhattan:East Harlem
10036,0.005649600596001821,0.007346550225570134,0.028848143702661314,0.007180994164148835,0.1508629609701585,0.2812383593394313,0.006229046810976367,0.05142585157899093,0.014258515789909358,0.02290881999917222,0.01100947808451637,0.09391167584123174,0.005090848888704938,0.007160299656471173,0.005090848888704938,0.07416911551674185,24161.0,22464.0,65805.0,1.123676653287172,0.293944787053516,0.679214436488556,0.43277000672844557,1.2782770423529675,11.587651587268738,1.1550699779505125,3.5570236735906517,2011.5,10036,Manhattan:Chelsea and Clinton
10037,0.02026109043652903,0.02014294996751137,0.06273258904837853,0.0215311004784689,0.060163033847244377,0.1438360210290035,0.009864729162974777,0.04052218087305806,0.006645401382243487,0.02696556205328135,0.01397011046133853,0.13444385374209936,0.008771929824561403,0.008742394707306988,0.005080040167759466,0.13742690058479534,16929.0,13793.0,27516.0,-0.3164490414377432,0.15124933545986177,0.46697973890956346,0.32383508672039957,0.36274514403693925,9.795365940102783,0.22851725596084202,0.2748133585600381,2011.5,10037,Manhattan:Central Harlem
10038,0.006507417920839805,0.008810454715869531,0.01807616089122168,0.01976326924106904,0.10015532108617642,0.21635156124471105,0.02238766000749826,0.06402977880134969,0.015612447110492207,0.02249477799796476,0.020593433667184403,0.08727438273257994,0.01108671201328263,0.039339081998821704,0.014755503186760216,0.06065556210165497,18671.0,16487.0,57916.0,0.8271493055325646,0.2523699855390713,0.623667719993573,0.4045215216265548,1.0402413493509266,9.890391516255157,0.27562003902743376,2.143010693910925,2011.5,10038,Manhattan:Lower Manhattan
10039,0.017269770696965954,0.0192663949610967,0.04719855090362686,0.033613272405417643,0.050039109135070606,0.10435963937260714,0.024103577456671195,0.009077436087439793,0.0016261166687250423,0.03560989666954839,0.02173644559713474,0.1584743320571405,0.012844263307397802,0.017455024494668805,0.009674364991148985,0.08982750813058335,24291.0,18118.0,19272.0,-0.6267618969919473,0.10013996953604215,0.42530155201514963,0.23523590801069874,-0.38289484130810286,8.177648100119388,-0.6092599707073019,-1.618916709007352,2011.5,10039,Manhattan:Central Harlem
10040,0.023299502293354153,0.023299502293354153,0.03036254513516151,0.027349468137015713,0.07879135356689763,0.14429833121889335,0.033631794671611204,0.015175173221430662,0.012576851761491169,0.019139748218990924,0.046001268663999215,0.13564945837806186,0.01779789206597053,0.016919586220357177,0.0195789011417976,0.08314628671806382,40988.0,32509.0,22522.0,-0.5045524114340022,0.11149604762369475,0.5152239679906314,0.21627107885831648,-0.5417983509977804,9.165737532936468,-0.09860727333795791,-1.1449580357697406,2011.5,10040,Manhattan:Inwood and Washington Heights
10044,0.026733585987913554,0.010550035849636381,0.02745057871555874,0.005377445457338932,0.176380211000717,0.18488169619993855,0.009781829355730822,0.05525965379494008,0.08480999692717403,0.04506811430912629,0.022329202089521664,0.13351428864078663,0.012137662603707876,0.02990883949605654,0.004353170132131517,0.06898494315271946,9763.0,7936.0,38830.0,0.10937346403805118,0.26871863156816556,0.5835808665369251,0.4601910307955098,1.5065216474423764,12.928864078664343,1.848164924877223,3.4640600363576506,2011.5,10044,Manhattan:Upper East Side
10128,0.0038753862858097385,0.002756201453269857,0.0214399064561931,0.004050780923745093,0.18607700659817922,0.29474651298755533,0.005771318800634761,0.09153929675102314,0.03808569280881985,0.01088281967760795,0.007917815083938863,0.048517497703165456,0.004585316963167126,0.004042428798129124,0.0031988641109162285,0.053144575294412424,59865.0,50931.0,93086.5,2.150817036769891,0.31981124196107913,0.6303349202372004,0.5073927091631707,1.904408626252859,12.372496450346613,1.5610065909319935,5.616232253954743,2011.5,10128,Manhattan:Upper East Side
10280,0.0,0.0,0.03654654272252643,0.006303323570609958,0.18833566789761874,0.32096014262065453,0.0009550490258499936,0.06277855596587291,0.05953138927798293,0.005602954284986629,0.002992486947663313,0.03183496752833312,0.0,0.007767732076913282,0.0,0.04622437285113969,7853.0,6539.0,85808.0,1.8773364820735465,0.4273526041003438,0.6901184260792055,0.6199223055421155,2.8489053501806922,12.397746084298994,1.5766842697023642,6.3029261019566025,2011.5,10280,Manhattan:Lower Manhattan
10301,0.020004325259515572,0.010813148788927335,0.047064230103806226,0.014868079584775087,0.07066392733564014,0.12866295415224915,0.015233023356401382,0.019382569204152246,0.005866133217993079,0.027587045847750864,0.010475237889273356,0.18212045847750863,0.009704801038062283,0.009894031141868511,0.008839749134948097,0.0879244160899654,36992.0,28284.0,27656.0,-0.3110867175194687,0.1321231617647059,0.4803065527681661,0.27518459353444374,-0.04673095199048659,8.90941284602076,-0.2302182896309668,-0.5880359591409221,2011.5,10301,Staten Island:Stapleton and St. George
10302,0.01800590530422862,0.017505008963408203,0.041073499947274064,0.015369608773594855,0.029737424865548874,0.0717599915638511,0.023093957608351787,0.009042497100073816,0.0008172519244964674,0.026784772751239062,0.011467889908256881,0.1898660761362438,0.016845934830749764,0.00719708952863018,0.009965200885795635,0.07816619213329115,18966.0,13757.0,22904.5,-0.48995571047220166,0.07376357692713276,0.4007434356216387,0.1840410127928669,-0.8126115699812408,7.02579616155225,-1.2052599295795206,-2.507827210032963,2011.5,10302,Staten Island:Port Richmond
10303,0.01604919468453718,0.016144385637589003,0.05262155884704718,0.015554201728667708,0.034535277767201,0.07752351216540379,0.01703918059627613,0.0024559265887370064,0.0006663366713627537,0.022122377489243422,0.013726535430072725,0.21431291170087197,0.011004074172790618,0.010851768647907703,0.0026843848760613794,0.07640025891939231,26263.0,18458.0,22396.5,-0.5091023389732625,0.09699958115980657,0.41352853824772495,0.23457559203861356,-0.38807170613759145,7.334510528119408,-1.0447700270068592,-1.9419440721177132,2011.5,10303,Staten Island:Port Richmond
10304,0.015461279789463425,0.011927969199278717,0.03452897314683952,0.021577562259369364,0.048223597641210585,0.10341634582581997,0.02113894439300161,0.02244261416248355,0.006835128417564208,0.02992348554997807,0.02099273843754569,0.19981480578975583,0.0117817632438228,0.018592524002144353,0.006944782884156148,0.07444319898630539,41038.0,30382.0,25383.0,-0.3964976088158473,0.10618207514986111,0.47205029484867683,0.22500364958504526,-0.46883463745500303,8.233027925337492,-0.5802971231793126,-1.445629369450163,2011.5,10304,Staten Island:Stapleton and St. George
10305,0.0161773663052747,0.012133024728956023,0.042733585089535876,0.018906078694116216,0.06257765866731636,0.13091728590571325,0.010573760506760871,0.010598124010232671,0.005006699963454745,0.03415763186746254,0.021196248020465342,0.21888171519064442,0.010281398465099283,0.01673772688512608,0.005177244487757339,0.07836520891704227,41045.0,32124.0,29725.5,-0.23324084805608225,0.12485077354123524,0.4510537215251553,0.2768857184937864,-0.03163539258402046,9.038366427092217,-0.16432115141796938,-0.4291973920580721,2011.5,10305,Staten Island:Stapleton and St. George
10306,0.016840055532517176,0.0073652705407208415,0.06335755368443828,0.01382002416025098,0.0560283432198042,0.12298288949389682,0.0067432342282242215,0.01400032454068478,0.007139895065178588,0.04237960442096533,0.012810342029821682,0.23315543695797197,0.003578962551610984,0.005111515785298307,0.0013071777581450696,0.09408073851035825,55463.0,43643.0,34341.5,-0.059655744497713194,0.1313127670699385,0.4798063573914141,0.2736787271146923,-0.058993964462674464,9.408993382976039,0.027990145262596678,-0.09065956369779099,2011.5,10306,Staten Island:South Shore
10307,0.009599658678802532,0.008959681433549029,0.06321553011448482,0.007395292611818247,0.06833534807651284,0.12234231671762782,0.003484320557491289,0.012124013368413566,0.006506435326743938,0.03569650856858422,0.006257555286923131,0.19675744862404893,0.002204366066984285,0.0026665718552229254,0.0019554860271634787,0.09894759297447202,14063.0,10430.0,37708.5,0.06701329910889281,0.1466614520372609,0.47816966507857495,0.3066570909484318,0.21698982779358794,8.894101543056248,-0.23874159170000966,0.04526153520247107,2011.5,10307,Staten Island:South Shore
10308,0.015641579159196516,0.010427719439464345,0.050931177051699535,0.012165672679375069,0.07211591233397974,0.1280048296805825,0.004719915114704914,0.012074201456221872,0.002817313673118437,0.04013757271962241,0.007756759723391021,0.269291280963009,0.0032197870549924993,0.006091983462002854,0.0014269510811898577,0.09441659653872891,27331.0,21396.0,37789.0,0.07017682824143831,0.1470491383410779,0.5013354798580367,0.29345979996051397,0.10635190919309481,9.846950349420071,0.2547084201041303,0.43123715753866343,2011.5,10308,Staten Island:South Shore
10309,0.014588100686498856,0.007643656242054412,0.04969171116196287,0.011981947622679888,0.06133994406305619,0.11465484363081617,0.004799135519959318,0.013523391812865496,0.004465420798372744,0.044749555047037884,0.008025044495296212,0.22687833714721586,0.005482456140350877,0.008756038647342996,0.001732138316806509,0.09448893974065599,31464.0,23755.0,34331.0,-0.060183792748041164,0.1509026188660056,0.4805333079074498,0.31399287407465937,0.2794247346720634,9.011664124078312,-0.17836486559765324,0.04087607632636901,2011.5,10309,Staten Island:South Shore
10310,0.015184991764753145,0.01233278431687623,0.05457357490057446,0.013758888040814685,0.05786767364319287,0.1021371469891134,0.008074559113003655,0.019262443257140563,0.005443297312497489,0.027678463825171737,0.009159201381914594,0.1873217370345077,0.008536536375687943,0.011469087695336038,0.0026714337363917566,0.0822319527578034,24893.0,17841.0,28544.0,-0.2777726025550228,0.1275057245008637,0.44900172739324307,0.283967138803486,0.027174123786014956,8.213323022536457,-0.5905987317658281,-0.841197210534836,2011.5,10310,Staten Island:Port Richmond
10312,0.009648337919740686,0.006322489153005926,0.05378758462343626,0.011387233467830432,0.06536052538281026,0.13134570256444889,0.005402393935812807,0.012493035976567115,0.003688822109297182,0.04520284300980872,0.005816014721523475,0.2492867151756622,0.0021778400553745378,0.004777742136984451,0.0024479597521651782,0.09179849070619418,59233.0,46035.0,35947.0,0.0007476826478056353,0.1431718805395641,0.5039505005655631,0.28407853614583956,0.027920577596807564,9.499835395809768,0.07472548632502114,0.10339374656963435,2011.5,10312,Staten Island:South Shore
10314,0.014618319249830642,0.010547771003434712,0.046196265791944476,0.01674570066911494,0.06943107403049643,0.1331098988602465,0.006322720195861708,0.012829654983896079,0.004860888270878644,0.034519437610677314,0.009478137887593444,0.25196990765500765,0.0053184535482107415,0.00881853079949133,0.003244553784718508,0.09861423087436565,84141.0,65853.0,32599.0,-0.12520555718575846,0.14527400434984133,0.4898206581809106,0.2965792775186596,0.1333648343766933,9.728137887593444,0.19307290869709592,0.20123218588803077,2011.5,10314,Staten Island:Mid-Island
10451,0.027896240932072984,0.026830072543416135,0.03047922620356122,0.03335897999560343,0.023433721697076283,0.05459441635524291,0.025093427126841063,0.003341393712903935,0.0012969883490877116,0.021411299186634425,0.04579028357880853,0.15402286216750935,0.027951198065508904,0.01880633106177182,0.024708727192789624,0.07903934930754011,45490.0,33068.0,14315.0,-0.8130087804963084,0.05696856451967465,0.377841283798637,0.15072373705488565,-1.0925710967473026,6.729891184875797,-1.3588565727811066,-3.2644364500247174,2011.5,10451,Bronx:High Bridge and Morrisania
10452,0.02766994855538691,0.025252186060256015,0.03624628940617067,0.02259264731561203,0.012941745355881207,0.03782455103493667,0.041249714569705435,0.003163239264462921,0.0005104165267498556,0.018851831455090062,0.038905828150814656,0.16747034882939998,0.028267673172238713,0.023438864188907844,0.021343470026461066,0.08487689559295625,74449.0,52273.0,12839.0,-0.8685417887042299,0.03514486426949993,0.4084205294899864,0.08607084289311617,-1.6357912406222765,6.424273663850421,-1.516245265984409,-4.020578295310916,2011.5,10452,Bronx:High Bridge and Morrisania
10453,0.026416944498921357,0.022095835784794404,0.05121265607635484,0.03494149179577695,0.012845656010982545,0.04572138327776688,0.031195659279597304,0.0050990390272602475,0.0028240831535595217,0.022854154409361314,0.045198404915996596,0.16430018957965614,0.021612080800156894,0.019781656533960905,0.020677256978492514,0.067039288749428,76485.0,53402.0,12721.0,-0.8729673505751518,0.03981826501928483,0.42518140811923905,0.09368132992140069,-1.5713938576140851,6.650183042426619,-1.3995071551627736,-3.8438683633520103,2011.5,10453,Bronx:Central Bronx
10454,0.027100308302136094,0.033335168465095794,0.03424355868751376,0.03381689055274169,0.012043052191147326,0.038730455846729794,0.05849482492842986,0.0003578506936798062,0.0012111869632239593,0.01754844747852896,0.03473904426337811,0.15873430962343096,0.03610162959700507,0.020631468839462673,0.02689385597885928,0.06036665932613962,36328.0,25248.0,11686.5,-0.911787426268166,0.030940321515084787,0.37947313367099755,0.08154153823549787,-1.6737488816883417,6.273494274388902,-1.5939570274171984,-4.1794933353737065,2011.5,10454,Bronx:Hunts Point and Mott Haven
10455,0.030081047381546135,0.030068059019118867,0.028327618453865337,0.03363985868661679,0.010182876142975894,0.04013403990024938,0.04864141729010806,0.0014936616791354947,0.0005455112219451371,0.016871882793017455,0.04273171238570241,0.1570422901080632,0.02592477140482128,0.020080008312551953,0.025665004156275976,0.05562915627597673,38496.0,26964.0,12031.5,-0.8988008043450826,0.03678304239401496,0.35085463424771407,0.10491724320101921,-1.4775967594912127,6.006500675394847,-1.7320124594876394,-4.108410023323935,2011.5,10455,Bronx:Hunts Point and Mott Haven
10456,0.03191349934469201,0.02739783152627189,0.030906707970928156,0.037787441915882285,0.011587036816394614,0.04400691052067199,0.03440962707017753,0.0017633742404384607,0.0012033837721911115,0.01895627308471345,0.03928273561301084,0.158096032407959,0.026242106517335877,0.032199451924222564,0.025467651614440603,0.08906827117836291,83930.0,57287.0,12138.5,-0.8949139020777135,0.04220183486238532,0.3854283331347551,0.10948653843190338,-1.4389477717029315,6.562441915882283,-1.4455359775972925,-3.7793976513779373,2011.5,10456,Bronx:High Bridge and Morrisania
10457,0.029239207152099753,0.02551170450535231,0.033194624161863306,0.028437830843430184,0.015711386895659336,0.042443536054581815,0.03375338195506411,0.004146570991648042,0.0008675449947065051,0.022401776261616282,0.0392821432772615,0.14990148217856722,0.02164451241030467,0.023967768497823786,0.024776496882719677,0.07467503823079638,68008.0,46863.0,12580.0,-0.8783525704993969,0.04309787083872486,0.37269880014115986,0.1156040499725417,-1.3871785623789592,6.232700564639455,-1.6152833816080883,-3.8808145144864445,2011.5,10457,Bronx:Central Bronx
10458,0.028849928038728247,0.025565877273321994,0.032029307863404424,0.026049980374198613,0.013424048148632736,0.048514981028391996,0.04020018317414628,0.003787779667669763,0.0009158707313881983,0.01633520868768808,0.03304330760172707,0.15115138034803088,0.023838806751275678,0.01710061494177679,0.01687164725892974,0.07309302629857387,76430.0,53974.0,13332.0,-0.8501318256801313,0.042365563260499804,0.3958785817087531,0.10701853344704054,-1.459494419640805,6.138594138427319,-1.6644924098432767,-3.9741186551642134,2011.5,10458,Bronx:Bronx Park and Fordham
10459,0.03244747944847984,0.026466878343699707,0.032730198773433083,0.03458962202601018,0.011895959288417208,0.04041798964812318,0.03685137662563612,0.0022508807794354314,0.0018702970727676048,0.020127441172632772,0.03306728719933887,0.13071419251011265,0.02484667913531382,0.02241094341263973,0.025390370144839285,0.06442738462876778,45982.0,31739.0,12230.0,-0.8914108359845987,0.04841024748814754,0.35201818102735855,0.13751295651226358,-1.2037307951821918,5.835451915967118,-1.8212588795037528,-3.9164005106705435,2011.5,10459,Bronx:Hunts Point and Mott Haven
10460,0.027242335870261043,0.025588590938189062,0.03876520378405292,0.03468418806458497,0.010464826801337222,0.04743402802475283,0.03863183725727292,0.0014581406927946512,0.0003378618678426631,0.01669748915285582,0.03521765417170496,0.1568745999004197,0.025384095597126396,0.0219610214097731,0.024575005334661074,0.06507397396685397,56236.0,39132.0,12883.5,-0.8667553739483187,0.047923038622946154,0.3900081798136425,0.1228139275090738,-1.3263128785018548,6.206140194892951,-1.6291311731158729,-3.8221994255660467,2011.5,10460,Bronx:Central Bronx
10461,0.019449450071459644,0.018558793678410904,0.050177095631641085,0.021147911100064212,0.04850970401209636,0.11702810745872946,0.021624308705648417,0.010863936701257276,0.009942210899148698,0.03146295490793098,0.025373350732202406,0.22609208972845335,0.012976656517326372,0.019169825389921083,0.013608401168209782,0.10277760516994966,48279.0,38050.0,25560.5,-0.3900623350050545,0.13508979059218296,0.5094658132935646,0.26516249538305936,-0.13053826001876748,9.39419830568156,0.02036399019492175,-0.5002366048289002,2011.5,10461,Bronx:Southeast Bronx
10462,0.018012586949320966,0.017793971513746273,0.05894004637297118,0.02298774428618748,0.04187479297780722,0.09554819476647897,0.02115269956939384,0.009857568731368001,0.004306061609804571,0.02669758198078834,0.02365021530308049,0.18304074196753892,0.015077840344484929,0.02551175886054985,0.013839019542894997,0.0850612785690626,75475.0,57379.0,21056.5,-0.559505833766353,0.1133752898310699,0.47322954620735347,0.23959499130671252,-0.34529234099374007,8.12792315336204,-0.6350286664988343,-1.5398268412589275,2011.5,10462,Bronx:Southeast Bronx
10463,0.01653849082464022,0.0157542069595675,0.047765171704865605,0.022850833777507046,0.09258356811086577,0.13368613416584177,0.017924312799817252,0.0282189903297038,0.02235589735780096,0.027465164090459147,0.029741871621107134,0.1405467143836138,0.010721084291479478,0.017596893322165536,0.013835376532399298,0.09417497906038225,65665.0,51889.0,30344.0,-0.21002427334622195,0.15234904439198965,0.5028554024213813,0.3029407267085281,0.18647142084709656,9.718826619964974,0.18826886938801712,0.1647160168888917,2011.5,10463,Bronx:Kingsbridge and Riverdale
10464,0.01294820717131474,0.00818946436476317,0.04305002213368747,0.02600708277999115,0.11266046923417442,0.11155378486055777,0.0015493581230633024,0.034528552456839307,0.014940239043824702,0.022908366533864542,0.013058875608676405,0.18680832226648958,0.0,0.00796812749003984,0.0,0.10380699424524126,4518.0,3731.0,40354.5,0.16667737985643044,0.1947764497565294,0.5159362549800797,0.3801824542225661,0.8314922694056837,9.837760070827802,0.2504660200276688,1.2486356692897829,2011.5,10464,Bronx:Southeast Bronx
10465,0.015143280632411067,0.015859683794466402,0.04724555335968379,0.021640316205533597,0.05820158102766798,0.10706521739130434,0.01668725296442688,0.00891798418972332,0.003532608695652174,0.03462203557312253,0.01857707509881423,0.24498517786561264,0.014031620553359683,0.011363636363636364,0.017292490118577072,0.10550889328063241,40480.0,31572.0,29943.5,-0.22490660097171433,0.14071146245059288,0.5186017786561266,0.27137473871884454,-0.07889694234246794,9.393225049407114,0.020152287967838425,-0.2836512553463439,2011.5,10465,Bronx:Southeast Bronx
10466,0.019074057490821167,0.01909644488224232,0.052901405928181246,0.024461956359511657,0.03718545715053282,0.09627324557475897,0.03371541148025432,0.0074400764156293845,0.0017760663860780274,0.026379809557923642,0.01977552908868392,0.2054192412166801,0.01896958299752246,0.008708695262827975,0.008178860332527387,0.09583296021014298,67002.0,49249.0,19623.0,-0.613278474295958,0.11216083101996956,0.48403032745291186,0.23164601031725307,-0.41150525778631014,8.389264499567178,-0.499149395112776,-1.5239331271950443,2011.5,10466,Bronx:Northeast Bronx
10467,0.022388451995458178,0.01706337524706674,0.04492409268682451,0.024543715042684724,0.026194331132511878,0.08433912275537239,0.02520080743513184,0.006113587619327979,0.0027913284831153538,0.023445056562513143,0.027687245048151732,0.18331300727532696,0.018114723074982127,0.01720530720383532,0.012574120021868035,0.0875720173262122,95116.0,69617.0,18093.0,-0.6708236084841631,0.07754741578703898,0.44063564489675766,0.17599060098204972,-0.8799339593236166,7.505285651204845,-0.9572799112076855,-2.5080374790154654,2011.5,10467,Bronx:Bronx Park and Fordham
10468,0.02443956162463098,0.023529649650189395,0.031651456533167976,0.027465861450736692,0.024661984551716698,0.07081811196635347,0.027256918701050105,0.004468678807813111,0.0006066079829610558,0.016189693056360623,0.0325950689511074,0.1769205882749417,0.020078724236010946,0.019411455454753784,0.017113085208201338,0.08960947926074708,74183.0,53671.0,15565.0,-0.7660447250457618,0.05722335305932626,0.44239920197349797,0.12934706203821467,-1.2719823099595686,7.061506679427902,-1.1865543224728068,-3.2245813574781375,2011.5,10468,Bronx:Bronx Park and Fordham
10469,0.019742589703588144,0.01763650546021841,0.060717628705148206,0.022433697347893918,0.050140405616224654,0.11379095163806552,0.02197347893915757,0.008307332293291732,0.005608424336973479,0.0356396255850234,0.024765990639625583,0.19953198127925117,0.015865834633385336,0.00954758190327613,0.00985179407176287,0.11050702028081123,64100.0,48209.0,23413.0,-0.4706947260476221,0.12470358814352574,0.4883619344773791,0.2554290787905353,-0.21300425556064545,9.25476209048362,-0.051880241413134943,-0.7355792230214024,2011.5,10469,Bronx:Northeast Bronx
10470,0.011084067885804499,0.017727930535455863,0.043875805815024344,0.01907643731088015,0.05594658597552954,0.11659650046046573,0.014011314300749901,0.013682410209183002,0.005492698329167215,0.027825286146559665,0.01733324562557558,0.21987238521247204,0.008946191290619656,0.016741218260755163,0.00345349296145244,0.10830811735297988,15202.0,11986.0,27605.0,-0.31307366126938324,0.1319892119457966,0.4941455071701092,0.2670527018222446,-0.11551918866450864,9.064530982765426,-0.1510986495291569,-0.5796914994630488,2011.5,10470,Bronx:Northeast Bronx
10471,0.011179780926540046,0.005602452014872876,0.03266003416742036,0.007486684755300975,0.1365189428198171,0.19601045121093358,0.005401467189227214,0.05939101597829363,0.030700432117375137,0.03389106622450005,0.015978293638830268,0.13797608280574816,0.0036177268616219473,0.006104914078987037,0.004296050648176062,0.07634911064214651,19902.0,16237.0,44394.0,0.3183334997023668,0.1995528087629384,0.5348959903527284,0.3732452759133357,0.7771092179998553,11.222917294744246,0.9674091648410152,2.0628518825432374,2011.5,10471,Bronx:Kingsbridge and Riverdale
10472,0.026391912671467503,0.03346375774553537,0.032923283041273996,0.028995326035656105,0.014767900369958741,0.053956122588797714,0.0372699176347,0.0018041197874640318,0.0003197174306898284,0.023012042689889316,0.028454851331394727,0.17562382960583406,0.03512324345721115,0.0333419606290821,0.024679140721343425,0.07015513907708235,65683.0,47311.0,15381.0,-0.7729502637333219,0.054039858106359334,0.4322503539728697,0.12492972563909414,-1.3094671973941072,6.716030022989207,-1.3658712959930193,-3.448288757120449,2011.5,10472,Bronx:Southeast Bronx
10473,0.028877859449062307,0.026585148038744247,0.048876829016967785,0.02551178127361407,0.02746101531909047,0.07477502232602871,0.013421378031187745,0.003967163563921137,0.0011506491722195508,0.019741361544274232,0.028268187126468364,0.1926221062032012,0.018513429964965307,0.018264408875455107,0.010458885759428454,0.09011987360032973,58228.0,42432.0,20452.5,-0.5820706488512024,0.08887476815277873,0.41364120354468636,0.21486063069877323,-0.5534558708611683,7.575002576080237,-0.9210925133411457,-2.056619033053517,2011.5,10473,Bronx:Southeast Bronx
10474,0.04543850361743427,0.047203105699664724,0.04945297335450856,0.04579142403388036,0.01146991353449797,0.04027704252691018,0.023954473266278455,0.0007058408328921829,0.0,0.02316040232927475,0.03370389977060173,0.17046056114346214,0.04001235221457561,0.011558143638609493,0.023645667901888122,0.06634903829186518,11334.0,7707.0,10791.0,-0.9457794343824537,0.03996823716251985,0.36589024175048523,0.10943589280258717,-1.438712552820724,7.090193223928005,-1.1728869650096052,-3.5573789522127828,2011.5,10474,Bronx:Hunts Point and Mott Haven
10475,0.015008533279791184,0.019212428471037046,0.06537998192952515,0.021446139945788575,0.05732356189137637,0.11627848609577351,0.010766991265937154,0.007968577452063046,0.002334103001706656,0.04257855636984238,0.01487049493022789,0.2173476558578456,0.014832848107619718,0.017392832044975402,0.01108071478767192,0.12496235317739182,39844.0,32448.0,26707.5,-0.3467225865869621,0.11839925710270052,0.4687531372352174,0.25259801257584097,-0.23647692772470275,9.725767995181208,0.19174150098229453,-0.3914580133293703,2011.5,10475,Bronx:Northeast Bronx
11004,0.016693969888446836,0.006240736406896014,0.05487947577814182,0.014704735158748733,0.0920898666042593,0.2261876901474374,0.00444652468991341,0.03611826195491068,0.020945471565644747,0.03085264061159217,0.016615960683360638,0.19022544660269913,0.004173492472111709,0.012325454403619627,0.0010531242686637023,0.07984242140572587,12819.0,10631.0,34520.0,-0.052997113398349824,0.19931351899524144,0.5595600280833138,0.3561895130567831,0.6345286242215322,11.405589359544425,1.0610137266370154,1.6425452374601979,2011.5,11004,Queens:Southeast Queens
11005,0.009966777408637873,0.0,0.036544850498338874,0.004429678848283499,0.24473975636766332,0.27768549280177185,0.006367663344407531,0.10603543743078628,0.017718715393134,0.059800664451827246,0.004706533776301218,0.11794019933554817,0.0,0.0,0.0,0.14922480620155038,1806.0,1793.0,79336.5,1.632038810736269,0.08637873754152825,0.25692137320044295,0.33606801077766424,0.4663900421193452,15.953211517165006,3.4116277066089413,5.510056559464555,2011.5,11005,Queens:Southeast Queens
11101,0.0212336508961731,0.015380268044566447,0.046847246891651866,0.0190134022283223,0.051005167124172454,0.154791700306798,0.026501695462619088,0.010637009526885193,0.006499273373163248,0.02230340707250121,0.024180526400775067,0.15759728725980945,0.013442596479896658,0.012110447279186178,0.006438721136767318,0.06739463910867108,24772.0,19952.0,27285.5,-0.32528015700642016,0.13979492975940577,0.5014936218310996,0.2786966790169537,-0.01723175274459777,8.496043920555465,-0.445094264475083,-0.7876061742261009,2011.5,11101,Queens:Northwest Queens
11102,0.010128042108998432,0.01369133867581394,0.04512523287104119,0.015953514504539138,0.06323742496377562,0.1972232900612118,0.028121950498270102,0.018496614128988377,0.00620989443179466,0.017653842741816247,0.029171718366502057,0.15363574533518642,0.011118668125499009,0.016471005707188693,0.011562232013484343,0.06841233699027116,33817.0,27913.0,26749.5,-0.3454229478329843,0.15168406422805097,0.6001862968329539,0.2525654276441748,-0.23772318438160323,9.275002217819441,-0.04185298977543898,-0.6249991219900265,2011.5,11102,Queens:Northwest Queens
11103,0.012232929444286562,0.007220916113364508,0.05770274110625985,0.01307257085281732,0.07098199292117705,0.2139664660138993,0.03212597204639988,0.007518019996383084,0.004366135324359935,0.031195907716950425,0.020254734285788098,0.16693362957604568,0.005373705014596842,0.016263208205234195,0.010256542744206475,0.05443459839305552,38707.0,33088.0,31779.5,-0.15603616823325972,0.17628594311106519,0.6190094814891364,0.2847714371650788,0.03413238527884491,9.605542925052317,0.12924454158282705,0.007340758628412249,2011.5,11103,Queens:Northwest Queens
11104,0.008358439268131384,0.004794621206554486,0.06740024983466823,0.015008450290249099,0.06751047101183041,0.18452862076566978,0.026710265265633037,0.020243956205452274,0.004941582776104049,0.02871261665074583,0.020096994635902712,0.19068263649055772,0.002333014916599309,0.02217282680579029,0.01318980086707326,0.06460798001322654,27218.0,22897.0,30070.5,-0.2203204887940253,0.13478212947314278,0.6069512822396943,0.22207762172801665,-0.49289683817816354,9.737545006980675,0.19791782162566462,-0.5152995053465242,2011.5,11104,Queens:Northwest Queens
11105,0.010233040440975822,0.01006931179392021,0.05368935218031982,0.01554057741636195,0.07734814167985592,0.21488020520657097,0.03702996234241118,0.019115319543742838,0.00459804617147847,0.025514380832833052,0.01757354145063581,0.16967745456530042,0.012989139333078645,0.015267696337935928,0.01157015772526333,0.09252032964034274,36646.0,31456.0,32080.0,-0.14481353885250797,0.18180701850133713,0.635990285433608,0.28587387296910793,0.043118615709869225,10.46045953173607,0.5724988641040258,0.47080394096138706,2011.5,11105,Queens:Northwest Queens
11106,0.014352764236075097,0.017231096359298828,0.05078570687687999,0.01707551083912457,0.07058396431905403,0.16512809874494347,0.028640701172077586,0.017023648999066485,0.008686858209729281,0.02476402862773571,0.016090135878020953,0.15671351519551913,0.017788611139923242,0.020070532102478996,0.010164920651384711,0.07338450368219064,38564.0,32504.0,29745.0,-0.23276643183765838,0.14631521626387306,0.54292863810808,0.26953722045291906,-0.0936459012906339,9.241650243750648,-0.05893817607689494,-0.3853505092051872,2011.5,11106,Queens:Northwest Queens
11201,0.008053911900065746,0.0067061143984220905,0.026988823142669295,0.00880999342537804,0.18130615822923515,0.2813171159325005,0.006596537365768135,0.10398860398860399,0.028851632697786546,0.020578566732412887,0.01099057637519176,0.09442252903791365,0.004240631163708087,0.010935787858864782,0.006454087223317992,0.05751698444006137,45630.0,38344.0,70447.5,1.2991862243764445,0.34198991891299585,0.6748520710059172,0.5067288075369252,1.8993272860260189,13.11625027394258,1.9456125182644686,5.144126028666932,2011.5,11201,Brooklyn:Northwest Brooklyn
11203,0.01045225860259894,0.013088864376227503,0.06958755952541096,0.02054131130781027,0.03815007129597245,0.10053404718986253,0.01729936237186903,0.0065915144340714035,0.0022733998762409537,0.02665527724716834,0.017985417955823403,0.25367241518469696,0.011373725416341574,0.01722537598536415,0.0035042643062767357,0.11460491269606392,74338.0,57995.0,22272.0,-0.5136685257153406,0.11525061206919746,0.5118041916650973,0.2251639253760485,-0.4663633260788079,9.143012322096371,-0.10954825817492075,-1.0895801099690692,2011.5,11203,Brooklyn:Flatbush
11204,0.014808407022939896,0.023977957195950278,0.041125208253235936,0.021357170319108033,0.044271434063821606,0.0920158913238498,0.02945021145713187,0.008861976163014226,0.004414968601819813,0.01975522235037806,0.028706907599641163,0.20210816352684863,0.019293861335383827,0.023798539023452518,0.010624118928617199,0.06023324362424708,78030.0,56797.0,19700.5,-0.6104670901201594,0.08631295655517109,0.4432910419069589,0.194659456517238,-0.7234390571296074,7.7854671280276815,-0.8122044696268562,-2.146110616876623,2011.5,11204,Brooklyn:Borough Park
11205,0.014187491736083566,0.012270263123099298,0.025122305963242098,0.025439640354356738,0.08690995636652121,0.12681475604918685,0.018035171228348537,0.02348274494248314,0.007761470316012165,0.022874520692846755,0.018722729075763583,0.12885098505883907,0.01355282295385429,0.008832473886024065,0.01057781303715457,0.07507602803120456,37815.0,27594.0,25369.5,-0.39732492575806255,0.14760015866719556,0.49289964299881,0.29951727773854375,0.15894742103683618,8.299166997223324,-0.5464628738722566,-0.784840378593483,2011.5,11205,Brooklyn:Northwest Brooklyn
11206,0.022330778897567946,0.018067910208708078,0.027573121750486658,0.021049454204962667,0.02435748958923687,0.0738979375600621,0.03713993544094818,0.004324470837542813,0.0010041150235320208,0.016589458640317373,0.035704605376635536,0.14710593105487518,0.02289751866545105,0.021579232683636006,0.018437523100805757,0.06961658822659733,81166.0,57878.0,15096.5,-0.7836378884268416,0.074125865510189,0.4095557253036986,0.18096290873188792,-0.8384659370155303,6.3918266269127475,-1.533546199727362,-3.1556500251697335,2011.5,11206,Brooklyn:Bushwick and Williamsburg
11207,0.03188806149411482,0.020270565370253096,0.03725460223178215,0.028110191513986853,0.019167776734435395,0.048904854453737476,0.02104033367545258,0.0021127683270368834,0.002129146376083681,0.02119865481623829,0.02341515078723822,0.19213635271766427,0.022366955648243182,0.014227065271984802,0.011175288799598192,0.07606511912301006,91586.0,65395.0,15744.0,-0.7592031327425242,0.05690280173825694,0.3862599087196733,0.1473161739135771,-1.1206818332443067,6.706854759461052,-1.3704304217861605,-3.250315387772991,2011.5,11207,Brooklyn:East New York and New Lots
11208,0.019548783998464672,0.019127634847693274,0.030381379876533998,0.020961499504216823,0.014964122357155805,0.04610250450469661,0.017059206107195787,0.0027987760019618085,0.00040515614504589993,0.013402138797965691,0.02083888646032135,0.2633248392702925,0.017165826145365763,0.013343497776972205,0.00898806921772878,0.0676077662035803,93791.0,66251.0,14982.5,-0.7878718029625333,0.05620475312130162,0.3921165143777121,0.14337619317184205,-1.15427038361655,6.787962064590419,-1.3280905730161816,-3.270232759595265,2011.5,11208,Brooklyn:East New York and New Lots
11209,0.013856527057727035,0.011402691209879419,0.03923952932952758,0.012094425350964059,0.1003524203413526,0.19274625735422612,0.0107619269528747,0.026708219257878488,0.010099318459835731,0.026919380206209587,0.01631036290557465,0.18438719636511913,0.008388186637152677,0.011038620609308557,0.008337216753072757,0.08223626725694647,68668.0,56088.0,35553.5,-0.013955297321355137,0.18704491174928642,0.5222592765189026,0.3581449513400945,0.6508460863481118,10.423279402341702,0.5527229374275036,1.1896137264542603,2011.5,11209,Brooklyn:Southwest Brooklyn
11210,0.010340593291540103,0.008434046403412396,0.04500581658372649,0.014266787306921734,0.05692173463452466,0.1265995605247851,0.009201512311768887,0.013305435274348866,0.006309377625541265,0.03184579590253991,0.013111549150132488,0.2142522458476055,0.0070606863568797255,0.005461125832094616,0.002488205260776837,0.08409810637885348,61892.0,45185.0,25305.5,-0.3996055016667439,0.11045854068377173,0.48444871712014476,0.22797895523067194,-0.4437753288340214,8.699630000646287,-0.3392317266183107,-1.182612557119076,2011.5,11210,Brooklyn:Flatbush
11211,0.01602166056903747,0.016407657279674196,0.024843643361415993,0.029872788910146678,0.05768692869689748,0.15970753756475234,0.024843643361415993,0.016284585864688575,0.005532619519126416,0.018964186218239185,0.023596146745879905,0.12413989863390729,0.014276284138332271,0.011261034471184508,0.01144004743843632,0.06410901889705636,89379.0,65891.0,24572.0,-0.42753034312899707,0.14280200046990904,0.5223150851989841,0.2732829667592574,-0.0641554200067554,8.073322592555298,-0.663616400477457,-1.1553021636132095,2011.5,11211,Brooklyn:Greenpoint
11212,0.020149362300567384,0.01917341545026914,0.03971073177828427,0.033509529120799186,0.013529896707240193,0.045924057999127105,0.014905921148343921,0.0016851753067261529,0.0010001939770137237,0.030411958682896076,0.021870908297366765,0.22966272246738761,0.016124339265797004,0.008128849231366083,0.005431356384268464,0.08236748945249989,82484.0,58998.0,15205.5,-0.7795743421249994,0.056871635711168225,0.36453130304058967,0.15604405601653615,-1.047307467156305,7.024898768245962,-1.2057204785027364,-3.032602287784041,2011.5,11212,Brooklyn:Central Brooklyn
11213,0.018695527705324767,0.012389464978688213,0.04217825561422482,0.027784846364272538,0.03241300337171576,0.07957726318468095,0.01819454163750875,0.004357783574018704,0.003220624721674407,0.026552261594248998,0.017940072523697434,0.19492334117946433,0.012095235065843882,0.01195209618932502,0.006067497932438451,0.08865862968382213,62876.0,46129.0,18170.0,-0.6681145324753329,0.08558909599847318,0.41215249061645143,0.20766615673741579,-0.6135985866249107,7.442008874610343,-0.9898281333273282,-2.2715412524275718,2011.5,11213,Brooklyn:Central Brooklyn
11214,0.025023951822619645,0.03248893653907569,0.03329303344130663,0.017473424882522015,0.03346411788858981,0.09120511884666271,0.027396322824946393,0.006398558328390893,0.0048873123773894795,0.018608285049500434,0.04079223504721931,0.22633902094073635,0.0169487659108536,0.024915598339340296,0.008137916875769879,0.05557393129248597,87676.0,69868.0,21599.5,-0.5389641583863192,0.08295884848761348,0.40291527898170537,0.20586808748932134,-0.6290838599556798,7.850660385966513,-0.7786613517162694,-1.9467093700582685,2011.5,11214,Brooklyn:Southwest Brooklyn
11215,0.008672964606006446,0.009047968595410589,0.021319375738039766,0.008848498388280727,0.17966680496601029,0.27048957967637954,0.007516037404653241,0.06560974052915457,0.024327386461558104,0.01245491973318865,0.011385759422972585,0.08282800880860436,0.00894424408770306,0.008018702326620495,0.005058564452813328,0.0616203363865573,62666.0,51525.0,55229.5,0.7262472048221951,0.3288066894328663,0.703236204640475,0.46762727019110606,1.5713340285850819,11.948030032234385,1.3411379756378818,3.638719209045159,2011.5,11215,Brooklyn:Northwest Brooklyn
11216,0.02454491196657714,0.01435205908683975,0.04327066547299314,0.02352842435094002,0.0634698597433602,0.1366383169203223,0.013093106535362577,0.007460459564309161,0.004429647866308565,0.024778051327961802,0.019238660101462253,0.19186436884512087,0.012356386153387048,0.008682109817964787,0.0035996717397791707,0.09892569382273948,53616.0,43104.0,24364.5,-0.43509525217212763,0.13973440763951062,0.5152286630856461,0.2710925585703037,-0.08147618092367824,9.091367315726648,-0.13717420661320415,-0.65374563970901,2011.5,11216,Brooklyn:Central Brooklyn
11217,0.014456199014153527,0.0168487503963564,0.033538958231241534,0.015205672941108644,0.17072151278429565,0.2692917471390274,0.011861866190078119,0.05752212389380531,0.014196765731745987,0.017872070565852813,0.01758381136317777,0.09799371594938168,0.01743968176184025,0.012971664120377042,0.010780894180046697,0.06772649966850192,34691.0,28957.0,49557.5,0.512786696153673,0.3283848836874117,0.7040442766135309,0.46642478184000546,1.5607931209961605,12.321848606266755,1.5353576187012559,3.6089374358510895,2011.5,11217,Brooklyn:Northwest Brooklyn
11218,0.00981154852122594,0.008892763731473408,0.041499564080209245,0.017812353296224263,0.07514586546844612,0.1392260747099457,0.025538193280128765,0.017000871839581516,0.00838307289920193,0.018684192877741264,0.021641740996579707,0.15308832405606598,0.00864462477365703,0.020320568707665482,0.005760847696331567,0.05854067466970693,74555.0,54552.0,23411.0,-0.4709918476475977,0.12522969619743812,0.4902018643954128,0.2554652195969823,-0.21247524218690916,8.26471061632352,-0.5639439730638978,-1.2474110628984048,2011.5,11218,Brooklyn:Borough Park
11219,0.01582648831333603,0.021678023384265388,0.025604567478589944,0.019977250106640126,0.024860820964901727,0.07032232661409399,0.03972481378993536,0.006114033840466373,0.002887486464907196,0.011637445449474456,0.03885528661584399,0.1910717606011222,0.022624112699471722,0.03181156963326734,0.010385107569808268,0.048420085530849075,91429.0,58991.0,14965.5,-0.7885254163883297,0.06493563311421978,0.4153003970293889,0.15634405034463683,-1.0451865637641449,6.536831858600664,-1.458192691244577,-3.2919046713970515,2011.5,11219,Brooklyn:Borough Park
11220,0.017898836600780968,0.03683426593132322,0.02589469022986192,0.020757014612938288,0.027711243508715427,0.08361177086268669,0.07717583833179018,0.00620949237148263,0.00428223501469345,0.009792278893764342,0.04129765307354777,0.14180689183205186,0.05634334366571394,0.05073769171933497,0.03468056841512017,0.04020570830481865,99364.0,75431.0,16699.5,-0.7232938765856262,0.06928062477355984,0.4992904875005032,0.13875926131528343,-1.1928951479350007,6.881929068878064,-1.2797937950579952,-3.195982819578622,2011.5,11220,Brooklyn:Sunset Park
11221,0.029319412319580303,0.02029358177518769,0.03913346858080606,0.0331894713719004,0.026076057320807866,0.07723965938311647,0.032834123712672345,0.0033079636640866274,0.002138546821899753,0.020002842781273823,0.029545542648179976,0.186815955755986,0.019298608329349133,0.017806148160591298,0.016707800850250035,0.08622026386178915,77389.0,57481.0,17938.5,-0.6767205610609875,0.08277662200054271,0.43935184586956805,0.18825868218165842,-0.7774655524349645,7.515160423315975,-0.9525186627265496,-2.406704776222502,2011.5,11221,Brooklyn:Bushwick and Williamsburg
11222,0.008055736991073374,0.008844981493577183,0.06821521881123449,0.012097213150446331,0.09739005007620291,0.21818528195079467,0.011716198563030699,0.02201720008708905,0.006177879381667755,0.048688221206183324,0.01586653603309384,0.13655290659699543,0.006191487045504028,0.008545612889179186,0.006341171347703027,0.051015131722185934,36744.0,32668.0,37432.5,0.056467581531215276,0.2071494665795776,0.6327427607228391,0.3271959049089995,0.3883812281925702,10.218532277378621,0.4465251337772421,0.8913739435010276,2011.5,11222,Brooklyn:Greenpoint
11223,0.022215583325917547,0.025864151231232757,0.03866592085023074,0.01622786387155007,0.03583097087502066,0.09369954615374837,0.018770419903128617,0.007792934236788243,0.0038710415580783366,0.01839539288847078,0.02836221253225868,0.2420831161566723,0.016132518020365874,0.022800371213180612,0.010449905289787825,0.057449053533517244,78661.0,60539.0,21990.5,-0.5242673827966982,0.08511206315709183,0.39493522838509554,0.21552334069599538,-0.5476051767819441,7.971418492010018,-0.7161523180886786,-1.7880248776673209,2011.5,11223,Brooklyn:Southern Brooklyn
11224,0.03142462620552763,0.025027508684114005,0.05084252087423677,0.02332304904097176,0.046344041942652486,0.12385380482858314,0.01310707890137867,0.00851151049645084,0.0055988262961444695,0.02126259466223651,0.0184254244967529,0.218537616777061,0.010162031543291117,0.02202852272972448,0.007691643832660898,0.06868540853092839,46349.0,36997.0,19835.0,-0.6054186057709163,0.06873934712723037,0.3554121987529396,0.1933916572892205,-0.7335907956055219,8.770200004315086,-0.30214179942145586,-1.6411512007978941,2011.5,11224,Brooklyn:Southern Brooklyn
11225,0.013384675031721416,0.01367545467362188,0.04515014803327224,0.020266459890032423,0.047846468349076555,0.11564218243338503,0.021420766953334273,0.008309248554913294,0.00303115747920485,0.023835119131538136,0.01579902720992528,0.20364267587762583,0.01236254053291978,0.01384287325532215,0.004899196390807839,0.11194135062737912,56744.0,44415.0,21618.5,-0.5382122113436265,0.10939482588467503,0.5126621316791202,0.21343499695663676,-0.5662285614018342,8.64354821655153,-0.3678974445300259,-1.4723382172754866,2011.5,11225,Brooklyn:Flatbush
11226,0.015786746903924516,0.013953511542408512,0.03627614103956401,0.02273610377706264,0.031727923960585436,0.08508603253992766,0.01980193087507099,0.005579411969831322,0.002032500074724267,0.02610367743028226,0.02302503761121462,0.22610068845958414,0.011990754117307136,0.013500184319859717,0.006844742898703782,0.10115673166017396,100369.0,76619.0,19424.0,-0.6208376828042452,0.08685450686965099,0.4949984556984726,0.17546522354231708,-0.884406708781649,7.937602745867748,-0.7332857784245166,-2.238530170010411,2011.5,11226,Brooklyn:Flatbush
11228,0.015189021605902568,0.019635175082313924,0.04318777187627677,0.012929894974644909,0.05566103487226322,0.11258381600134587,0.03409118219615949,0.018325362301425174,0.005731932995265447,0.02060852219471749,0.03149558989641664,0.24896056141700112,0.012280996899709198,0.01860174481482372,0.011716215241894782,0.0764377899012233,41609.0,33141.0,28933.0,-0.2631229576169596,0.13250739022807564,0.4743565094090221,0.27931938600862216,-0.011805381117895138,9.17215626426975,-0.09462974748009167,-0.36955808621494646,2011.5,11228,Brooklyn:Southwest Brooklyn
11229,0.01450065826593944,0.01259482164127641,0.05296846592690113,0.011560403736442857,0.05930662654379036,0.1512256284872422,0.015572691367312394,0.015522537771926524,0.007880383675004703,0.02828662779763024,0.020826280483982197,0.19963011723402924,0.01295843520782396,0.019490941006833427,0.007566923703843019,0.0601905836624663,79755.0,62881.0,25903.5,-0.37705089185413154,0.1246630305310012,0.45286188953670614,0.27522381893428083,-0.046537060902154356,8.997276032850603,-0.18555088281571197,-0.6091388355719979,2011.5,11229,Brooklyn:Southern Brooklyn
11230,0.015421011636963928,0.011596275241516409,0.04722793801369465,0.011073135005057022,0.060015810460479664,0.13973075715830224,0.01789139608691103,0.018222718236668642,0.009840849114730467,0.022808914309629266,0.013316825352538392,0.1551808321417361,0.006742696381032098,0.016042967251421198,0.005946360687755031,0.06394517490321906,86019.0,63163.0,22211.5,-0.515953467228929,0.09324684081423872,0.4234587707366977,0.220221434584967,-0.5084972786805183,8.164585731059418,-0.6155693331795385,-1.6400200790889858,2011.5,11230,Brooklyn:Borough Park
11231,0.0114681656947033,0.015135573859195575,0.033021703841760355,0.016969277941441714,0.13016292911681598,0.24963927132808272,0.01590212228701978,0.043377622798052066,0.00988997775506523,0.017735826369265916,0.015601515060422053,0.10829375338183131,0.011272770997414777,0.010746708350868755,0.011934106895929778,0.05897913785847412,33266.0,26714.0,45407.5,0.35652216231312156,0.26249023026513557,0.6002525100703421,0.43729737685275605,1.316096471990161,10.872001442914687,0.7851453188070038,2.4577639531102866,2011.5,11231,Brooklyn:Northwest Brooklyn
11232,0.02169168325930464,0.02515699188237096,0.03245137080716802,0.02791392249961709,0.03953515086536989,0.09689462398529637,0.0636774391177822,0.009515239699800889,0.008289937203247052,0.025922805942717106,0.040166947465155464,0.17225072752335732,0.03178128350436514,0.024965538367284424,0.015239699800888344,0.0690572828917139,26116.0,19859.0,18091.5,-0.6709872985460821,0.09490350742839639,0.5389990810231275,0.17592869238496942,-0.8809030655883283,8.139263286873948,-0.6295783347546491,-2.1814686988890593,2011.5,11232,Brooklyn:Sunset Park
11233,0.02724671904091549,0.01790714923633501,0.045146299744183584,0.03386918547447134,0.026838018255301757,0.080635151294976,0.013025445408170988,0.006607329367422006,0.002641418040355418,0.02053343021055659,0.017021630867505258,0.2042898445423308,0.01343414619378472,0.009831524453930339,0.011875028381999001,0.09064075200944552,66063.0,47886.0,19495.0,-0.6182295049016833,0.09614307554909707,0.421854896084041,0.2278597112223358,-0.4445446126310113,7.703627597898976,-0.8548326481012715,-1.9176067656339661,2011.5,11233,Brooklyn:Central Brooklyn
11234,0.011276522929500342,0.008493041295916038,0.07180584074834588,0.016849190052475475,0.06630161989504905,0.13378393794204885,0.00920602327173169,0.014641797855350216,0.0055099247091033535,0.03270020533880903,0.012668263746292494,0.20958818161076886,0.005635409536846908,0.008886607346566279,0.004295003422313484,0.10321127081907369,87660.0,67542.0,28794.0,-0.2682799958814889,0.1504334930412959,0.5255418663016199,0.2862893591435952,0.04637850488388831,9.602156057494867,0.12801141550646836,-0.09389007549113221,2011.5,11234,Brooklyn:Canarsie and Flatlands
11235,0.011345697234165435,0.01122376949239556,0.0673490342039402,0.010408778797407432,0.06171468908425849,0.20388243598793557,0.008111403452480268,0.020971571584418917,0.010428030546107938,0.016428158891099276,0.01295000962587435,0.17417698774305335,0.006590515305140217,0.013989604055701727,0.005217223897837387,0.059494320734133355,77915.0,64955.0,27558.0,-0.3147043050112142,0.13684784701277034,0.42190207277161007,0.3243290787932434,0.36571780373532636,9.534219983315152,0.09259087268297078,0.14360437140708296,2011.5,11235,Brooklyn:Southern Brooklyn
11236,0.014954865460199543,0.010041895218762146,0.06428432600526929,0.015716105904202478,0.05004751004189522,0.10870621517729884,0.013184036625923207,0.006111519025612232,0.0019219971493974863,0.026891763486373257,0.014944067723405174,0.21159784909083057,0.008697576987863345,0.010193063533883297,0.004491858506457046,0.10503498466721375,92612.0,70258.0,24503.5,-0.4296684780248343,0.13977130393469528,0.516849868267611,0.27043686554249413,-0.08616257994637273,8.666576685526714,-0.35641326274656504,-0.8722443207177721,2011.5,11236,Brooklyn:Canarsie and Flatlands
11237,0.023095772922197264,0.03574637533183582,0.02737390238921789,0.025995507453542985,0.02451500918929957,0.0679906064937717,0.11012865019399633,0.004655911782724117,0.0006330406371247702,0.01522360628956504,0.037380028588931996,0.13413314274045335,0.030978149887686338,0.02405554421074127,0.04300592199305697,0.04729426179293445,48970.0,36938.0,15482.5,-0.7691566601581338,0.06510108229528283,0.5434347559730447,0.11972219266678336,-1.3535991393375695,6.625724933632836,-1.4125170956235689,-3.535272895119272,2011.5,11237,Brooklyn:Bushwick and Williamsburg
11238,0.014116812978293054,0.009967262339178848,0.04014012552911984,0.017401005067039222,0.13116958942385887,0.24337427278603746,0.010384302604416456,0.03931647100527556,0.014043830931876472,0.02023687887065496,0.008330379298121233,0.12394436682861731,0.0074337427278603745,0.010248764518214234,0.004994057176220364,0.09105031590800092,47957.0,40418.0,38018.5,0.07847736872951303,0.2639239318556207,0.6598202556456826,0.3998179839484255,1.0002177314653848,11.374304064057384,1.0443384381536838,2.1230335383485817,2011.5,11238,Brooklyn:Central Brooklyn
11239,0.013669662412204516,0.008307529642776226,0.058341514991314854,0.021826146061475718,0.05109130730307379,0.08530322483196134,0.007778868665508648,0.008685144626538781,0.003700626840873046,0.01771014273846386,0.018616418699493997,0.21580696322030057,0.008420814137904992,0.024129597462427307,0.004984517785665735,0.1051280114794955,13241.0,10628.0,17872.5,-0.6792611113202813,0.10486368099086171,0.3236538025828865,0.3239375577485294,0.36268425063751497,8.27681066384714,-0.5579320335228076,-0.8745088942055739,2011.5,11239,Brooklyn:Canarsie and Flatlands
11354,0.020358367562271544,0.022308474959490524,0.05043900968459132,0.011936164600369295,0.04632211629046237,0.16755850322191657,0.02685872555300147,0.012981874364095414,0.004559671402193164,0.024352790443531672,0.02636884350152617,0.23997625956212082,0.02573764931981761,0.024352790443531676,0.01112597505369861,0.07718468553340618,53074.0,44794.0,23895.0,-0.45252256337322394,0.11691223574631646,0.5212062403436711,0.22419458477248436,-0.47553754716880303,9.931534272901985,0.29748951482182373,-0.6305705957202032,2011.5,11354,Queens:North Queens
11355,0.01793742974896965,0.02597531847133758,0.05786928624953166,0.01563085425252904,0.04866640127388535,0.13676704758336455,0.03427079430498314,0.012492974896965155,0.006018171599850131,0.014641485575121769,0.02641438741101536,0.19167408205320347,0.031173894717122515,0.03309408954664668,0.010221524915698763,0.05761755339078306,85408.0,70856.0,21288.0,-0.5505792009924998,0.09833973398276508,0.5031203165979767,0.19545382096857564,-0.7165070348920501,8.784446421880855,-0.2950226208476372,-1.562108856732187,2011.5,11355,Queens:North Queens
11356,0.008966312283847828,0.020921395328978267,0.04506639340762564,0.019320268135434013,0.03398659322829939,0.12582724904999787,0.01502924725673541,0.008795525383203108,0.0017505657316083858,0.0189146492464028,0.013705648776738823,0.20778361299688314,0.02724051065283293,0.020409034627044104,0.008731480295461337,0.08114512616882286,23421.0,18138.0,26957.5,-0.3371687371509643,0.0982238162332949,0.49547414713291493,0.19835280264378136,-0.6914856411655559,8.232067375432305,-0.5809786431414137,-1.6096330214579337,2011.5,11356,Queens:North Queens
11357,0.00846080429231047,0.010163283204787578,0.052570485206490054,0.011736786442077023,0.07089792865065649,0.15820156318518327,0.019978332086568473,0.026001496117832177,0.005868393221038512,0.03034797637165631,0.019849356411380817,0.212113395413625,0.008409214022235406,0.012226894007790132,0.005339592952769107,0.0970412980111951,38767.0,31586.0,35254.5,-0.02529602027950227,0.15753088967420742,0.4914489127350582,0.3205193911167512,0.33395149616887987,10.00177986431759,0.33474698338223063,0.6434024592716083,2011.5,11357,Queens:North Queens
11358,0.011325436209380504,0.019035803852515874,0.053519022464116106,0.01220585881222987,0.08426711488180993,0.1736967077530548,0.02335787844832186,0.015700869750813723,0.006016221119470679,0.02337121818472867,0.017034843391494584,0.188250360172883,0.017194920228376286,0.012912864841790727,0.007670348433914946,0.09315137932874447,37482.0,30611.0,30763.5,-0.1942872580874555,0.14518969105170482,0.5192892588442453,0.27949820841657946,-0.01066128436197029,10.101495384451205,0.3858004248016491,0.18085188235222327,2011.5,11358,Queens:North Queens
11360,0.01568793724825101,0.007313970744117024,0.049422302310790756,0.009036463854144583,0.1079870680517278,0.24605151579393683,0.006359974560101759,0.0508002967988128,0.013408946364214544,0.03829234683061268,0.011023955904176383,0.17691329234683062,0.0044519821920712315,0.0049819800720797116,0.001828492686029256,0.1021570913716345,18868.0,16034.0,42340.0,0.24156622037429942,0.1996767012931948,0.5258903964384143,0.3796907948986078,0.8319545486456869,12.193515475938096,1.4694350307044644,2.5429557997244507,2011.5,11360,Queens:North Queens
11361,0.007392138744757979,0.010892742909943848,0.04392636292558107,0.01316724713910015,0.08662662591513257,0.18647380766223615,0.014162342739356031,0.020044068519439903,0.009346790816689175,0.023366977041722935,0.01782287298315445,0.17997014713199233,0.011656834174426043,0.01617030350415808,0.0067524344303077685,0.09558248631743549,28138.0,22818.0,32570.5,-0.12619794048860708,0.16898855640059707,0.5289110811002914,0.31948087052568297,0.3256461783037934,10.074454474376289,0.3718718985195465,0.5713201363347329,2011.5,11361,Queens:Northeast Queens
11362,0.00395088397475982,0.007589108066624979,0.03490421238133136,0.009436643738275255,0.10326303223239156,0.23506338468535048,0.010772554147006994,0.0403615485191291,0.01284747882439884,0.027570916946165654,0.009351372861122163,0.1541413222670684,0.0068216701722471716,0.010914672275595476,0.003069751577511227,0.10152919106361208,17591.0,14328.0,38442.0,0.09461418978390568,0.1960945938263885,0.52060712864533,0.37675828419747176,0.8077343883315848,11.025211756011597,0.864046273085127,1.7663948512006176,2011.5,11362,Queens:Northeast Queens
11363,0.0,0.0016456783056668575,0.04486262163709216,0.006081854607899256,0.10203205495134515,0.2660990269032627,0.015311963365769891,0.0407842014882656,0.020535203205495137,0.028119633657698914,0.00472238122495707,0.12085002862049227,0.0016456783056668575,0.002647395535203206,0.0,0.07033485975958786,6988.0,5586.0,48132.0,0.45943583618350814,0.21637092157985116,0.5575271894676588,0.38826987079710973,0.9048987115028626,10.779979965655409,0.7363556633246877,2.1006902110110586,2011.5,11363,Queens:Northeast Queens
11364,0.0038857474264172827,0.005219660722053066,0.049354791938524,0.011584746991445558,0.09853559518631289,0.18787878787878787,0.013411628244164128,0.02103813252138611,0.00929389589676671,0.028940118892272004,0.011483253588516746,0.18399304045237058,0.0046976946498477595,0.008583442076265043,0.0036247643903146295,0.09711468754530955,34485.0,27827.0,32837.5,-0.11623544867666823,0.16942148760330578,0.5138031027983181,0.32979244364983484,0.41216545315414665,10.308460200086994,0.49332348708409285,0.7892534915615712,2011.5,11364,Queens:Northeast Queens
11365,0.012711864406779662,0.013140354218244145,0.06903446962483337,0.012771376880594171,0.06705865549419159,0.16156446391163587,0.01585412302418587,0.01766330222814702,0.009212530946486382,0.017889449628642164,0.00986716815844601,0.15433964959055418,0.011497809940963626,0.015473243191772994,0.0060583698343172725,0.09058988764044944,42008.0,33320.0,26859.0,-0.34086687991590703,0.11181203580270424,0.46313797371929155,0.24144969140811426,-0.32997724362099257,9.208960198057515,-0.07554290257041485,-0.7463870261073144,2011.5,11365,Queens:Central Queens
11366,0.011190957406991543,0.008795568530578637,0.048094917284227864,0.0076727299947600865,0.09660154203158919,0.2054045961524066,0.008907852384160492,0.01886368740175163,0.015532599745489931,0.024927015495171796,0.013212066771464932,0.15300546448087432,0.005988472191032263,0.017216857549217757,0.008496144921027023,0.07859869750729845,13359.0,10735.0,31625.0,-0.16183640409777791,0.16561868403323604,0.5008982708286549,0.3311131353763185,0.4227835990502185,10.026012426079797,0.34895876489806654,0.6099059598505072,2011.5,11366,Queens:Central Queens
11367,0.012102497696541075,0.008690888263565507,0.04854695320865603,0.011517294618621908,0.07338695619692706,0.16277361356675052,0.005217023184002789,0.02639639415294967,0.0073835196852354516,0.018166197674129043,0.007508030978409743,0.15162985282765146,0.005540752546255945,0.013322708369649126,0.005017805114923924,0.07880319745000872,40157.0,30678.0,26455.0,-0.35641985096321094,0.12731279727071246,0.4404711507333715,0.2889679394200101,0.0686266035242404,8.798858231441592,-0.28799317168456584,-0.5757864191235365,2011.5,11367,Queens:Central Queens
11368,0.02249837034860768,0.023333853597627595,0.030329878166343797,0.017159540576024385,0.011862025909161855,0.0557065342134981,0.07461508093170155,0.005242427859234844,0.0017490061421790506,0.01809601630569506,0.03156015020336213,0.18341611656368495,0.02364142160688218,0.02338894040525528,0.021561894618937007,0.06341409671407192,108919.0,81523.0,16236.5,-0.740772657700562,0.04675033740669672,0.5337314885373534,0.08758708208219704,-1.6229835966881456,6.516406687538445,-1.4687981581955825,-3.8325544125842903,2011.5,11368,Queens:West Queens
11369,0.0224811770026871,0.016960651289009497,0.03901614920052146,0.016534972197834355,0.029518184478676136,0.08600047888897758,0.050323250059861116,0.007249847021576609,0.001875648495490462,0.023093090696251366,0.019621145608854126,0.23651794503418735,0.019687657966850243,0.020765158166387316,0.020791763109585762,0.08405831803549099,37587.0,28715.0,20067.0,-0.596650030235542,0.07283103200574667,0.5643839625402399,0.12902371759796544,-1.2749481921618386,8.117427568042142,-0.6404012800180543,-2.511999502415435,2011.5,11369,Queens:West Queens
11370,0.057362983715636494,0.04911574155139205,0.05282787602871651,0.0604272456662581,0.03475748555419367,0.11498861845561198,0.03687620381719489,0.01350026265102434,0.005253020486779898,0.01973384696200315,0.02313080021012082,0.25827350726667836,0.027035545438627212,0.0344247942566976,0.019383645596217823,0.07891787777972334,28555.0,22506.0,18595.5,-0.6519115051548445,0.08914375766065488,0.49800385221502363,0.1793650597328923,-0.8528320768594421,10.439712834880057,0.5617378492478108,-0.9430057327664759,2011.5,11370,Queens:West Queens
11372,0.018431337045252214,0.01914806934950885,0.04841338101489294,0.02012131637318365,0.04925082612828754,0.1337799707271438,0.0420910476362923,0.011663875182955351,0.00794441175139197,0.028578757563411945,0.020807870475155796,0.17836826460247762,0.014364824287417198,0.01561721968222353,0.021577414633410286,0.06655048058787139,66273.0,53635.0,24114.0,-0.44438395320031104,0.09813196927859008,0.5473194211820802,0.1793018139773613,-0.8522313333382145,8.641298115371267,-0.36896624464570527,-1.6655815311842308,2011.5,11372,Queens:West Queens
11373,0.019140442687904033,0.02613129698221503,0.049377873548950874,0.015987607121932812,0.030048757236626516,0.12573111029462875,0.04860331866975165,0.008381081000566021,0.004001866875862686,0.021906000814275642,0.02409560787662731,0.17835119112638154,0.020093741000764623,0.0260270299792459,0.017074963010039423,0.060728081586447276,100703.0,80529.0,20341.5,-0.5862733572782501,0.07869179666941402,0.5040117970666216,0.15613047752948178,-1.0468872846580792,8.01649156430295,-0.6926053196773216,-2.3257659616136515,2011.5,11373,Queens:West Queens
11374,0.006267361509676531,0.0033862118046787118,0.07098418237333272,0.012018182235588513,0.09607658578020616,0.2285406001056039,0.005716384673661012,0.03388507541495443,0.012339585389930898,0.022429348699465092,0.011122844877063293,0.1457104157579375,0.0025827039188227457,0.00914851121467435,0.003443605225096995,0.0792488349135655,43559.0,36613.0,34155.5,-0.06661811897405212,0.1861727771528272,0.5214766179205217,0.3570178937770686,0.6413271395487423,10.675928051608164,0.6838245934073209,1.2585336139820111,2011.5,11374,Queens:West Central Queens
11375,0.006437862541747231,0.0052147418995722745,0.05014794632917326,0.008210288861545673,0.14788773656764514,0.23620144137809806,0.005068260385539345,0.04380529677154743,0.01987754145426847,0.024638190660338666,0.014699419933204429,0.14029267006503782,0.002204546786195582,0.007983242514794632,0.004218667604148357,0.07250834944629989,68268.0,57497.0,44268.5,0.31380331709745274,0.23085486611589617,0.5509975391105643,0.41900583939063346,1.1616463313536547,11.625977764106171,1.1751483134527811,2.6505979619038884,2011.5,11375,Queens:West Central Queens
11377,0.01970638878329122,0.014322771081643149,0.05956640354211856,0.026867774324112793,0.04551756524072542,0.14257362642277333,0.030971175562959818,0.008150897828663432,0.004567409825801114,0.02401104675864845,0.02551488181757195,0.17723450882175362,0.012919564390974754,0.024463874415796418,0.013841991099979873,0.06758313021310852,89438.0,72160.0,23923.5,-0.4515907535130308,0.10552561551018583,0.5396587580223171,0.19554870228367563,-0.7163434137070437,8.675887206780116,-0.3510435512402619,-1.5189777184603364,2011.5,11377,Queens:West Queens
11378,0.015024176836288282,0.014290237163251208,0.05442666359659222,0.02309751323969606,0.031760879576329726,0.10246373474556758,0.013441169698365184,0.00826041906516233,0.00405825466267557,0.03252360119732904,0.018880957863228184,0.24338015196868523,0.01693817637577711,0.010203200552613402,0.006893276536956022,0.07774004144600508,34744.0,27343.0,26859.5,-0.34115947043586364,0.0939442781487451,0.48265887635275156,0.19468643886886577,-0.7230316931959452,8.519363055491596,-0.4313731161204064,-1.495564279752215,2011.5,11378,Queens:West Queens
11379,0.017144349036899514,0.012589928057553958,0.04357159433743328,0.01914597354374565,0.06451612903225806,0.1281039684381527,0.02088651659317707,0.01227082849849153,0.005424692504061267,0.045239614759805064,0.02072696681364586,0.25285739150614994,0.007194244604316547,0.015070201902993734,0.010515780923648178,0.08163146901833372,34472.0,28095.0,31673.5,-0.15997982355185167,0.13199118124854953,0.5136197493618009,0.2570458478633916,-0.1983356146095115,9.728692852169875,0.19283581008311063,-0.1654796280782525,2011.5,11379,Queens:West Central Queens
11385,0.01802089997867349,0.018518518518518517,0.04193197859224731,0.01308025876164072,0.0326041698402543,0.08656023723202226,0.034777442646924416,0.004849241893387767,0.0028790786948176585,0.05748509683250566,0.024865693771643868,0.23511968233657293,0.015390630553778345,0.012318597731265677,0.010328123571885568,0.05429119824513298,98469.0,75955.0,22918.0,-0.48935060770635774,0.08740821984583981,0.5038438493332927,0.17348810381809082,-0.9013427735993378,8.055007159613686,-0.6726447341877262,-2.063338115493422,2011.5,11385,Queens:West Central Queens
11411,0.014186309941205028,0.0064728410378121805,0.06648147149252925,0.021980689357570526,0.07279249150439614,0.14358919035546686,0.013997518744268838,0.009169858136900588,0.004719779923404714,0.03632882032472086,0.008846216085009979,0.21980689357570526,0.006688602405739252,0.007875289929338152,0.004342197529532337,0.12042181347429742,18539.0,14746.0,31052.0,-0.18344178670902733,0.14644802848050056,0.5655375155078484,0.25921232365324043,-0.1812295690976679,10.162818922271967,0.41925761299852193,0.05458625719182668,2011.5,11411,Queens:Southeast Queens
11412,0.01769707450641303,0.009122351923908343,0.0835422971609742,0.021717826776192536,0.04186482202046404,0.11301340250756593,0.013143104193687851,0.002622856319354374,0.0013834846519671423,0.03481769707450641,0.011226401498775039,0.19912091079406255,0.009886150742181871,0.010203199308257674,0.005663640293990488,0.12833261276841043,34695.0,26602.0,25734.0,-0.3834837139654139,0.11651534803285776,0.5313013402507566,0.2193283797304954,-0.5147772526813631,9.12001729355815,-0.12143329776753208,-1.0196942644143092,2011.5,11412,Queens:Jamaica
11413,0.015996166101080227,0.0122011242649535,0.06895837111105355,0.023961868248581715,0.05060487526876149,0.11293163743750485,0.0072274175582208635,0.008535606040981272,0.0035878040566795326,0.04384374271429682,0.01103541175556304,0.19199285029660906,0.010374841333575111,0.007551226588607103,0.004339041007175607,0.11407144522446443,38603.0,29720.0,27899.0,-0.30209707462960245,0.12300857446312463,0.5291298603735461,0.23249913454374596,-0.40528531388676764,9.070493225915083,-0.1468298225407525,-0.8542122110571226,2011.5,11413,Queens:Southeast Queens
11414,0.01760159179612765,0.02064360603045841,0.057147776842427486,0.02546491160939772,0.04585979949491084,0.12108747225836075,0.017046759011249715,0.010809673222621871,0.007327619193387924,0.04186117701079054,0.014827427871737965,0.30238386775847553,0.017792913446085558,0.013717762301982092,0.011574959822453509,0.086018213821076,26134.0,21473.0,33433.0,-0.09379246111341041,0.13863166755950104,0.5052422132088468,0.27441800220183754,-0.05247809285105343,10.280123593785873,0.47851736334997913,0.33224680938551526,2011.5,11414,Queens:Southwest Queens
11415,0.010200911350455675,0.01209092792046396,0.06824772162386081,0.00856980115990058,0.10858533554266778,0.16914353769676888,0.012142709196354597,0.02472555923777962,0.01234983429991715,0.02343102734051367,0.012246271748135874,0.1491559652029826,0.00885459817729909,0.008699254349627174,0.009708989229494615,0.08852009113504558,19312.0,15869.0,33193.0,-0.10308689643842307,0.17729908864954433,0.5464478044739023,0.32449949114839427,0.36824602336032974,10.12744666528583,0.39915151974716706,0.6643106466690738,2011.5,11415,Queens:Southwest Queens
11416,0.015759312320916905,0.018342144557891765,0.05367448242463376,0.02500100891884257,0.021308365955042576,0.07913959401105775,0.02653456555954639,0.008676702046087413,0.00468138342951693,0.02677670608176278,0.01872553371806772,0.20089591993220066,0.014225755680213083,0.02144961459300214,0.008979377698857904,0.06438920053270915,24779.0,18374.0,19887.5,-0.6034085291188358,0.08367972880261512,0.46172161911295856,0.18118381737285852,-0.8376778097047075,7.331228056015174,-1.047649698945363,-2.4887360377689065,2011.5,11416,Queens:Southwest Queens
11417,0.01948119235950399,0.01632067976926531,0.053970501882491105,0.015457151739145454,0.03293495906877138,0.08581741563331147,0.02274532831335705,0.007409070498428379,0.001467997651203758,0.031225173569134054,0.014179130254568063,0.25026769368933716,0.01511174052709751,0.01725329004179476,0.014351835860592035,0.07315809471175434,28951.0,22072.0,23287.0,-0.4755092718073751,0.0807226002556043,0.5115712756036062,0.1578218336893767,-1.0320037258112544,8.207790749887742,-0.5935379666773337,-2.1010509642959634,2011.5,11417,Queens:Southwest Queens
11418,0.019529398645069557,0.022191864841506592,0.04572193258802866,0.022777328612450864,0.046265577518191194,0.11008112855111657,0.02999804845409685,0.010008642560428226,0.0039030918062951296,0.021271850344308455,0.024812512197161893,0.2044383729683013,0.017814826173018484,0.009897125651676936,0.012991719869525218,0.07029747135409406,35869.0,27097.0,22305.0,-0.5123865374890477,0.09824639660988597,0.5277258914382894,0.18616392169323376,-0.794248369051296,8.382224204745043,-0.5034701237662238,-1.8101050303065676,2011.5,11418,Queens:Southwest Queens
11419,0.013400903288734336,0.021235766841245944,0.029240262080956723,0.025858230317423295,0.021765865863743347,0.08693623968957401,0.040817624732299995,0.003191196115434363,0.0006467208074468311,0.015584911261423633,0.03178473738894426,0.2598227348868769,0.015637921163673373,0.020673861877398697,0.0163058459320201,0.055225716163779394,47161.0,35883.0,18865.5,-0.6417976643286631,0.06537181145437967,0.5089798774411061,0.12843840317317157,-1.2796942002103457,7.614077309641441,-0.9008990011547624,-2.8223908656937713,2011.5,11419,Queens:Southwest Queens
11420,0.01509331646256044,0.015737267838582855,0.04598038772651272,0.026255140313615616,0.028943919743323242,0.09371187130010394,0.031463238284603914,0.006089294590808441,0.0017510958470784942,0.02444755750372814,0.01858421076415563,0.2572077364544263,0.01430249898323467,0.017985448958380404,0.017623932396402912,0.07878801572597044,44258.0,33619.0,22963.5,-0.4876189380422443,0.09651362465542952,0.543799990962086,0.1773995505850952,-0.8690435672012129,8.35746079804781,-0.5162712493667627,-1.8729337546102203,2011.5,11420,Queens:Southwest Queens
11421,0.021913674951416592,0.016032525314513657,0.05045003579830214,0.022169377109542802,0.03843203436637005,0.10482509972384167,0.026682520200470492,0.004883911220210698,0.0024803109338242812,0.027232279840441853,0.021108213153319014,0.2048302137670042,0.014945791142477242,0.017630663802802496,0.01016416078551703,0.08522552930346733,39108.0,29790.0,21819.0,-0.5307690884533096,0.09624629231870717,0.5165055743070471,0.18633663964364566,-0.7930401724295137,8.260144983123658,-0.5668289118000958,-1.8906381726829191,2011.5,11421,Queens:Southwest Queens
11422,0.010597334210959354,0.008178377488892545,0.06391311502386046,0.013411222642751356,0.04962975152213263,0.1375514233997038,0.010317590916570677,0.01220997202567056,0.003883495145631068,0.03174263616916241,0.01007075859799243,0.17660029619878231,0.008096100049366464,0.013526411058087873,0.0029455323350337337,0.1180845812078328,30385.0,23016.0,28566.0,-0.2767732591055897,0.14025012341615928,0.565854862596676,0.24777400880713885,-0.27744122241166685,8.917376995227908,-0.22715956611792398,-0.7813740476351805,2011.5,11422,Queens:Southeast Queens
11423,0.017513933457186284,0.01661881438946124,0.045735517649045765,0.02646512413443675,0.03859145414625908,0.11866238811011653,0.026938017226819794,0.019540618138827903,0.006688059449417328,0.02896470190846141,0.0282046951528458,0.20300624894443509,0.013528120249957778,0.021178854923154872,0.010741428812700557,0.10408714744131059,29605.0,23225.0,25830.0,-0.3800307227515912,0.11533524742442156,0.5381861172099307,0.21448237846402052,-0.5556041063572454,9.056130721161967,-0.15464680316881046,-1.0902816322776472,2011.5,11423,Queens:Jamaica
11426,0.008135670906382491,0.008880485848516098,0.0625931018677667,0.013865016615102555,0.07307780451472443,0.17448722355906954,0.009739887704824108,0.012747794201902144,0.008823192391428899,0.025065887475650278,0.010828463389480921,0.21871777243038845,0.0019766242695084223,0.012260799816660938,0.0014036896986364157,0.0977426377907643,17454.0,13954.0,30337.5,-0.2102947462601976,0.18133379168099004,0.557980978572247,0.3249844573462764,0.37216121585543427,10.093660478973302,0.3822145974482467,0.5440810670434834,2011.5,11426,Queens:Southeast Queens
11427,0.019557860501911835,0.009932756120072078,0.051311914912319255,0.01894255702544719,0.05667384520722542,0.17874565991297853,0.010635960093174527,0.01714059684437217,0.004460950204368655,0.03483057179273063,0.018085527183228586,0.20588493824990112,0.008987825781215663,0.017492198830923393,0.004373049707730848,0.08787852151364656,22753.0,18014.0,29166.0,-0.2543826890409533,0.1326198743022898,0.5678152331560673,0.23359498533191936,-0.3963995077180785,9.880828901683294,0.27182883232152993,-0.3789533644375019,2011.5,11427,Queens:Southeast Queens
11428,0.01697216564833673,0.007337197764896339,0.05086427489686146,0.017755496370567656,0.05036816543944854,0.14107786307378975,0.02438769648545616,0.006423311922293593,0.0009922189148258394,0.026241579194736016,0.018434382996501124,0.22774035197660453,0.011306073424199696,0.01430884119275158,0.00796386234268108,0.09384302052326493,19149.0,14892.0,25808.0,-0.38042533575418214,0.12781346284401274,0.587106376312079,0.21787899323054816,-0.5286786619601961,9.170622486813933,-0.0949593669508168,-1.004063364665195,2011.5,11428,Queens:Southeast Queens
11429,0.018667628089572567,0.01414092857428995,0.0708648800224332,0.018527420582462043,0.041801866762808955,0.10539598605936787,0.016143892961583143,0.007631294315587069,0.0014421343588510997,0.0406401474181789,0.01972919921483796,0.24616432319833353,0.011797460241156913,0.012818972078676442,0.005147618475343508,0.13173496775227336,24963.0,19361.0,23311.5,-0.47449134156194783,0.12194047189840965,0.573568881945279,0.21271001641475198,-0.5717192293560331,9.713936626206788,0.18604503806218498,-0.8601655328557961,2011.5,11429,Queens:Southeast Queens
11432,0.017583312674859228,0.011615964868789179,0.05931047915855084,0.014971491305733612,0.0660392392959592,0.14485426922123457,0.031828806176293516,0.019734745192477955,0.005878811488472572,0.019956085986471653,0.027942061833764208,0.15963983426001344,0.012439352622445728,0.01599851258986436,0.013997591812161349,0.05776109360059496,56474.0,44037.0,23608.0,-0.463346575149007,0.11097142047667953,0.5006020469596628,0.2216619764029914,-0.4964233877657664,8.744572723731274,-0.3164097310869841,-1.2761796940017576,2011.5,11432,Queens:Jamaica
11433,0.019540050062578224,0.016270337922403004,0.03737484355444305,0.027112015018773465,0.026032540675844804,0.06667709637046308,0.01803817271589487,0.0034730913642052564,0.0029411764705882353,0.02182415519399249,0.02365456821026283,0.17589173967459323,0.014471214017521902,0.01656758448060075,0.008760951188986232,0.09683979974968711,31960.0,23392.0,19319.5,-0.6247662370583714,0.07561013767209011,0.4018304130162703,0.1880701868834039,-0.7787369952707588,6.959206821026283,-1.2400809531668795,-2.64358418549601,2011.5,11433,Queens:Jamaica
11434,0.01928465755808894,0.010033939604908188,0.056391958924375596,0.02205204072752589,0.039369941693499264,0.09129753720302845,0.01612566356278827,0.004681924984770691,0.0018014097989731094,0.038256026455486904,0.010730136628665912,0.21514228526673046,0.008998346532068576,0.010155774084065792,0.004255504307719085,0.13894352101644764,57455.0,43815.0,23654.5,-0.4616870528917084,0.1071273170307197,0.5003132886606909,0.21412862025887747,-0.5597066491479714,8.79879470890262,-0.28789940689336335,-1.3092931089330433,2011.5,11434,Queens:Jamaica
11435,0.017173503737091346,0.012903900648523231,0.056874156063977485,0.02385842794925924,0.05020825012837336,0.13061752344002586,0.030143968353587798,0.011211274034347008,0.006352104372301782,0.023249843099218348,0.024771305224320573,0.17551967440710523,0.011914950267206785,0.014510945018162455,0.01978851676461079,0.07082406192350849,52581.0,40622.0,23607.0,-0.4635689284578652,0.11313021813963219,0.5027196135486203,0.22502424737117338,-0.46835032728404624,8.547735874175082,-0.41784401622297435,-1.3497632719648858,2011.5,11435,Queens:Jamaica
11436,0.019297949064683344,0.0130718954248366,0.04448388550822628,0.01831192247013748,0.03217263917061077,0.07457178273608295,0.016396213657876944,0.0018875366238449403,0.0009860265945458642,0.03451093080910525,0.01977687626774848,0.21165765156637367,0.010789948163173316,0.0160018030200586,0.003465179175118323,0.10550484561640748,17748.0,13211.0,23374.5,-0.4721553512416603,0.09784201036736534,0.45591052512959207,0.2145866069305835,-0.5557136406172424,7.7138691683569975,-0.8491981115775458,-1.8770671034364486,2011.5,11436,Queens:Jamaica
11691,0.028695545766030346,0.018617579190266416,0.03456926089084679,0.026143276693937487,0.03735752744563317,0.08396265995384938,0.021563177400181807,0.00995559751066359,0.003426333822809594,0.02298790294385008,0.022157541430669184,0.18072162785819174,0.014168589609118244,0.020706593944479407,0.011817355429690231,0.0841724354940214,57204.0,39524.0,18732.0,-0.6468312845096358,0.0859118243479477,0.41575763932592125,0.20665508390872261,-0.622134953669329,7.559812250891546,-0.9290462568710267,-2.1980124950499915,2011.5,11691,Queens:Rockaways
11692,0.028345381068928227,0.013859639137116513,0.0360009106949741,0.026609368774546074,0.020519096135238203,0.06878592976265012,0.01380272070123513,0.010985258125106721,0.0011952871535090216,0.03275655984973533,0.020803688314645116,0.2128749501963686,0.013176617906539928,0.011895953099208833,0.0037281575502305197,0.08503614320678468,17569.0,12266.0,19897.0,-0.6031332882286459,0.07886049291365474,0.3970914679264614,0.1983526666322134,-0.6915150849215697,7.40854630314759,-1.0068611867558026,-2.3015095599060182,2011.5,11692,Queens:Rockaways
11693,0.03266935691594402,0.021035459775049368,0.03928050141667382,0.02962136172404911,0.025371340259294238,0.099725251137632,0.00935863312440972,0.01266420537477462,0.004164162445264875,0.02459860908388426,0.006138919893534815,0.22722589508027818,0.020820812226324377,0.006095990383789817,0.0011161672533699664,0.09933888554992702,11647.0,8844.0,25727.5,-0.38315748827024765,0.1034171889757019,0.4086889327723877,0.25340712899051665,-0.23064183056675946,8.455889928737014,-0.46504919079410745,-1.0788485096311144,2011.5,11693,Queens:Rockaways
11694,0.01264499947747936,0.009170237224370362,0.05951510084648344,0.013193646149022886,0.10385097711359598,0.1652210262305361,0.009196363256348625,0.03380708537987251,0.0056954749712613655,0.042245793708851495,0.014578325843870834,0.18962274009823388,0.006662138154457101,0.01329815027693594,0.0014108057268262097,0.11393562545720556,19138.0,15122.0,37784.5,0.06996017917710391,0.15999581983488348,0.5256035113386979,0.3045084880646254,0.2007714771285352,10.975467655972412,0.8383090367945374,1.1090406931001764,2011.5,11694,Queens:Rockaways
11697,0.003678273663560569,0.011157430112800393,0.04818538499264345,0.01066699362432565,0.1092447278077489,0.2005885237861697,0.0029426189308484553,0.02611574301128004,0.001348700343305542,0.05259931338891613,0.0,0.21615988229524274,0.0031878371750858267,0.00478175576262874,0.0,0.07650809220205984,4078.0,3279.0,41796.0,0.22152505707842302,0.16012751348700344,0.4104953408533595,0.3901209101810084,0.9191506117430387,10.942005885237862,0.8221010726480237,1.9627767414694854,2011.5,11697,Queens:Rockaways
