,celtics_wins,celtics_losses,celtics_ties,celtics_num_events,temp,patriots_wins,patriots_losses,patriots_ties,patriots_num_events,bruins_wins,bruins_losses,bruins_ties,bruins_num_events,red-sox_wins,red-sox_losses,red-sox_ties,red-sox_num_events,num_events,sum_wins,sum_losses,sports_composite,p_win,p_loss,sum_streak,sum_loss_streak,celtics_streak,celtics_loss_streak,patriots_streak,patriots_loss_streak,bruins_streak,bruins_loss_streak,red-sox_streak,red-sox_loss_streak,date,celtics_pe,patriots_pe,bruins_pe,red-sox_pe,sum_pe,sum_pe_with_na,mean_pe
2013-01-01,,,,,0.0,,,,,,,,,,,,,0,0.0,0.0,0.0,,,0.0,0.0,0.0,0.0,0.0,0.0,0.0,0.0,0.0,0.0,2013-01-01,0.0,0.0,0.0,0.0,0.0,,
2013-01-02,0.0,1.0,0.0,1.0,0.0,,,,,,,,,,,,,1,0.0,1.0,-1.0,0.0,1.0,0.0,1.0,0.0,1.0,0.0,0.0,0.0,0.0,0.0,0.0,2013-01-02,-0.5,0.0,0.0,0.0,-0.5,-0.5,-0.5
2013-01-03,,,,,0.0,,,,,,,,,,,,,0,0.0,0.0,0.0,,,0.0,1.0,0.0,1.0,0.0,0.0,0.0,0.0,0.0,0.0,2013-01-03,0.0,0.0,0.0,0.0,0.0,,
2013-01-04,1.0,0.0,0.0,1.0,0.0,,,,,,,,,,,,,1,1.0,0.0,1.0,1.0,0.0,1.0,0.0,1.0,0.0,0.0,0.0,0.0,0.0,0.0,0.0,2013-01-04,0.55,0.0,0.0,0.0,0.55,0.55,0.55
2013-01-05,1.0,0.0,0.0,1.0,0.0,,,,,,,,,,,,,1,1.0,0.0,1.0,1.0,0.0,2.0,0.0,2.0,0.0,0.0,0.0,0.0,0.0,0.0,0.0,2013-01-05,0.495,0.0,0.0,0.0,0.495,0.495,0.495
2013-01-06,,,,,0.0,,,,,,,,,,,,,0,0.0,0.0,0.0,,,2.0,0.0,2.0,0.0,0.0,0.0,0.0,0.0,0.0,0.0,2013-01-06,0.0,0.0,0.0,0.0,0.0,,
2013-01-07,1.0,0.0,0.0,1.0,0.0,,,,,,,,,,,,,1,1.0,0.0,1.0,1.0,0.0,3.0,0.0,3.0,0.0,0.0,0.0,0.0,0.0,0.0,0.0,2013-01-07,0.4455,0.0,0.0,0.0,0.4455,0.4455,0.4455
2013-01-08,,,,,0.0,,,,,,,,,,,,,0,0.0,0.0,0.0,,,3.0,0.0,3.0,0.0,0.0,0.0,0.0,0.0,0.0,0.0,2013-01-08,0.0,0.0,0.0,0.0,0.0,,
2013-01-09,1.0,0.0,0.0,1.0,0.0,,,,,,,,,,,,,1,1.0,0.0,1.0,1.0,0.0,4.0,0.0,4.0,0.0,0.0,0.0,0.0,0.0,0.0,0.0,2013-01-09,0.40095,0.0,0.0,0.0,0.40095,0.40095,0.40095
2013-01-10,,,,,0.0,,,,,,,,,,,,,0,0.0,0.0,0.0,,,4.0,0.0,4.0,0.0,0.0,0.0,0.0,0.0,0.0,0.0,2013-01-10,0.0,0.0,0.0,0.0,0.0,,
2013-01-11,1.0,0.0,0.0,1.0,0.0,,,,,,,,,,,,,1,1.0,0.0,1.0,1.0,0.0,5.0,0.0,5.0,0.0,0.0,0.0,0.0,0.0,0.0,0.0,2013-01-11,0.360855,0.0,0.0,0.0,0.360855,0.360855,0.360855
2013-01-12,,,,,0.0,,,,,,,,,,,,,0,0.0,0.0,0.0,,,5.0,0.0,5.0,0.0,0.0,0.0,0.0,0.0,0.0,0.0,2013-01-12,0.0,0.0,0.0,0.0,0.0,,
2013-01-13,,,,,0.0,,,,,,,,,,,,,0,0.0,0.0,0.0,,,5.0,0.0,5.0,0.0,0.0,0.0,0.0,0.0,0.0,0.0,2013-01-13,0.0,0.0,0.0,0.0,0.0,,
2013-01-14,1.0,0.0,0.0,1.0,0.0,,,,,,,,,,,,,1,1.0,0.0,1.0,1.0,0.0,6.0,0.0,6.0,0.0,0.0,0.0,0.0,0.0,0.0,0.0,2013-01-14,0.3247695,0.0,0.0,0.0,0.3247695,0.3247695,0.3247695
2013-01-15,,,,,0.0,,,,,,,,,,,,,0,0.0,0.0,0.0,,,6.0,0.0,6.0,0.0,0.0,0.0,0.0,0.0,0.0,0.0,2013-01-15,0.0,0.0,0.0,0.0,0.0,,
2013-01-16,0.0,1.0,0.0,1.0,0.0,,,,,,,,,,,,,1,0.0,1.0,-1.0,0.0,1.0,0.0,1.0,0.0,1.0,0.0,0.0,0.0,0.0,0.0,0.0,2013-01-16,-0.70770745,0.0,0.0,0.0,-0.70770745,-0.70770745,-0.70770745
2013-01-17,,,,,0.0,,,,,,,,,,,,,0,0.0,0.0,0.0,,,0.0,1.0,0.0,1.0,0.0,0.0,0.0,0.0,0.0,0.0,2013-01-17,0.0,0.0,0.0,0.0,0.0,,
2013-01-18,0.0,1.0,0.0,1.0,0.0,,,,,,,,,,,,,1,0.0,1.0,-1.0,0.0,1.0,0.0,2.0,0.0,2.0,0.0,0.0,0.0,0.0,0.0,0.0,2013-01-18,-0.636936705,0.0,0.0,0.0,-0.636936705,-0.636936705,-0.636936705
2013-01-19,,,,,0.0,,,,,1.0,0.0,0.0,1.0,,,,,1,1.0,0.0,1.0,1.0,0.0,1.0,2.0,0.0,2.0,0.0,0.0,1.0,0.0,0.0,0.0,2013-01-19,0.0,0.0,0.5,0.0,0.5,0.5,0.5
2013-01-20,0.0,1.0,0.0,1.0,0.0,,,,,,,,,,,,,1,0.0,1.0,-1.0,0.0,1.0,1.0,3.0,0.0,3.0,0.0,0.0,1.0,0.0,0.0,0.0,2013-01-20,-0.5732430345,0.0,0.0,0.0,-0.5732430345,-0.5732430345,-0.5732430345
2013-01-21,,,,,0.0,,,,,1.0,0.0,0.0,1.0,,,,,1,1.0,0.0,1.0,1.0,0.0,2.0,3.0,0.0,3.0,0.0,0.0,2.0,0.0,0.0,0.0,2013-01-21,0.0,0.0,0.45,0.0,0.45,0.45,0.45
2013-01-22,0.0,1.0,0.0,1.0,0.0,,,,,,,,,,,,,1,0.0,1.0,-1.0,0.0,1.0,2.0,4.0,0.0,4.0,0.0,0.0,2.0,0.0,0.0,0.0,2013-01-22,-0.51591873105,0.0,0.0,0.0,-0.51591873105,-0.51591873105,-0.51591873105
2013-01-23,,,,,0.0,,,,,0.0,1.0,0.0,1.0,,,,,1,0.0,1.0,-1.0,0.0,1.0,0.0,5.0,0.0,4.0,0.0,0.0,0.0,1.0,0.0,0.0,2013-01-23,0.0,0.0,-0.595,0.0,-0.595,-0.595,-0.595
2013-01-24,0.0,1.0,0.0,1.0,0.0,,,,,,,,,,,,,1,0.0,1.0,-1.0,0.0,1.0,0.0,6.0,0.0,5.0,0.0,0.0,0.0,1.0,0.0,0.0,2013-01-24,-0.464326857945,0.0,0.0,0.0,-0.464326857945,-0.464326857945,-0.464326857945
2013-01-25,0.0,1.0,0.0,1.0,0.0,,,,,1.0,0.0,0.0,1.0,,,,,2,1.0,1.0,0.0,0.5,0.5,1.0,6.0,0.0,6.0,0.0,0.0,1.0,0.0,0.0,0.0,2013-01-25,-0.41789417215,0.0,0.4645,0.0,0.0466058278495,0.0466058278495,0.0233029139247
2013-01-26,,,,,0.0,,,,,,,,,,,,,0,0.0,0.0,0.0,,,1.0,6.0,0.0,6.0,0.0,0.0,1.0,0.0,0.0,0.0,2013-01-26,0.0,0.0,0.0,0.0,0.0,,
2013-01-27,1.0,0.0,0.0,1.0,0.0,,,,,,,,,,,,,1,1.0,0.0,1.0,1.0,0.0,2.0,0.0,1.0,0.0,0.0,0.0,1.0,0.0,0.0,0.0,2013-01-27,0.623895245065,0.0,0.0,0.0,0.623895245065,0.623895245065,0.623895245065
2013-01-28,,,,,0.0,,,,,1.0,0.0,0.0,1.0,,,,,1,1.0,0.0,1.0,1.0,0.0,3.0,0.0,1.0,0.0,0.0,0.0,2.0,0.0,0.0,0.0,2013-01-28,0.0,0.0,0.41805,0.0,0.41805,0.41805,0.41805
2013-01-29,,,,,0.0,,,,,1.0,0.0,0.0,1.0,,,,,1,1.0,0.0,1.0,1.0,0.0,4.0,0.0,1.0,0.0,0.0,0.0,3.0,0.0,0.0,0.0,2013-01-29,0.0,0.0,0.376245,0.0,0.376245,0.376245,0.376245
2013-01-30,1.0,0.0,0.0,1.0,0.0,,,,,,,,,,,,,1,1.0,0.0,1.0,1.0,0.0,5.0,0.0,2.0,0.0,0.0,0.0,3.0,0.0,0.0,0.0,2013-01-30,0.561505720558,0.0,0.0,0.0,0.561505720558,0.561505720558,0.561505720558
2013-01-31,,,,,0.0,,,,,0.0,1.0,0.0,1.0,,,,,1,0.0,1.0,-1.0,0.0,1.0,2.0,1.0,2.0,0.0,0.0,0.0,0.0,1.0,0.0,0.0,2013-01-31,0.0,0.0,-0.6613795,0.0,-0.6613795,-0.6613795,-0.6613795
2013-02-01,1.0,0.0,0.0,1.0,0.0,,,,,,,,,,,,,1,1.0,0.0,1.0,1.0,0.0,3.0,1.0,3.0,0.0,0.0,0.0,0.0,1.0,0.0,0.0,2013-02-01,0.505355148502,0.0,0.0,0.0,0.505355148502,0.505355148502,0.505355148502
2013-02-02,,,,,0.0,,,,,1.0,0.0,0.0,1.0,,,,,1,1.0,0.0,1.0,1.0,0.0,4.0,0.0,3.0,0.0,0.0,0.0,1.0,0.0,0.0,0.0,2013-02-02,0.0,0.0,0.40475845,0.0,0.40475845,0.40475845,0.40475845
2013-02-03,1.0,0.0,0.0,1.0,0.0,,,,,,,,,,,,,1,1.0,0.0,1.0,1.0,0.0,5.0,0.0,4.0,0.0,0.0,0.0,1.0,0.0,0.0,0.0,2013-02-03,0.454819633652,0.0,0.0,0.0,0.454819633652,0.454819633652,0.454819633652
2013-02-04,,,,,0.0,,,,,,,,,,,,,0,0.0,0.0,0.0,,,5.0,0.0,4.0,0.0,0.0,0.0,1.0,0.0,0.0,0.0,2013-02-04,0.0,0.0,0.0,0.0,0.0,,
2013-02-05,,,,,0.0,,,,,,,,,,,,,0,0.0,0.0,0.0,,,5.0,0.0,4.0,0.0,0.0,0.0,1.0,0.0,0.0,0.0,2013-02-05,0.0,0.0,0.0,0.0,0.0,,
2013-02-06,1.0,0.0,0.0,1.0,0.0,,,,,1.0,0.0,0.0,1.0,,,,,2,2.0,0.0,2.0,1.0,0.0,7.0,0.0,5.0,0.0,0.0,0.0,2.0,0.0,0.0,0.0,2013-02-06,0.409337670287,0.0,0.364282605,0.0,0.773620275287,0.773620275287,0.386810137643
2013-02-07,1.0,0.0,0.0,1.0,0.0,,,,,,,,,,,,,1,1.0,0.0,1.0,1.0,0.0,8.0,0.0,6.0,0.0,0.0,0.0,2.0,0.0,0.0,0.0,2013-02-07,0.368403903258,0.0,0.0,0.0,0.368403903258,0.368403903258,0.368403903258
2013-02-08,,,,,0.0,,,,,,,,,,,,,0,0.0,0.0,0.0,,,8.0,0.0,6.0,0.0,0.0,0.0,2.0,0.0,0.0,0.0,2013-02-08,0.0,0.0,0.0,0.0,0.0,,
2013-02-09,,,,,0.0,,,,,,,,,,,,,0,0.0,0.0,0.0,,,8.0,0.0,6.0,0.0,0.0,0.0,2.0,0.0,0.0,0.0,2013-02-09,0.0,0.0,0.0,0.0,0.0,,
2013-02-10,1.0,0.0,0.0,1.0,0.0,,,,,1.0,0.0,0.0,1.0,,,,,2,2.0,0.0,2.0,1.0,0.0,10.0,0.0,7.0,0.0,0.0,0.0,3.0,0.0,0.0,0.0,2013-02-10,0.331563512932,0.0,0.3278543445,0.0,0.659417857432,0.659417857432,0.329708928716
2013-02-11,0.0,1.0,0.0,1.0,0.0,,,,,,,,,,,,,1,0.0,1.0,-1.0,0.0,1.0,3.0,1.0,0.0,1.0,0.0,0.0,3.0,0.0,0.0,0.0,2013-02-11,-0.701592838361,0.0,0.0,0.0,-0.701592838361,-0.701592838361,-0.701592838361
2013-02-12,,,,,0.0,,,,,0.0,1.0,0.0,1.0,,,,,1,0.0,1.0,-1.0,0.0,1.0,0.0,2.0,0.0,1.0,0.0,0.0,0.0,1.0,0.0,0.0,2013-02-12,0.0,0.0,-0.70493108995,0.0,-0.70493108995,-0.70493108995,-0.70493108995
2013-02-13,1.0,0.0,0.0,1.0,0.0,,,,,,,,,,,,,1,1.0,0.0,1.0,1.0,0.0,1.0,1.0,1.0,0.0,0.0,0.0,0.0,1.0,0.0,0.0,2013-02-13,0.368566445475,0.0,0.0,0.0,0.368566445475,0.368566445475,0.368566445475
2013-02-14,,,,,0.0,,,,,,,,,,,,,0,0.0,0.0,0.0,,,1.0,1.0,1.0,0.0,0.0,0.0,0.0,1.0,0.0,0.0,2013-02-14,0.0,0.0,0.0,0.0,0.0,,
2013-02-15,,,,,0.0,,,,,0.0,1.0,0.0,1.0,,,,,1,0.0,1.0,-1.0,0.0,1.0,1.0,2.0,1.0,0.0,0.0,0.0,0.0,2.0,0.0,0.0,2013-02-15,0.0,0.0,-0.634437980955,0.0,-0.634437980955,-0.634437980955,-0.634437980955
2013-02-16,,,,,0.0,,,,,,,,,,,,,0,0.0,0.0,0.0,,,1.0,2.0,1.0,0.0,0.0,0.0,0.0,2.0,0.0,0.0,2013-02-16,0.0,0.0,0.0,0.0,0.0,,
2013-02-17,,,,,0.0,,,,,1.0,0.0,0.0,1.0,,,,,1,1.0,0.0,1.0,1.0,0.0,2.0,0.0,1.0,0.0,0.0,0.0,1.0,0.0,0.0,0.0,2013-02-17,0.0,0.0,0.429005817141,0.0,0.429005817141,0.429005817141,0.429005817141
2013-02-18,,,,,0.0,,,,,,,,,,,,,0,0.0,0.0,0.0,,,2.0,0.0,1.0,0.0,0.0,0.0,1.0,0.0,0.0,0.0,2013-02-18,0.0,0.0,0.0,0.0,0.0,,
2013-02-19,0.0,1.0,0.0,1.0,0.0,,,,,,,,,,,,,1,0.0,1.0,-1.0,0.0,1.0,1.0,1.0,0.0,1.0,0.0,0.0,1.0,0.0,0.0,0.0,2013-02-19,-0.668290199072,0.0,0.0,0.0,-0.668290199072,-0.668290199072,-0.668290199072
2013-02-20,0.0,1.0,0.0,1.0,0.0,,,,,,,,,,,,,1,0.0,1.0,-1.0,0.0,1.0,1.0,2.0,0.0,2.0,0.0,0.0,1.0,0.0,0.0,0.0,2013-02-20,-0.601461179165,0.0,0.0,0.0,-0.601461179165,-0.601461179165,-0.601461179165
2013-02-21,,,,,0.0,,,,,1.0,0.0,0.0,1.0,,,,,1,1.0,0.0,1.0,1.0,0.0,2.0,2.0,0.0,2.0,0.0,0.0,2.0,0.0,0.0,0.0,2013-02-21,0.0,0.0,0.386105235426,0.0,0.386105235426,0.386105235426,0.386105235426
2013-02-22,1.0,0.0,0.0,1.0,0.0,,,,,,,,,,,,,1,1.0,0.0,1.0,1.0,0.0,3.0,0.0,1.0,0.0,0.0,0.0,2.0,0.0,0.0,0.0,2013-02-22,0.458684938751,0.0,0.0,0.0,0.458684938751,0.458684938751,0.458684938751
2013-02-23,,,,,0.0,,,,,,,,,,,,,0,0.0,0.0,0.0,,,3.0,0.0,1.0,0.0,0.0,0.0,2.0,0.0,0.0,0.0,2013-02-23,0.0,0.0,0.0,0.0,0.0,,
2013-02-24,0.0,1.0,0.0,1.0,0.0,,,,,1.0,0.0,0.0,1.0,,,,,2,1.0,1.0,0.0,0.5,0.5,3.0,1.0,0.0,1.0,0.0,0.0,3.0,0.0,0.0,0.0,2013-02-24,-0.587183555124,0.0,0.347494711884,0.0,-0.23968884324,-0.23968884324,-0.11984442162
2013-02-25,1.0,0.0,0.0,1.0,0.0,,,,,,,,,,,,,1,1.0,0.0,1.0,1.0,0.0,4.0,0.0,1.0,0.0,0.0,0.0,3.0,0.0,0.0,0.0,2013-02-25,0.471534800389,0.0,0.0,0.0,0.471534800389,0.471534800389,0.471534800389
2013-02-26,,,,,0.0,,,,,1.0,0.0,0.0,1.0,,,,,1,1.0,0.0,1.0,1.0,0.0,5.0,0.0,1.0,0.0,0.0,0.0,4.0,0.0,0.0,0.0,2013-02-26,0.0,0.0,0.312745240695,0.0,0.312745240695,0.312745240695,0.312745240695
2013-02-27,,,,,0.0,,,,,,,,,,,,,0,0.0,0.0,0.0,,,5.0,0.0,1.0,0.0,0.0,0.0,4.0,0.0,0.0,0.0,2013-02-27,0.0,0.0,0.0,0.0,0.0,,
2013-02-28,,,,,0.0,,,,,1.0,0.0,0.0,1.0,,,,,1,1.0,0.0,1.0,1.0,0.0,6.0,0.0,1.0,0.0,0.0,0.0,5.0,0.0,0.0,0.0,2013-02-28,0.0,0.0,0.281470716626,0.0,0.281470716626,0.281470716626,0.281470716626
2013-03-01,1.0,0.0,0.0,1.0,0.0,,,,,,,,,,,,,1,1.0,0.0,1.0,1.0,0.0,7.0,0.0,2.0,0.0,0.0,0.0,5.0,0.0,0.0,0.0,2013-03-01,0.42438132035,0.0,0.0,0.0,0.42438132035,0.42438132035,0.42438132035
2013-03-02,,,,,0.0,,,,,1.0,0.0,0.0,1.0,,,,,1,1.0,0.0,1.0,1.0,0.0,8.0,0.0,2.0,0.0,0.0,0.0,6.0,0.0,0.0,0.0,2013-03-02,0.0,0.0,0.253323644963,0.0,0.253323644963,0.253323644963,0.253323644963
2013-03-03,,,,,0.0,,,,,0.0,1.0,0.0,1.0,,,,,1,0.0,1.0,-1.0,0.0,1.0,2.0,1.0,2.0,0.0,0.0,0.0,0.0,1.0,0.0,0.0,2013-03-03,0.0,0.0,-0.772008719533,0.0,-0.772008719533,-0.772008719533,-0.772008719533
2013-03-04,,,,,0.0,,,,,,,,,,,,,0,0.0,0.0,0.0,,,2.0,1.0,2.0,0.0,0.0,0.0,0.0,1.0,0.0,0.0,2013-03-04,0.0,0.0,0.0,0.0,0.0,,
2013-03-05,1.0,0.0,0.0,1.0,0.0,,,,,0.0,1.0,0.0,1.0,,,,,2,1.0,1.0,0.0,0.5,0.5,3.0,2.0,3.0,0.0,0.0,0.0,0.0,2.0,0.0,0.0,2013-03-05,0.381943188315,0.0,-0.69480784758,0.0,-0.312864659265,-0.312864659265,-0.156432329632
2013-03-06,1.0,0.0,0.0,1.0,0.0,,,,,,,,,,,,,1,1.0,0.0,1.0,1.0,0.0,4.0,2.0,4.0,0.0,0.0,0.0,0.0,2.0,0.0,0.0,2013-03-06,0.343748869483,0.0,0.0,0.0,0.343748869483,0.343748869483,0.343748869483
2013-03-07,,,,,0.0,,,,,1.0,0.0,0.0,1.0,,,,,1,1.0,0.0,1.0,1.0,0.0,5.0,0.0,4.0,0.0,0.0,0.0,1.0,0.0,0.0,0.0,2013-03-07,0.0,0.0,0.374672937178,0.0,0.374672937178,0.374672937178,0.374672937178
2013-03-08,1.0,0.0,0.0,1.0,0.0,,,,,,,,,,,,,1,1.0,0.0,1.0,1.0,0.0,6.0,0.0,5.0,0.0,0.0,0.0,1.0,0.0,0.0,0.0,2013-03-08,0.309373982535,0.0,0.0,0.0,0.309373982535,0.309373982535,0.309373982535
2013-03-09,,,,,0.0,,,,,1.0,0.0,0.0,1.0,,,,,1,1.0,0.0,1.0,1.0,0.0,7.0,0.0,5.0,0.0,0.0,0.0,2.0,0.0,0.0,0.0,2013-03-09,0.0,0.0,0.33720564346,0.0,0.33720564346,0.33720564346,0.33720564346
2013-03-10,0.0,1.0,0.0,1.0,0.0,,,,,,,,,,,,,1,0.0,1.0,-1.0,0.0,1.0,2.0,1.0,0.0,1.0,0.0,0.0,2.0,0.0,0.0,0.0,2013-03-10,-0.721563415719,0.0,0.0,0.0,-0.721563415719,-0.721563415719,-0.721563415719
2013-03-11,,,,,0.0,,,,,1.0,0.0,0.0,1.0,,,,,1,1.0,0.0,1.0,1.0,0.0,3.0,1.0,0.0,1.0,0.0,0.0,3.0,0.0,0.0,0.0,2013-03-11,0.0,0.0,0.303485079114,0.0,0.303485079114,0.303485079114,0.303485079114
2013-03-12,0.0,1.0,0.0,1.0,0.0,,,,,0.0,1.0,0.0,1.0,,,,,2,0.0,2.0,-2.0,0.0,1.0,0.0,3.0,0.0,2.0,0.0,0.0,0.0,1.0,0.0,0.0,2013-03-12,-0.649407074147,0.0,-0.726863428797,0.0,-1.37627050294,-1.37627050294,-0.688135251472
2013-03-13,1.0,0.0,0.0,1.0,0.0,,,,,,,,,,,,,1,1.0,0.0,1.0,1.0,0.0,1.0,1.0,1.0,0.0,0.0,0.0,0.0,1.0,0.0,0.0,2013-03-13,0.415533633268,0.0,0.0,0.0,0.415533633268,0.415533633268,0.415533633268
2013-03-14,,,,,0.0,,,,,1.0,0.0,0.0,1.0,,,,,1,1.0,0.0,1.0,1.0,0.0,2.0,0.0,1.0,0.0,0.0,0.0,1.0,0.0,0.0,0.0,2013-03-14,0.0,0.0,0.345822914083,0.0,0.345822914083,0.345822914083,0.345822914083
2013-03-15,,,,,0.0,,,,,,,,,,,,,0,0.0,0.0,0.0,,,2.0,0.0,1.0,0.0,0.0,0.0,1.0,0.0,0.0,0.0,2013-03-15,0.0,0.0,0.0,0.0,0.0,,
2013-03-16,1.0,0.0,0.0,1.0,0.0,,,,,1.0,0.0,0.0,1.0,,,,,2,2.0,0.0,2.0,1.0,0.0,4.0,0.0,2.0,0.0,0.0,0.0,2.0,0.0,0.0,0.0,2013-03-16,0.373980269941,0.0,0.311240622674,0.0,0.685220892616,0.685220892616,0.342610446308
2013-03-17,,,,,0.0,,,,,0.0,1.0,0.0,1.0,,,,,1,0.0,1.0,-1.0,0.0,1.0,2.0,1.0,2.0,0.0,0.0,0.0,0.0,1.0,0.0,0.0,2013-03-17,0.0,0.0,-0.719883439593,0.0,-0.719883439593,-0.719883439593,-0.719883439593
2013-03-18,0.0,1.0,0.0,1.0,0.0,,,,,,,,,,,,,1,0.0,1.0,-1.0,0.0,1.0,0.0,2.0,0.0,1.0,0.0,0.0,0.0,1.0,0.0,0.0,2013-03-18,-0.663417757053,0.0,0.0,0.0,-0.663417757053,-0.663417757053,-0.663417757053
2013-03-19,,,,,0.0,,,,,0.0,1.0,0.0,1.0,,,,,1,0.0,1.0,-1.0,0.0,1.0,0.0,3.0,0.0,1.0,0.0,0.0,0.0,2.0,0.0,0.0,2013-03-19,0.0,0.0,-0.647895095634,0.0,-0.647895095634,-0.647895095634,-0.647895095634
2013-03-20,0.0,1.0,0.0,1.0,0.0,,,,,,,,,,,,,1,0.0,1.0,-1.0,0.0,1.0,0.0,4.0,0.0,2.0,0.0,0.0,0.0,2.0,0.0,0.0,2013-03-20,-0.597075981348,0.0,0.0,0.0,-0.597075981348,-0.597075981348,-0.597075981348
2013-03-21,,,,,0.0,,,,,1.0,0.0,0.0,1.0,,,,,1,1.0,0.0,1.0,1.0,0.0,1.0,2.0,0.0,2.0,0.0,0.0,1.0,0.0,0.0,0.0,2013-03-21,0.0,0.0,0.41689441393,0.0,0.41689441393,0.41689441393,0.41689441393
2013-03-22,0.0,1.0,0.0,1.0,0.0,,,,,,,,,,,,,1,0.0,1.0,-1.0,0.0,1.0,1.0,3.0,0.0,3.0,0.0,0.0,1.0,0.0,0.0,0.0,2013-03-22,-0.537368383213,0.0,0.0,0.0,-0.537368383213,-0.537368383213,-0.537368383213
2013-03-23,0.0,1.0,0.0,1.0,0.0,,,,,0.0,1.0,0.0,1.0,,,,,2,0.0,2.0,-2.0,0.0,1.0,0.0,5.0,0.0,4.0,0.0,0.0,0.0,1.0,0.0,0.0,2013-03-23,-0.483631544892,0.0,-0.624795027463,0.0,-1.10842657235,-1.10842657235,-0.554213286177
2013-03-24,,,,,0.0,,,,,,,,,,,,,0,0.0,0.0,0.0,,,0.0,5.0,0.0,4.0,0.0,0.0,0.0,1.0,0.0,0.0,2013-03-24,0.0,0.0,0.0,0.0,0.0,,
2013-03-25,,,,,0.0,,,,,1.0,0.0,0.0,1.0,,,,,1,1.0,0.0,1.0,1.0,0.0,1.0,4.0,0.0,4.0,0.0,0.0,1.0,0.0,0.0,0.0,2013-03-25,0.0,0.0,0.437684475283,0.0,0.437684475283,0.437684475283,0.437684475283
2013-03-26,0.0,1.0,0.0,1.0,0.0,,,,,,,,,,,,,1,0.0,1.0,-1.0,0.0,1.0,1.0,5.0,0.0,5.0,0.0,0.0,1.0,0.0,0.0,0.0,2013-03-26,-0.435268390402,0.0,0.0,0.0,-0.435268390402,-0.435268390402,-0.435268390402
2013-03-27,1.0,0.0,0.0,1.0,0.0,,,,,0.0,1.0,0.0,1.0,,,,,2,1.0,1.0,0.0,0.5,0.5,1.0,1.0,1.0,0.0,0.0,0.0,0.0,1.0,0.0,0.0,2013-03-27,0.608258448638,0.0,-0.606083972245,0.0,0.00217447639252,0.00217447639252,0.00108723819626
2013-03-28,,,,,0.0,,,,,,,,,,,,,0,0.0,0.0,0.0,,,1.0,1.0,1.0,0.0,0.0,0.0,0.0,1.0,0.0,0.0,2013-03-28,0.0,0.0,0.0,0.0,0.0,,
2013-03-29,1.0,0.0,0.0,1.0,0.0,,,,,,,,,,,,,1,1.0,0.0,1.0,1.0,0.0,2.0,1.0,2.0,0.0,0.0,0.0,0.0,1.0,0.0,0.0,2013-03-29,0.547432603774,0.0,0.0,0.0,0.547432603774,0.547432603774,0.547432603774
2013-03-30,,,,,0.0,,,,,0.0,1.0,0.0,1.0,,,,,1,0.0,1.0,-1.0,0.0,1.0,2.0,2.0,2.0,0.0,0.0,0.0,0.0,2.0,0.0,0.0,2013-03-30,0.0,0.0,-0.545475575021,0.0,-0.545475575021,-0.545475575021,-0.545475575021
2013-03-31,0.0,1.0,0.0,1.0,0.0,,,,,1.0,0.0,0.0,1.0,,,,,2,1.0,1.0,0.0,0.5,0.5,1.0,1.0,0.0,1.0,0.0,0.0,1.0,0.0,0.0,0.0,2013-03-31,-0.507310656603,0.0,0.509071982481,0.0,0.00176132587794,0.00176132587794,0.000880662938971
2013-04-01,0.0,1.0,0.0,1.0,1.0,,,,,,,,,1.0,0.0,0.0,1.0,2,1.0,1.0,0.0,0.5,0.5,2.0,2.0,0.0,2.0,0.0,0.0,1.0,0.0,1.0,0.0,2013-04-01,-0.456579590943,0.0,0.0,0.5,0.043420409057,0.043420409057,0.0217102045285
2013-04-02,,,,,1.0,,,,,1.0,0.0,0.0,1.0,,,,,1,1.0,0.0,1.0,1.0,0.0,3.0,2.0,0.0,2.0,0.0,0.0,2.0,0.0,1.0,0.0,2013-04-02,0.0,0.0,0.458164784233,0.0,0.458164784233,0.458164784233,0.458164784233
2013-04-03,1.0,0.0,0.0,1.0,1.0,,,,,,,,,1.0,0.0,0.0,1.0,2,2.0,0.0,2.0,1.0,0.0,5.0,0.0,1.0,0.0,0.0,0.0,2.0,0.0,2.0,0.0,2013-04-03,0.589078368151,0.0,0.0,0.45,1.03907836815,1.03907836815,0.519539184076
2013-04-04,,,,,1.0,,,,,1.0,0.0,0.0,1.0,0.0,1.0,0.0,1.0,2,1.0,1.0,0.0,0.5,0.5,4.0,1.0,1.0,0.0,0.0,0.0,3.0,0.0,0.0,1.0,2013-04-04,0.0,0.0,0.41234830581,-0.595,-0.18265169419,-0.18265169419,-0.0913258470951
2013-04-05,0.0,1.0,0.0,1.0,1.0,,,,,,,,,1.0,0.0,0.0,1.0,2,1.0,1.0,0.0,0.5,0.5,4.0,1.0,0.0,1.0,0.0,0.0,3.0,0.0,1.0,0.0,2013-04-05,-0.469829468664,0.0,0.0,0.4645,-0.00532946866385,-0.00532946866385,-0.00266473433192
2013-04-06,,,,,1.0,,,,,0.0,1.0,0.0,1.0,0.0,1.0,0.0,1.0,2,0.0,2.0,-2.0,0.0,1.0,0.0,3.0,0.0,1.0,0.0,0.0,0.0,1.0,0.0,1.0,2013-04-06,0.0,0.0,-0.628886524771,-0.58195,-1.21083652477,-1.21083652477,-0.605418262386
2013-04-07,1.0,0.0,0.0,1.0,1.0,,,,,,,,,1.0,0.0,0.0,1.0,2,2.0,0.0,2.0,1.0,0.0,2.0,1.0,1.0,0.0,0.0,0.0,0.0,1.0,1.0,0.0,2013-04-07,0.577153478203,0.0,0.0,0.476245,1.0533984782,1.0533984782,0.526699239101
2013-04-08,,,,,1.0,,,,,1.0,0.0,0.0,1.0,1.0,0.0,0.0,1.0,2,2.0,0.0,2.0,1.0,0.0,4.0,0.0,1.0,0.0,0.0,0.0,1.0,0.0,2.0,0.0,2013-04-08,0.0,0.0,0.434002127706,0.4286205,0.862622627706,0.862622627706,0.431311313853
2013-04-09,,,,,1.0,,,,,,,,,,,,,0,0.0,0.0,0.0,,,4.0,0.0,1.0,0.0,0.0,0.0,1.0,0.0,2.0,0.0,2013-04-09,0.0,0.0,0.0,0.0,0.0,,
2013-04-10,0.0,1.0,0.0,1.0,1.0,,,,,1.0,0.0,0.0,1.0,0.0,1.0,0.0,1.0,3,1.0,2.0,-1.0,0.333333333333,0.666666666667,2.0,2.0,0.0,1.0,0.0,0.0,2.0,0.0,0.0,1.0,2013-04-10,-0.480561869618,0.0,0.390601914935,-0.61424155,-0.704201504682,-0.704201504682,-0.234733834894
2013-04-11,,,,,1.0,,,,,0.0,1.0,0.0,1.0,0.0,1.0,0.0,1.0,2,0.0,2.0,-2.0,0.0,1.0,0.0,4.0,0.0,1.0,0.0,0.0,0.0,1.0,0.0,2.0,2013-04-11,0.0,0.0,-0.648458276558,-0.552817395,-1.20127567156,-1.20127567156,-0.600637835779
2013-04-12,0.0,1.0,0.0,1.0,1.0,,,,,,,,,,,,,1,0.0,1.0,-1.0,0.0,1.0,0.0,5.0,0.0,2.0,0.0,0.0,0.0,1.0,0.0,2.0,2013-04-12,-0.432505682656,0.0,0.0,0.0,-0.432505682656,-0.432505682656,-0.432505682656
2013-04-13,1.0,0.0,0.0,1.0,1.0,,,,,0.0,1.0,0.0,1.0,1.0,0.0,0.0,1.0,3,2.0,1.0,1.0,0.666666666667,0.333333333333,2.0,2.0,1.0,0.0,0.0,0.0,0.0,2.0,1.0,0.0,2013-04-13,0.61074488561,0.0,-0.583612448902,0.5024643445,0.529596781207,0.529596781207,0.176532260402
2013-04-14,,,,,1.0,,,,,,,,,1.0,0.0,0.0,1.0,1,1.0,0.0,1.0,1.0,0.0,3.0,2.0,1.0,0.0,0.0,0.0,0.0,2.0,2.0,0.0,2013-04-14,0.0,0.0,0.0,0.45221791005,0.45221791005,0.45221791005,0.45221791005
2013-04-15,,,,,1.0,,,,,,,,,1.0,0.0,0.0,1.0,1,1.0,0.0,1.0,1.0,0.0,4.0,2.0,1.0,0.0,0.0,0.0,0.0,2.0,3.0,0.0,2013-04-15,0.0,0.0,0.0,0.406996119045,0.406996119045,0.406996119045,0.406996119045
2013-04-16,,,,,1.0,,,,,,,,,1.0,0.0,0.0,1.0,1,1.0,0.0,1.0,1.0,0.0,5.0,2.0,1.0,0.0,0.0,0.0,0.0,2.0,4.0,0.0,2013-04-16,0.0,0.0,0.0,0.36629650714,0.36629650714,0.36629650714,0.36629650714
2013-04-17,0.0,1.0,0.0,1.0,1.0,,,,,0.0,1.0,0.0,1.0,1.0,0.0,0.0,1.0,3,1.0,2.0,-1.0,0.333333333333,0.666666666667,5.0,4.0,0.0,1.0,0.0,0.0,0.0,3.0,5.0,0.0,2013-04-17,-0.450329602951,0.0,-0.525251204012,0.329666856426,-0.645913950537,-0.645913950537,-0.215304650179
2013-04-18,,,,,1.0,,,,,,,,,1.0,0.0,0.0,1.0,1,1.0,0.0,1.0,1.0,0.0,6.0,3.0,0.0,0.0,0.0,0.0,0.0,3.0,6.0,0.0,2013-04-18,0.0,0.0,0.0,0.296700170784,0.296700170784,0.296700170784,0.296700170784
2013-04-19,,,,,1.0,,,,,,,,,,,,,0,0.0,0.0,0.0,,,6.0,3.0,0.0,0.0,0.0,0.0,0.0,3.0,6.0,0.0,2013-04-19,0.0,0.0,0.0,0.0,0.0,,
2013-04-20,,,,,1.0,,,,,0.0,1.0,0.0,1.0,1.0,0.0,0.0,1.0,2,1.0,1.0,0.0,0.5,0.5,7.0,4.0,0.0,0.0,0.0,0.0,0.0,4.0,7.0,0.0,2013-04-20,0.0,0.0,-0.472726083611,0.267030153705,-0.205695929905,-0.205695929905,-0.102847964953
2013-04-21,,,,,1.0,,,,,1.0,0.0,0.0,1.0,0.0,2.0,0.0,2.0,2,1.0,2.0,-1.0,0.333333333333,0.666666666667,8.0,0.0,0.0,0.0,0.0,0.0,1.0,0.0,7.0,0.0,2013-04-21,0.0,0.0,0.57454652475,-0.759672861665,-0.185126336915,-0.185126336915,-0.0925631684575
2013-04-22,,,,,1.0,,,,,,,,,1.0,0.0,0.0,1.0,1,1.0,0.0,1.0,1.0,0.0,9.0,0.0,0.0,0.0,0.0,0.0,1.0,0.0,8.0,0.0,2013-04-22,0.0,0.0,0.0,0.316294424501,0.316294424501,0.316294424501,0.316294424501
2013-04-23,,,,,1.0,,,,,0.0,1.0,0.0,1.0,0.0,1.0,0.0,1.0,2,0.0,2.0,-2.0,0.0,1.0,0.0,2.0,0.0,0.0,0.0,0.0,0.0,1.0,0.0,1.0,2013-04-23,0.0,0.0,-0.482908127725,-0.715335017949,-1.19824314567,-1.19824314567,-0.599121572837
2013-04-24,,,,,1.0,,,,,,,,,1.0,0.0,0.0,1.0,1,1.0,0.0,1.0,1.0,0.0,1.0,1.0,0.0,0.0,0.0,0.0,0.0,1.0,1.0,0.0,2013-04-24,0.0,0.0,0.0,0.356198483846,0.356198483846,0.356198483846,0.356198483846
2013-04-25,,,,,1.0,,,,,1.0,0.0,0.0,1.0,1.0,0.0,0.0,1.0,2,2.0,0.0,2.0,1.0,0.0,3.0,0.0,0.0,0.0,0.0,0.0,1.0,0.0,2.0,0.0,2013-04-25,0.0,0.0,0.565382685048,0.320578635462,0.885961320509,0.885961320509,0.442980660255
2013-04-26,,,,,1.0,,,,,,,,,1.0,0.0,0.0,1.0,1,1.0,0.0,1.0,1.0,0.0,4.0,0.0,0.0,0.0,0.0,0.0,1.0,0.0,3.0,0.0,2013-04-26,0.0,0.0,0.0,0.288520771915,0.288520771915,0.288520771915,0.288520771915
2013-04-27,,,,,1.0,,,,,0.0,1.0,0.0,1.0,1.0,0.0,0.0,1.0,2,1.0,1.0,0.0,0.5,0.5,4.0,1.0,0.0,0.0,0.0,0.0,0.0,1.0,4.0,0.0,2013-04-27,0.0,0.0,-0.491155583457,0.259668694724,-0.231486888733,-0.231486888733,-0.115743444367
2013-04-28,,,,,1.0,,,,,0.0,1.0,0.0,1.0,1.0,0.0,0.0,1.0,2,1.0,1.0,0.0,0.5,0.5,5.0,2.0,0.0,0.0,0.0,0.0,0.0,2.0,5.0,0.0,2013-04-28,0.0,0.0,-0.442040025111,0.233701825251,-0.20833819986,-0.20833819986,-0.10416909993
2013-04-29,,,,,1.0,,,,,,,,,,,,,0,0.0,0.0,0.0,,,5.0,2.0,0.0,0.0,0.0,0.0,0.0,2.0,5.0,0.0,2013-04-29,0.0,0.0,0.0,0.0,0.0,,
2013-04-30,,,,,1.0,,,,,,,,,0.0,1.0,0.0,1.0,1,0.0,1.0,-1.0,0.0,1.0,0.0,3.0,0.0,0.0,0.0,0.0,0.0,2.0,0.0,1.0,2013-04-30,0.0,0.0,0.0,-0.789668357274,-0.789668357274,-0.789668357274,-0.789668357274
2013-05-01,,,,,1.0,,,,,1.0,0.0,0.0,1.0,1.0,0.0,0.0,1.0,2,2.0,0.0,2.0,1.0,0.0,2.0,0.0,0.0,0.0,0.0,0.0,1.0,0.0,1.0,0.0,2013-05-01,0.0,0.0,0.6021639774,0.289298478454,0.891462455853,0.891462455853,0.445731227927
2013-05-02,,,,,1.0,,,,,,,,,1.0,0.0,0.0,1.0,1,1.0,0.0,1.0,1.0,0.0,3.0,0.0,0.0,0.0,0.0,0.0,1.0,0.0,2.0,0.0,2013-05-02,0.0,0.0,0.0,0.260368630608,0.260368630608,0.260368630608,0.260368630608
2013-05-03,,,,,1.0,,,,,,,,,0.0,1.0,0.0,1.0,1,0.0,1.0,-1.0,0.0,1.0,1.0,1.0,0.0,0.0,0.0,0.0,1.0,0.0,0.0,1.0,2013-05-03,0.0,0.0,0.0,-0.765668232453,-0.765668232453,-0.765668232453,-0.765668232453
2013-05-04,,,,,1.0,,,,,0.0,1.0,0.0,1.0,0.0,1.0,0.0,1.0,2,0.0,2.0,-2.0,0.0,1.0,0.0,3.0,0.0,0.0,0.0,0.0,0.0,1.0,0.0,2.0,2013-05-04,0.0,0.0,-0.45805242034,-0.689101409207,-1.14715382955,-1.14715382955,-0.573576914774
2013-05-05,,,,,1.0,,,,,,,,,0.0,1.0,0.0,1.0,1,0.0,1.0,-1.0,0.0,1.0,0.0,4.0,0.0,0.0,0.0,0.0,0.0,1.0,0.0,3.0,2013-05-05,0.0,0.0,0.0,-0.620191268287,-0.620191268287,-0.620191268287,-0.620191268287
2013-05-06,,,,,1.0,,,,,1.0,0.0,0.0,1.0,1.0,0.0,0.0,1.0,2,2.0,0.0,2.0,1.0,0.0,2.0,0.0,0.0,0.0,0.0,0.0,1.0,0.0,1.0,0.0,2013-05-06,0.0,0.0,0.587752821694,0.441827858542,1.02958068024,1.02958068024,0.514790340118
2013-05-07,,,,,1.0,,,,,,,,,0.0,1.0,0.0,1.0,1,0.0,1.0,-1.0,0.0,1.0,1.0,1.0,0.0,0.0,0.0,0.0,1.0,0.0,0.0,1.0,2013-05-07,0.0,0.0,0.0,-0.602354927312,-0.602354927312,-0.602354927312,-0.602354927312
2013-05-08,,,,,1.0,,,,,1.0,0.0,0.0,1.0,0.0,1.0,0.0,1.0,2,1.0,1.0,0.0,0.5,0.5,2.0,2.0,0.0,0.0,0.0,0.0,2.0,0.0,0.0,2.0,2013-05-08,0.0,0.0,0.528977539524,-0.542119434581,-0.0131418950565,-0.0131418950565,-0.00657094752824
2013-05-09,,,,,1.0,,,,,,,,,0.0,1.0,0.0,1.0,1,0.0,1.0,-1.0,0.0,1.0,2.0,3.0,0.0,0.0,0.0,0.0,2.0,0.0,0.0,3.0,2013-05-09,0.0,0.0,0.0,-0.487907491123,-0.487907491123,-0.487907491123,-0.487907491123
2013-05-10,,,,,1.0,,,,,0.0,1.0,0.0,1.0,1.0,0.0,0.0,1.0,2,1.0,1.0,0.0,0.5,0.5,1.0,1.0,0.0,0.0,0.0,0.0,0.0,1.0,1.0,0.0,2013-05-10,0.0,0.0,-0.523920214428,0.560883257989,0.0369630435614,0.0369630435614,0.0184815217807
2013-05-11,,,,,1.0,,,,,,,,,0.0,1.0,0.0,1.0,1,0.0,1.0,-1.0,0.0,1.0,0.0,2.0,0.0,0.0,0.0,0.0,0.0,1.0,0.0,1.0,2013-05-11,0.0,0.0,0.0,-0.495205067809,-0.495205067809,-0.495205067809,-0.495205067809
2013-05-12,,,,,1.0,,,,,0.0,1.0,0.0,1.0,0.0,1.0,0.0,1.0,2,0.0,2.0,-2.0,0.0,1.0,0.0,4.0,0.0,0.0,0.0,0.0,0.0,2.0,0.0,2.0,2013-05-12,0.0,0.0,-0.471528192985,-0.445684561029,-0.917212754014,-0.917212754014,-0.458606377007
2013-05-13,,,,,1.0,,,,,1.0,0.0,0.0,1.0,,,,,1,1.0,0.0,1.0,1.0,0.0,1.0,2.0,0.0,0.0,0.0,0.0,1.0,0.0,0.0,2.0,2013-05-13,0.0,0.0,0.575624626313,0.0,0.575624626313,0.575624626313,0.575624626313
2013-05-14,,,,,1.0,,,,,,,,,0.0,1.0,0.0,1.0,1,0.0,1.0,-1.0,0.0,1.0,1.0,3.0,0.0,0.0,0.0,0.0,1.0,0.0,0.0,3.0,2013-05-14,0.0,0.0,0.0,-0.401116104926,-0.401116104926,-0.401116104926,-0.401116104926
2013-05-15,,,,,1.0,,,,,,,,,1.0,0.0,0.0,1.0,1,1.0,0.0,1.0,1.0,0.0,2.0,0.0,0.0,0.0,0.0,0.0,1.0,0.0,1.0,0.0,2013-05-15,0.0,0.0,0.0,0.638995505567,0.638995505567,0.638995505567,0.638995505567
2013-05-16,,,,,1.0,,,,,1.0,0.0,0.0,1.0,1.0,0.0,0.0,1.0,2,2.0,0.0,2.0,1.0,0.0,4.0,0.0,0.0,0.0,0.0,0.0,2.0,0.0,2.0,0.0,2013-05-16,0.0,0.0,0.518062163682,0.57509595501,1.09315811869,1.09315811869,0.546579059346
2013-05-17,,,,,1.0,,,,,,,,,1.0,0.0,0.0,1.0,1,1.0,0.0,1.0,1.0,0.0,5.0,0.0,0.0,0.0,0.0,0.0,2.0,0.0,3.0,0.0,2013-05-17,0.0,0.0,0.0,0.517586359509,0.517586359509,0.517586359509,0.517586359509
2013-05-18,,,,,1.0,,,,,,,,,1.0,0.0,0.0,1.0,1,1.0,0.0,1.0,1.0,0.0,6.0,0.0,0.0,0.0,0.0,0.0,2.0,0.0,4.0,0.0,2013-05-18,0.0,0.0,0.0,0.465827723558,0.465827723558,0.465827723558,0.465827723558
2013-05-19,,,,,1.0,,,,,1.0,0.0,0.0,1.0,1.0,0.0,0.0,1.0,2,2.0,0.0,2.0,1.0,0.0,8.0,0.0,0.0,0.0,0.0,0.0,3.0,0.0,5.0,0.0,2013-05-19,0.0,0.0,0.466255947314,0.419244951202,0.885500898516,0.885500898516,0.442750449258
2013-05-20,,,,,1.0,,,,,,,,,0.0,1.0,0.0,1.0,1,0.0,1.0,-1.0,0.0,1.0,3.0,1.0,0.0,0.0,0.0,0.0,3.0,0.0,0.0,1.0,2013-05-20,0.0,0.0,0.0,-0.622679543918,-0.622679543918,-0.622679543918,-0.622679543918
2013-05-21,,,,,1.0,,,,,1.0,0.0,0.0,1.0,0.0,1.0,0.0,1.0,2,1.0,1.0,0.0,0.5,0.5,4.0,2.0,0.0,0.0,0.0,0.0,4.0,0.0,0.0,2.0,2013-05-21,0.0,0.0,0.419630352582,-0.560411589526,-0.140781236944,-0.140781236944,-0.0703906184718
2013-05-22,,,,,1.0,,,,,,,,,1.0,0.0,0.0,1.0,1,1.0,0.0,1.0,1.0,0.0,5.0,0.0,0.0,0.0,0.0,0.0,4.0,0.0,1.0,0.0,2013-05-22,0.0,0.0,0.0,0.495629569427,0.495629569427,0.495629569427,0.495629569427
2013-05-23,,,,,1.0,,,,,0.0,1.0,0.0,1.0,0.0,1.0,0.0,1.0,2,0.0,2.0,-2.0,0.0,1.0,0.0,2.0,0.0,0.0,0.0,0.0,0.0,1.0,0.0,1.0,2013-05-23,0.0,0.0,-0.622332682676,-0.553933387516,-1.17626607019,-1.17626607019,-0.588133035096
2013-05-24,,,,,1.0,,,,,,,,,1.0,0.0,0.0,1.0,1,1.0,0.0,1.0,1.0,0.0,1.0,1.0,0.0,0.0,0.0,0.0,0.0,1.0,1.0,0.0,2013-05-24,0.0,0.0,0.0,0.501459951236,0.501459951236,0.501459951236,0.501459951236
2013-05-25,,,,,1.0,,,,,1.0,0.0,0.0,1.0,1.0,0.0,0.0,1.0,2,2.0,0.0,2.0,1.0,0.0,3.0,0.0,0.0,0.0,0.0,0.0,1.0,0.0,2.0,0.0,2013-05-25,0.0,0.0,0.439900585592,0.451313956112,0.891214541704,0.891214541704,0.445607270852
2013-05-26,,,,,1.0,,,,,,,,,1.0,0.0,0.0,1.0,1,1.0,0.0,1.0,1.0,0.0,4.0,0.0,0.0,0.0,0.0,0.0,1.0,0.0,3.0,0.0,2013-05-26,0.0,0.0,0.0,0.406182560501,0.406182560501,0.406182560501,0.406182560501
2013-05-27,,,,,1.0,,,,,,,,,1.0,0.0,0.0,1.0,1,1.0,0.0,1.0,1.0,0.0,5.0,0.0,0.0,0.0,0.0,0.0,1.0,0.0,4.0,0.0,2013-05-27,0.0,0.0,0.0,0.365564304451,0.365564304451,0.365564304451,0.365564304451
2013-05-28,,,,,1.0,,,,,,,,,0.0,1.0,0.0,1.0,1,0.0,1.0,-1.0,0.0,1.0,1.0,1.0,0.0,0.0,0.0,0.0,1.0,0.0,0.0,1.0,2013-05-28,0.0,0.0,0.0,-0.670992125994,-0.670992125994,-0.670992125994,-0.670992125994
2013-05-29,,,,,1.0,,,,,,,,,0.0,1.0,0.0,1.0,1,0.0,1.0,-1.0,0.0,1.0,1.0,2.0,0.0,0.0,0.0,0.0,1.0,0.0,0.0,2.0,2013-05-29,0.0,0.0,0.0,-0.603892913395,-0.603892913395,-0.603892913395,-0.603892913395
2013-05-30,,,,,1.0,,,,,,,,,1.0,0.0,0.0,1.0,1,1.0,0.0,1.0,1.0,0.0,2.0,0.0,0.0,0.0,0.0,0.0,1.0,0.0,1.0,0.0,2013-05-30,0.0,0.0,0.0,0.456496377945,0.456496377945,0.456496377945,0.456496377945
2013-05-31,,,,,1.0,,,,,,,,,0.0,1.0,0.0,1.0,1,0.0,1.0,-1.0,0.0,1.0,1.0,1.0,0.0,0.0,0.0,0.0,1.0,0.0,0.0,1.0,2013-05-31,0.0,0.0,0.0,-0.58915325985,-0.58915325985,-0.58915325985,-0.58915325985
2013-06-01,,,,,1.0,,,,,1.0,0.0,0.0,1.0,1.0,0.0,0.0,1.0,2,2.0,0.0,2.0,1.0,0.0,3.0,0.0,0.0,0.0,0.0,0.0,2.0,0.0,1.0,0.0,2013-06-01,0.0,0.0,0.395910527033,0.469762066135,0.865672593168,0.865672593168,0.432836296584
2013-06-02,,,,,1.0,,,,,,,,,1.0,0.0,0.0,1.0,1,1.0,0.0,1.0,1.0,0.0,4.0,0.0,0.0,0.0,0.0,0.0,2.0,0.0,2.0,0.0,2013-06-02,0.0,0.0,0.0,0.422785859522,0.422785859522,0.422785859522,0.422785859522
2013-06-03,,,,,1.0,,,,,1.0,0.0,0.0,1.0,,,,,1,1.0,0.0,1.0,1.0,0.0,5.0,0.0,0.0,0.0,0.0,0.0,3.0,0.0,2.0,0.0,2013-06-03,0.0,0.0,0.356319474329,0.0,0.356319474329,0.356319474329,0.356319474329
2013-06-04,,,,,1.0,,,,,,,,,1.0,0.0,0.0,1.0,1,1.0,0.0,1.0,1.0,0.0,6.0,0.0,0.0,0.0,0.0,0.0,3.0,0.0,3.0,0.0,2013-06-04,0.0,0.0,0.0,0.380507273569,0.380507273569,0.380507273569,0.380507273569
2013-06-05,,,,,1.0,,,,,1.0,0.0,0.0,1.0,0.0,1.0,0.0,1.0,2,1.0,1.0,0.0,0.5,0.5,4.0,1.0,0.0,0.0,0.0,0.0,4.0,0.0,0.0,1.0,2013-06-05,0.0,0.0,0.320687526896,-0.657543453788,-0.336855926891,-0.336855926891,-0.168427963446
2013-06-06,,,,,1.0,,,,,,,,,1.0,0.0,0.0,1.0,1,1.0,0.0,1.0,1.0,0.0,5.0,0.0,0.0,0.0,0.0,0.0,4.0,0.0,1.0,0.0,2013-06-06,0.0,0.0,0.0,0.408210891591,0.408210891591,0.408210891591,0.408210891591
2013-06-07,,,,,1.0,,,,,1.0,0.0,0.0,1.0,,,,,1,1.0,0.0,1.0,1.0,0.0,6.0,0.0,0.0,0.0,0.0,0.0,5.0,0.0,1.0,0.0,2013-06-07,0.0,0.0,0.288618774207,0.0,0.288618774207,0.288618774207,0.288618774207
2013-06-08,,,,,1.0,,,,,,,,,1.0,1.0,0.0,2.0,1,1.0,1.0,0.0,0.5,0.5,7.0,1.0,0.0,0.0,0.0,0.0,5.0,0.0,2.0,1.0,2013-06-08,0.0,0.0,0.0,-0.132610197568,-0.132610197568,-0.132610197568,-0.132610197568
2013-06-09,,,,,1.0,,,,,,,,,1.0,0.0,0.0,1.0,1,1.0,0.0,1.0,1.0,0.0,8.0,0.0,0.0,0.0,0.0,0.0,5.0,0.0,3.0,0.0,2013-06-09,0.0,0.0,0.0,0.380650822189,0.380650822189,0.380650822189,0.380650822189
2013-06-10,,,,,1.0,,,,,,,,,1.0,0.0,0.0,1.0,1,1.0,0.0,1.0,1.0,0.0,9.0,0.0,0.0,0.0,0.0,0.0,5.0,0.0,4.0,0.0,2013-06-10,0.0,0.0,0.0,0.34258573997,0.34258573997,0.34258573997,0.34258573997
2013-06-11,,,,,1.0,,,,,,,,,0.0,1.0,0.0,1.0,1,0.0,1.0,-1.0,0.0,1.0,5.0,1.0,0.0,0.0,0.0,0.0,5.0,0.0,0.0,1.0,2013-06-11,0.0,0.0,0.0,-0.691672834027,-0.691672834027,-0.691672834027,-0.691672834027
2013-06-12,,,,,1.0,,,,,0.0,1.0,0.0,1.0,1.0,0.0,0.0,1.0,2,1.0,1.0,0.0,0.5,0.5,1.0,1.0,0.0,0.0,0.0,0.0,0.0,1.0,1.0,0.0,2013-06-12,0.0,0.0,-0.740243103214,0.377494449376,-0.362748653838,-0.362748653838,-0.181374326919
2013-06-13,,,,,1.0,,,,,,,,,0.0,1.0,0.0,1.0,1,0.0,1.0,-1.0,0.0,1.0,0.0,2.0,0.0,0.0,0.0,0.0,0.0,1.0,0.0,1.0,2013-06-13,0.0,0.0,0.0,-0.660254995562,-0.660254995562,-0.660254995562,-0.660254995562
2013-06-14,,,,,1.0,,,,,,,,,0.0,1.0,0.0,1.0,1,0.0,1.0,-1.0,0.0,1.0,0.0,3.0,0.0,0.0,0.0,0.0,0.0,1.0,0.0,2.0,2013-06-14,0.0,0.0,0.0,-0.594229496006,-0.594229496006,-0.594229496006,-0.594229496006
2013-06-15,,,,,1.0,,,,,1.0,0.0,0.0,1.0,1.0,0.0,0.0,1.0,2,2.0,0.0,2.0,1.0,0.0,2.0,0.0,0.0,0.0,0.0,0.0,1.0,0.0,1.0,0.0,2013-06-15,0.0,0.0,0.333781207107,0.465193453595,0.798974660702,0.798974660702,0.399487330351
2013-06-16,,,,,1.0,,,,,,,,,0.0,1.0,0.0,1.0,1,0.0,1.0,-1.0,0.0,1.0,1.0,1.0,0.0,0.0,0.0,0.0,1.0,0.0,0.0,1.0,2013-06-16,0.0,0.0,0.0,-0.581325891765,-0.581325891765,-0.581325891765,-0.581325891765
2013-06-17,,,,,1.0,,,,,1.0,0.0,0.0,1.0,,,,,1,1.0,0.0,1.0,1.0,0.0,2.0,1.0,0.0,0.0,0.0,0.0,2.0,0.0,0.0,1.0,2013-06-17,0.0,0.0,0.300403086397,0.0,0.300403086397,0.300403086397,0.300403086397
2013-06-18,,,,,1.0,,,,,,,,,2.0,0.0,0.0,2.0,1,2.0,0.0,2.0,1.0,0.0,2.0,1.0,0.0,0.0,0.0,0.0,2.0,0.0,0.0,1.0,2013-06-18,0.0,0.0,0.0,0.476806697412,0.476806697412,0.476806697412,0.476806697412
2013-06-19,,,,,1.0,,,,,0.0,1.0,0.0,1.0,0.0,1.0,0.0,1.0,2,0.0,2.0,-2.0,0.0,1.0,0.0,3.0,0.0,0.0,0.0,0.0,0.0,1.0,0.0,2.0,2013-06-19,0.0,0.0,-0.729637222243,-0.570873972329,-1.30051119457,-1.30051119457,-0.650255597286
2013-06-20,,,,,1.0,,,,,,,,,0.0,1.0,0.0,1.0,1,0.0,1.0,-1.0,0.0,1.0,0.0,4.0,0.0,0.0,0.0,0.0,0.0,1.0,0.0,3.0,2013-06-20,0.0,0.0,0.0,-0.513786575096,-0.513786575096,-0.513786575096,-0.513786575096
2013-06-21,,,,,1.0,,,,,,,,,1.0,0.0,0.0,1.0,1,1.0,0.0,1.0,1.0,0.0,1.0,1.0,0.0,0.0,0.0,0.0,0.0,1.0,1.0,0.0,2013-06-21,0.0,0.0,0.0,0.537592082413,0.537592082413,0.537592082413,0.537592082413
2013-06-22,,,,,1.0,,,,,0.0,1.0,0.0,1.0,0.0,1.0,0.0,1.0,2,0.0,2.0,-2.0,0.0,1.0,0.0,3.0,0.0,0.0,0.0,0.0,0.0,2.0,0.0,1.0,2013-06-22,0.0,0.0,-0.656673500019,-0.516167125828,-1.17284062585,-1.17284062585,-0.586420312923
2013-06-23,,,,,1.0,,,,,,,,,0.0,1.0,0.0,1.0,1,0.0,1.0,-1.0,0.0,1.0,0.0,4.0,0.0,0.0,0.0,0.0,0.0,2.0,0.0,2.0,2013-06-23,0.0,0.0,0.0,-0.464550413245,-0.464550413245,-0.464550413245,-0.464550413245
2013-06-24,,,,,1.0,,,,,0.0,1.0,0.0,1.0,,,,,1,0.0,1.0,-1.0,0.0,1.0,0.0,5.0,0.0,0.0,0.0,0.0,0.0,3.0,0.0,2.0,2013-06-24,0.0,0.0,-0.591006150017,0.0,-0.591006150017,-0.591006150017,-0.591006150017
2013-06-25,,,,,1.0,,,,,,,,,1.0,0.0,0.0,1.0,1,1.0,0.0,1.0,1.0,0.0,1.0,0.0,0.0,0.0,0.0,0.0,0.0,0.0,1.0,0.0,2013-06-25,0.0,0.0,0.0,0.581904628079,0.581904628079,0.581904628079,0.581904628079
2013-06-26,,,,,1.0,,,,,,,,,1.0,0.0,0.0,1.0,1,1.0,0.0,1.0,1.0,0.0,2.0,0.0,0.0,0.0,0.0,0.0,0.0,0.0,2.0,0.0,2013-06-26,0.0,0.0,0.0,0.523714165271,0.523714165271,0.523714165271,0.523714165271
2013-06-27,,,,,1.0,,,,,,,,,1.0,0.0,0.0,1.0,1,1.0,0.0,1.0,1.0,0.0,3.0,0.0,0.0,0.0,0.0,0.0,0.0,0.0,3.0,0.0,2013-06-27,0.0,0.0,0.0,0.471342748744,0.471342748744,0.471342748744,0.471342748744
2013-06-28,,,,,1.0,,,,,,,,,1.0,0.0,0.0,1.0,1,1.0,0.0,1.0,1.0,0.0,4.0,0.0,0.0,0.0,0.0,0.0,0.0,0.0,4.0,0.0,2013-06-28,0.0,0.0,0.0,0.42420847387,0.42420847387,0.42420847387,0.42420847387
2013-06-29,,,,,1.0,,,,,,,,,0.0,1.0,0.0,1.0,1,0.0,1.0,-1.0,0.0,1.0,0.0,1.0,0.0,0.0,0.0,0.0,0.0,0.0,0.0,1.0,2013-06-29,0.0,0.0,0.0,-0.618212373517,-0.618212373517,-0.618212373517,-0.618212373517
2013-06-30,,,,,1.0,,,,,,,,,1.0,0.0,0.0,1.0,1,1.0,0.0,1.0,1.0,0.0,1.0,0.0,0.0,0.0,0.0,0.0,0.0,0.0,1.0,0.0,2013-06-30,0.0,0.0,0.0,0.443608863835,0.443608863835,0.443608863835,0.443608863835
2013-07-01,,,,,1.0,,,,,,,,,,,,,0,0.0,0.0,0.0,,,1.0,0.0,0.0,0.0,0.0,0.0,0.0,0.0,1.0,0.0,2013-07-01,0.0,0.0,0.0,0.0,0.0,,
2013-07-02,,,,,1.0,,,,,,,,,1.0,0.0,0.0,1.0,1,1.0,0.0,1.0,1.0,0.0,2.0,0.0,0.0,0.0,0.0,0.0,0.0,0.0,2.0,0.0,2013-07-02,0.0,0.0,0.0,0.399247977451,0.399247977451,0.399247977451,0.399247977451
2013-07-03,,,,,1.0,,,,,,,,,1.0,0.0,0.0,1.0,1,1.0,0.0,1.0,1.0,0.0,3.0,0.0,0.0,0.0,0.0,0.0,0.0,0.0,3.0,0.0,2013-07-03,0.0,0.0,0.0,0.359323179706,0.359323179706,0.359323179706,0.359323179706
2013-07-04,,,,,1.0,,,,,,,,,1.0,0.0,0.0,1.0,1,1.0,0.0,1.0,1.0,0.0,4.0,0.0,0.0,0.0,0.0,0.0,0.0,0.0,4.0,0.0,2013-07-04,0.0,0.0,0.0,0.323390861735,0.323390861735,0.323390861735,0.323390861735
2013-07-05,,,,,1.0,,,,,,,,,1.0,0.0,0.0,1.0,1,1.0,0.0,1.0,1.0,0.0,5.0,0.0,0.0,0.0,0.0,0.0,0.0,0.0,5.0,0.0,2013-07-05,0.0,0.0,0.0,0.291051775562,0.291051775562,0.291051775562,0.291051775562
2013-07-06,,,,,1.0,,,,,,,,,0.0,1.0,0.0,1.0,1,0.0,1.0,-1.0,0.0,1.0,0.0,1.0,0.0,0.0,0.0,0.0,0.0,0.0,0.0,1.0,2013-07-06,0.0,0.0,0.0,-0.738053401994,-0.738053401994,-0.738053401994,-0.738053401994
2013-07-07,,,,,1.0,,,,,,,,,0.0,1.0,0.0,1.0,1,0.0,1.0,-1.0,0.0,1.0,0.0,2.0,0.0,0.0,0.0,0.0,0.0,0.0,0.0,2.0,2013-07-07,0.0,0.0,0.0,-0.664248061795,-0.664248061795,-0.664248061795,-0.664248061795
2013-07-08,,,,,1.0,,,,,,,,,0.0,1.0,0.0,1.0,1,0.0,1.0,-1.0,0.0,1.0,0.0,3.0,0.0,0.0,0.0,0.0,0.0,0.0,0.0,3.0,2013-07-08,0.0,0.0,0.0,-0.597823255615,-0.597823255615,-0.597823255615,-0.597823255615
2013-07-09,,,,,1.0,,,,,,,,,1.0,0.0,0.0,1.0,1,1.0,0.0,1.0,1.0,0.0,1.0,0.0,0.0,0.0,0.0,0.0,0.0,0.0,1.0,0.0,2013-07-09,0.0,0.0,0.0,0.461959069946,0.461959069946,0.461959069946,0.461959069946
2013-07-10,,,,,1.0,,,,,,,,,1.0,0.0,0.0,1.0,1,1.0,0.0,1.0,1.0,0.0,2.0,0.0,0.0,0.0,0.0,0.0,0.0,0.0,2.0,0.0,2013-07-10,0.0,0.0,0.0,0.415763162952,0.415763162952,0.415763162952,0.415763162952
2013-07-11,,,,,1.0,,,,,,,,,1.0,0.0,0.0,1.0,1,1.0,0.0,1.0,1.0,0.0,3.0,0.0,0.0,0.0,0.0,0.0,0.0,0.0,3.0,0.0,2013-07-11,0.0,0.0,0.0,0.374186846656,0.374186846656,0.374186846656,0.374186846656
2013-07-12,,,,,1.0,,,,,,,,,1.0,0.0,0.0,1.0,1,1.0,0.0,1.0,1.0,0.0,4.0,0.0,0.0,0.0,0.0,0.0,0.0,0.0,4.0,0.0,2013-07-12,0.0,0.0,0.0,0.336768161991,0.336768161991,0.336768161991,0.336768161991
2013-07-13,,,,,1.0,,,,,,,,,0.0,1.0,0.0,1.0,1,0.0,1.0,-1.0,0.0,1.0,0.0,1.0,0.0,0.0,0.0,0.0,0.0,0.0,0.0,1.0,2013-07-13,0.0,0.0,0.0,-0.696908654208,-0.696908654208,-0.696908654208,-0.696908654208
2013-07-14,,,,,1.0,,,,,,,,,0.0,1.0,0.0,1.0,1,0.0,1.0,-1.0,0.0,1.0,0.0,2.0,0.0,0.0,0.0,0.0,0.0,0.0,0.0,2.0,2013-07-14,0.0,0.0,0.0,-0.627217788788,-0.627217788788,-0.627217788788,-0.627217788788
2013-07-15,,,,,0.0,,,,,,,,,,,,,0,0.0,0.0,0.0,,,0.0,2.0,0.0,0.0,0.0,0.0,0.0,0.0,0.0,2.0,2013-07-15,0.0,0.0,0.0,0.0,0.0,,
2013-07-16,,,,,0.0,,,,,,,,,,,,,0,0.0,0.0,0.0,,,0.0,2.0,0.0,0.0,0.0,0.0,0.0,0.0,0.0,2.0,2013-07-16,0.0,0.0,0.0,0.0,0.0,,
2013-07-17,,,,,0.0,,,,,,,,,,,,,0,0.0,0.0,0.0,,,0.0,2.0,0.0,0.0,0.0,0.0,0.0,0.0,0.0,2.0,2013-07-17,0.0,0.0,0.0,0.0,0.0,,
2013-07-18,,,,,0.0,,,,,,,,,,,,,0,0.0,0.0,0.0,,,0.0,2.0,0.0,0.0,0.0,0.0,0.0,0.0,0.0,2.0,2013-07-18,0.0,0.0,0.0,0.0,0.0,,
2013-07-19,,,,,1.0,,,,,,,,,1.0,0.0,0.0,1.0,1,1.0,0.0,1.0,1.0,0.0,1.0,0.0,0.0,0.0,0.0,0.0,0.0,0.0,1.0,0.0,2013-07-19,0.0,0.0,0.0,0.435503990091,0.435503990091,0.435503990091,0.435503990091
2013-07-20,,,,,1.0,,,,,,,,,0.0,1.0,0.0,1.0,1,0.0,1.0,-1.0,0.0,1.0,0.0,1.0,0.0,0.0,0.0,0.0,0.0,0.0,0.0,1.0,2013-07-20,0.0,0.0,0.0,-0.608046408918,-0.608046408918,-0.608046408918,-0.608046408918
2013-07-21,,,,,1.0,,,,,,,,,1.0,0.0,0.0,1.0,1,1.0,0.0,1.0,1.0,0.0,1.0,0.0,0.0,0.0,0.0,0.0,0.0,0.0,1.0,0.0,2013-07-21,0.0,0.0,0.0,0.452758231974,0.452758231974,0.452758231974,0.452758231974
2013-07-22,,,,,1.0,,,,,,,,,0.0,1.0,0.0,1.0,1,0.0,1.0,-1.0,0.0,1.0,0.0,1.0,0.0,0.0,0.0,0.0,0.0,0.0,0.0,1.0,2013-07-22,0.0,0.0,0.0,-0.592517591223,-0.592517591223,-0.592517591223,-0.592517591223
2013-07-23,,,,,1.0,,,,,,,,,1.0,0.0,0.0,1.0,1,1.0,0.0,1.0,1.0,0.0,1.0,0.0,0.0,0.0,0.0,0.0,0.0,0.0,1.0,0.0,2013-07-23,0.0,0.0,0.0,0.466734167899,0.466734167899,0.466734167899,0.466734167899
2013-07-24,,,,,1.0,,,,,,,,,0.0,1.0,0.0,1.0,1,0.0,1.0,-1.0,0.0,1.0,0.0,1.0,0.0,0.0,0.0,0.0,0.0,0.0,0.0,1.0,2013-07-24,0.0,0.0,0.0,-0.579939248891,-0.579939248891,-0.579939248891,-0.579939248891
2013-07-25,,,,,1.0,,,,,,,,,,,,,0,0.0,0.0,0.0,,,0.0,1.0,0.0,0.0,0.0,0.0,0.0,0.0,0.0,1.0,2013-07-25,0.0,0.0,0.0,0.0,0.0,,
2013-07-26,,,,,1.0,,,,,,,,,0.0,1.0,0.0,1.0,1,0.0,1.0,-1.0,0.0,1.0,0.0,2.0,0.0,0.0,0.0,0.0,0.0,0.0,0.0,2.0,2013-07-26,0.0,0.0,0.0,-0.521945324002,-0.521945324002,-0.521945324002,-0.521945324002
2013-07-27,,,,,1.0,,,,,,,,,1.0,0.0,0.0,1.0,1,1.0,0.0,1.0,1.0,0.0,1.0,0.0,0.0,0.0,0.0,0.0,0.0,0.0,1.0,0.0,2013-07-27,0.0,0.0,0.0,0.530249208398,0.530249208398,0.530249208398,0.530249208398
2013-07-28,,,,,1.0,,,,,,,,,1.0,0.0,0.0,1.0,1,1.0,0.0,1.0,1.0,0.0,2.0,0.0,0.0,0.0,0.0,0.0,0.0,0.0,2.0,0.0,2013-07-28,0.0,0.0,0.0,0.477224287558,0.477224287558,0.477224287558,0.477224287558
2013-07-29,,,,,1.0,,,,,,,,,0.0,1.0,0.0,1.0,1,0.0,1.0,-1.0,0.0,1.0,0.0,1.0,0.0,0.0,0.0,0.0,0.0,0.0,0.0,1.0,2013-07-29,0.0,0.0,0.0,-0.570498141197,-0.570498141197,-0.570498141197,-0.570498141197
2013-07-30,,,,,1.0,,,,,,,,,1.0,0.0,0.0,1.0,1,1.0,0.0,1.0,1.0,0.0,1.0,0.0,0.0,0.0,0.0,0.0,0.0,0.0,1.0,0.0,2013-07-30,0.0,0.0,0.0,0.486551672922,0.486551672922,0.486551672922,0.486551672922
2013-07-31,,,,,1.0,,,,,,,,,1.0,0.0,0.0,1.0,1,1.0,0.0,1.0,1.0,0.0,2.0,0.0,0.0,0.0,0.0,0.0,0.0,0.0,2.0,0.0,2013-07-31,0.0,0.0,0.0,0.43789650563,0.43789650563,0.43789650563,0.43789650563
2013-08-01,,,,,1.0,,,,,,,,,1.0,0.0,0.0,1.0,1,1.0,0.0,1.0,1.0,0.0,3.0,0.0,0.0,0.0,0.0,0.0,0.0,0.0,3.0,0.0,2013-08-01,0.0,0.0,0.0,0.394106855067,0.394106855067,0.394106855067,0.394106855067
2013-08-02,,,,,1.0,,,,,,,,,0.0,1.0,0.0,1.0,1,0.0,1.0,-1.0,0.0,1.0,0.0,1.0,0.0,0.0,0.0,0.0,0.0,0.0,0.0,1.0,2013-08-02,0.0,0.0,0.0,-0.64530383044,-0.64530383044,-0.64530383044,-0.64530383044
2013-08-03,,,,,1.0,,,,,,,,,1.0,0.0,0.0,1.0,1,1.0,0.0,1.0,1.0,0.0,1.0,0.0,0.0,0.0,0.0,0.0,0.0,0.0,1.0,0.0,2013-08-03,0.0,0.0,0.0,0.419226552604,0.419226552604,0.419226552604,0.419226552604
2013-08-04,,,,,1.0,,,,,,,,,1.0,0.0,0.0,1.0,1,1.0,0.0,1.0,1.0,0.0,2.0,0.0,0.0,0.0,0.0,0.0,0.0,0.0,2.0,0.0,2013-08-04,0.0,0.0,0.0,0.377303897344,0.377303897344,0.377303897344,0.377303897344
2013-08-05,,,,,1.0,,,,,,,,,0.0,1.0,0.0,1.0,1,0.0,1.0,-1.0,0.0,1.0,0.0,1.0,0.0,0.0,0.0,0.0,0.0,0.0,0.0,1.0,2013-08-05,0.0,0.0,0.0,-0.66042649239,-0.66042649239,-0.66042649239,-0.66042649239
2013-08-06,,,,,1.0,,,,,,,,,1.0,0.0,0.0,1.0,1,1.0,0.0,1.0,1.0,0.0,1.0,0.0,0.0,0.0,0.0,0.0,0.0,0.0,1.0,0.0,2013-08-06,0.0,0.0,0.0,0.405616156849,0.405616156849,0.405616156849,0.405616156849
2013-08-07,,,,,1.0,,,,,,,,,1.0,0.0,0.0,1.0,1,1.0,0.0,1.0,1.0,0.0,2.0,0.0,0.0,0.0,0.0,0.0,0.0,0.0,2.0,0.0,2013-08-07,0.0,0.0,0.0,0.365054541164,0.365054541164,0.365054541164,0.365054541164
2013-08-08,,,,,1.0,,,,,,,,,0.0,1.0,0.0,1.0,1,0.0,1.0,-1.0,0.0,1.0,0.0,1.0,0.0,0.0,0.0,0.0,0.0,0.0,0.0,1.0,2013-08-08,0.0,0.0,0.0,-0.671450912953,-0.671450912953,-0.671450912953,-0.671450912953
2013-08-09,,,,,1.0,,,,,,,,,0.0,1.0,0.0,1.0,1,0.0,1.0,-1.0,0.0,1.0,0.0,2.0,0.0,0.0,0.0,0.0,0.0,0.0,0.0,2.0,2013-08-09,0.0,0.0,0.0,-0.604305821657,-0.604305821657,-0.604305821657,-0.604305821657
2013-08-10,,,,,1.0,,,,,,,,,1.0,0.0,0.0,1.0,1,1.0,0.0,1.0,1.0,0.0,1.0,0.0,0.0,0.0,0.0,0.0,0.0,0.0,1.0,0.0,2013-08-10,0.0,0.0,0.0,0.456124760508,0.456124760508,0.456124760508,0.456124760508
2013-08-11,,,,,1.0,,,,,,,,,0.0,1.0,0.0,1.0,1,0.0,1.0,-1.0,0.0,1.0,0.0,1.0,0.0,0.0,0.0,0.0,0.0,0.0,0.0,1.0,2013-08-11,0.0,0.0,0.0,-0.589487715542,-0.589487715542,-0.589487715542,-0.589487715542
2013-08-12,,,,,1.0,,,,,,,,,,,,,0,0.0,0.0,0.0,,,0.0,1.0,0.0,0.0,0.0,0.0,0.0,0.0,0.0,1.0,2013-08-12,0.0,0.0,0.0,0.0,0.0,,
2013-08-13,,,,,1.0,,,,,,,,,1.0,0.0,0.0,1.0,1,1.0,0.0,1.0,1.0,0.0,1.0,0.0,0.0,0.0,0.0,0.0,0.0,0.0,1.0,0.0,2013-08-13,0.0,0.0,0.0,0.469461056012,0.469461056012,0.469461056012,0.469461056012
2013-08-14,,,,,1.0,,,,,,,,,0.0,1.0,0.0,1.0,1,0.0,1.0,-1.0,0.0,1.0,0.0,1.0,0.0,0.0,0.0,0.0,0.0,0.0,0.0,1.0,2013-08-14,0.0,0.0,0.0,-0.577485049589,-0.577485049589,-0.577485049589,-0.577485049589
2013-08-15,,,,,1.0,,,,,,,,,0.0,1.0,0.0,1.0,1,0.0,1.0,-1.0,0.0,1.0,0.0,2.0,0.0,0.0,0.0,0.0,0.0,0.0,0.0,2.0,2013-08-15,0.0,0.0,0.0,-0.51973654463,-0.51973654463,-0.51973654463,-0.51973654463
2013-08-16,,,,,1.0,,,,,,,,,0.0,1.0,0.0,1.0,1,0.0,1.0,-1.0,0.0,1.0,0.0,3.0,0.0,0.0,0.0,0.0,0.0,0.0,0.0,3.0,2013-08-16,0.0,0.0,0.0,-0.467762890167,-0.467762890167,-0.467762890167,-0.467762890167
2013-08-17,,,,,1.0,,,,,,,,,1.0,0.0,0.0,1.0,1,1.0,0.0,1.0,1.0,0.0,1.0,0.0,0.0,0.0,0.0,0.0,0.0,0.0,1.0,0.0,2013-08-17,0.0,0.0,0.0,0.579013398849,0.579013398849,0.579013398849,0.579013398849
2013-08-18,,,,,1.0,,,,,,,,,0.0,1.0,0.0,1.0,1,0.0,1.0,-1.0,0.0,1.0,0.0,1.0,0.0,0.0,0.0,0.0,0.0,0.0,0.0,1.0,2013-08-18,0.0,0.0,0.0,-0.478887941036,-0.478887941036,-0.478887941036,-0.478887941036
2013-08-19,,,,,1.0,,,,,,,,,1.0,0.0,0.0,1.0,1,1.0,0.0,1.0,1.0,0.0,1.0,0.0,0.0,0.0,0.0,0.0,0.0,0.0,1.0,0.0,2013-08-19,0.0,0.0,0.0,0.569000853068,0.569000853068,0.569000853068,0.569000853068
2013-08-20,,,,,1.0,,,,,,,,,0.0,1.0,0.0,1.0,1,0.0,1.0,-1.0,0.0,1.0,0.0,1.0,0.0,0.0,0.0,0.0,0.0,0.0,0.0,1.0,2013-08-20,0.0,0.0,0.0,-0.487899232239,-0.487899232239,-0.487899232239,-0.487899232239
2013-08-21,,,,,1.0,,,,,,,,,1.0,0.0,0.0,1.0,1,1.0,0.0,1.0,1.0,0.0,1.0,0.0,0.0,0.0,0.0,0.0,0.0,0.0,1.0,0.0,2013-08-21,0.0,0.0,0.0,0.560890690985,0.560890690985,0.560890690985,0.560890690985
2013-08-22,,,,,1.0,,,,,,,,,,,,,0,0.0,0.0,0.0,,,1.0,0.0,0.0,0.0,0.0,0.0,0.0,0.0,1.0,0.0,2013-08-22,0.0,0.0,0.0,0.0,0.0,,
2013-08-23,,,,,1.0,,,,,,,,,0.0,1.0,0.0,1.0,1,0.0,1.0,-1.0,0.0,1.0,0.0,1.0,0.0,0.0,0.0,0.0,0.0,0.0,0.0,1.0,2013-08-23,0.0,0.0,0.0,-0.495198378113,-0.495198378113,-0.495198378113,-0.495198378113
2013-08-24,,,,,1.0,,,,,,,,,1.0,0.0,0.0,1.0,1,1.0,0.0,1.0,1.0,0.0,1.0,0.0,0.0,0.0,0.0,0.0,0.0,0.0,1.0,0.0,2013-08-24,0.0,0.0,0.0,0.554321459698,0.554321459698,0.554321459698,0.554321459698
2013-08-25,,,,,1.0,,,,,,,,,1.0,0.0,0.0,1.0,1,1.0,0.0,1.0,1.0,0.0,2.0,0.0,0.0,0.0,0.0,0.0,0.0,0.0,2.0,0.0,2013-08-25,0.0,0.0,0.0,0.498889313728,0.498889313728,0.498889313728,0.498889313728
2013-08-26,,,,,1.0,,,,,,,,,,,,,0,0.0,0.0,0.0,,,2.0,0.0,0.0,0.0,0.0,0.0,0.0,0.0,2.0,0.0,2013-08-26,0.0,0.0,0.0,0.0,0.0,,
2013-08-27,,,,,1.0,,,,,,,,,1.0,0.0,0.0,1.0,1,1.0,0.0,1.0,1.0,0.0,3.0,0.0,0.0,0.0,0.0,0.0,0.0,0.0,3.0,0.0,2013-08-27,0.0,0.0,0.0,0.449000382355,0.449000382355,0.449000382355,0.449000382355
2013-08-28,,,,,1.0,,,,,,,,,1.0,0.0,0.0,1.0,1,1.0,0.0,1.0,1.0,0.0,4.0,0.0,0.0,0.0,0.0,0.0,0.0,0.0,4.0,0.0,2013-08-28,0.0,0.0,0.0,0.40410034412,0.40410034412,0.40410034412,0.40410034412
2013-08-29,,,,,1.0,,,,,,,,,0.0,1.0,0.0,1.0,1,0.0,1.0,-1.0,0.0,1.0,0.0,1.0,0.0,0.0,0.0,0.0,0.0,0.0,0.0,1.0,2013-08-29,0.0,0.0,0.0,-0.636309690292,-0.636309690292,-0.636309690292,-0.636309690292
2013-08-30,,,,,1.0,,,,,,,,,1.0,0.0,0.0,1.0,1,1.0,0.0,1.0,1.0,0.0,1.0,0.0,0.0,0.0,0.0,0.0,0.0,0.0,1.0,0.0,2013-08-30,0.0,0.0,0.0,0.427321278737,0.427321278737,0.427321278737,0.427321278737
2013-08-31,,,,,1.0,,,,,,,,,1.0,0.0,0.0,1.0,1,1.0,0.0,1.0,1.0,0.0,2.0,0.0,0.0,0.0,0.0,0.0,0.0,0.0,2.0,0.0,2013-08-31,0.0,0.0,0.0,0.384589150863,0.384589150863,0.384589150863,0.384589150863
2013-09-01,,,,,1.0,,,,,,,,,1.0,0.0,0.0,1.0,1,1.0,0.0,1.0,1.0,0.0,3.0,0.0,0.0,0.0,0.0,0.0,0.0,0.0,3.0,0.0,2013-09-01,0.0,0.0,0.0,0.346130235777,0.346130235777,0.346130235777,0.346130235777
2013-09-02,,,,,1.0,,,,,,,,,0.0,1.0,0.0,1.0,1,0.0,1.0,-1.0,0.0,1.0,0.0,1.0,0.0,0.0,0.0,0.0,0.0,0.0,0.0,1.0,2013-09-02,0.0,0.0,0.0,-0.688482787801,-0.688482787801,-0.688482787801,-0.688482787801
2013-09-03,,,,,1.0,,,,,,,,,1.0,0.0,0.0,1.0,1,1.0,0.0,1.0,1.0,0.0,1.0,0.0,0.0,0.0,0.0,0.0,0.0,0.0,1.0,0.0,2013-09-03,0.0,0.0,0.0,0.380365490979,0.380365490979,0.380365490979,0.380365490979
2013-09-04,,,,,1.0,,,,,,,,,1.0,0.0,0.0,1.0,1,1.0,0.0,1.0,1.0,0.0,2.0,0.0,0.0,0.0,0.0,0.0,0.0,0.0,2.0,0.0,2013-09-04,0.0,0.0,0.0,0.342328941881,0.342328941881,0.342328941881,0.342328941881
2013-09-05,,,,,1.0,,,,,,,,,1.0,0.0,0.0,1.0,1,1.0,0.0,1.0,1.0,0.0,3.0,0.0,0.0,0.0,0.0,0.0,0.0,0.0,3.0,0.0,2013-09-05,0.0,0.0,0.0,0.308096047693,0.308096047693,0.308096047693,0.308096047693
2013-09-06,,,,,1.0,,,,,,,,,1.0,0.0,0.0,1.0,1,1.0,0.0,1.0,1.0,0.0,4.0,0.0,0.0,0.0,0.0,0.0,0.0,0.0,4.0,0.0,2013-09-06,0.0,0.0,0.0,0.277286442924,0.277286442924,0.277286442924,0.277286442924
2013-09-07,,,,,1.0,,,,,,,,,1.0,0.0,0.0,1.0,1,1.0,0.0,1.0,1.0,0.0,5.0,0.0,0.0,0.0,0.0,0.0,0.0,0.0,5.0,0.0,2013-09-07,0.0,0.0,0.0,0.249557798632,0.249557798632,0.249557798632,0.249557798632
2013-09-08,,,,,1.0,1.0,0.0,0.0,1.0,,,,,0.0,1.0,0.0,1.0,2,1.0,1.0,0.0,0.5,0.5,1.0,1.0,0.0,0.0,1.0,0.0,0.0,0.0,0.0,1.0,2013-09-08,0.0,0.5,0.0,-0.775397981232,-0.275397981232,-0.275397981232,-0.137698990616
2013-09-09,,,,,1.0,,,,,,,,,,,,,0,0.0,0.0,0.0,,,1.0,1.0,0.0,0.0,1.0,0.0,0.0,0.0,0.0,1.0,2013-09-09,0.0,0.0,0.0,0.0,0.0,,
2013-09-10,,,,,1.0,,,,,,,,,1.0,0.0,0.0,1.0,1,1.0,0.0,1.0,1.0,0.0,2.0,0.0,0.0,0.0,1.0,0.0,0.0,0.0,1.0,0.0,2013-09-10,0.0,0.0,0.0,0.302141816892,0.302141816892,0.302141816892,0.302141816892
2013-09-11,,,,,1.0,,,,,,,,,1.0,0.0,0.0,1.0,1,1.0,0.0,1.0,1.0,0.0,3.0,0.0,0.0,0.0,1.0,0.0,0.0,0.0,2.0,0.0,2013-09-11,0.0,0.0,0.0,0.271927635202,0.271927635202,0.271927635202,0.271927635202
2013-09-12,,,,,1.0,1.0,0.0,0.0,1.0,,,,,0.0,1.0,0.0,1.0,2,1.0,1.0,0.0,0.5,0.5,2.0,1.0,0.0,0.0,2.0,0.0,0.0,0.0,0.0,1.0,2013-09-12,0.0,0.45,0.0,-0.755265128318,-0.305265128318,-0.305265128318,-0.152632564159
2013-09-13,,,,,1.0,,,,,,,,,1.0,0.0,0.0,1.0,1,1.0,0.0,1.0,1.0,0.0,3.0,0.0,0.0,0.0,2.0,0.0,0.0,0.0,1.0,0.0,2013-09-13,0.0,0.0,0.0,0.320261384514,0.320261384514,0.320261384514,0.320261384514
2013-09-14,,,,,1.0,,,,,,,,,1.0,0.0,0.0,1.0,1,1.0,0.0,1.0,1.0,0.0,4.0,0.0,0.0,0.0,2.0,0.0,0.0,0.0,2.0,0.0,2013-09-14,0.0,0.0,0.0,0.288235246063,0.288235246063,0.288235246063,0.288235246063
2013-09-15,,,,,1.0,,,,,,,,,1.0,0.0,0.0,1.0,1,1.0,0.0,1.0,1.0,0.0,5.0,0.0,0.0,0.0,2.0,0.0,0.0,0.0,3.0,0.0,2013-09-15,0.0,0.0,0.0,0.259411721456,0.259411721456,0.259411721456,0.259411721456
2013-09-16,,,,,1.0,,,,,,,,,,,,,0,0.0,0.0,0.0,,,5.0,0.0,0.0,0.0,2.0,0.0,0.0,0.0,3.0,0.0,2013-09-16,0.0,0.0,0.0,0.0,0.0,,
2013-09-17,,,,,1.0,,,,,,,,,0.0,1.0,0.0,1.0,1,0.0,1.0,-1.0,0.0,1.0,2.0,1.0,0.0,0.0,2.0,0.0,0.0,0.0,0.0,1.0,2013-09-17,0.0,0.0,0.0,-0.766529450689,-0.766529450689,-0.766529450689,-0.766529450689
2013-09-18,,,,,1.0,,,,,,,,,0.0,1.0,0.0,1.0,1,0.0,1.0,-1.0,0.0,1.0,2.0,2.0,0.0,0.0,2.0,0.0,0.0,0.0,0.0,2.0,2013-09-18,0.0,0.0,0.0,-0.68987650562,-0.68987650562,-0.68987650562,-0.68987650562
2013-09-19,,,,,1.0,,,,,,,,,1.0,0.0,0.0,1.0,1,1.0,0.0,1.0,1.0,0.0,3.0,0.0,0.0,0.0,2.0,0.0,0.0,0.0,1.0,0.0,2013-09-19,0.0,0.0,0.0,0.379111144942,0.379111144942,0.379111144942,0.379111144942
2013-09-20,,,,,1.0,,,,,,,,,1.0,0.0,0.0,1.0,1,1.0,0.0,1.0,1.0,0.0,4.0,0.0,0.0,0.0,2.0,0.0,0.0,0.0,2.0,0.0,2013-09-20,0.0,0.0,0.0,0.341200030447,0.341200030447,0.341200030447,0.341200030447
2013-09-21,,,,,1.0,,,,,,,,,0.0,1.0,0.0,1.0,1,0.0,1.0,-1.0,0.0,1.0,2.0,1.0,0.0,0.0,2.0,0.0,0.0,0.0,0.0,1.0,2013-09-21,0.0,0.0,0.0,-0.692919972597,-0.692919972597,-0.692919972597,-0.692919972597
2013-09-22,,,,,1.0,1.0,0.0,0.0,1.0,,,,,1.0,0.0,0.0,1.0,2,2.0,0.0,2.0,1.0,0.0,4.0,0.0,0.0,0.0,3.0,0.0,0.0,0.0,1.0,0.0,2013-09-22,0.0,0.405,0.0,0.376372024662,0.781372024662,0.781372024662,0.390686012331
2013-09-23,,,,,1.0,,,,,,,,,,,,,0,0.0,0.0,0.0,,,4.0,0.0,0.0,0.0,3.0,0.0,0.0,0.0,1.0,0.0,2013-09-23,0.0,0.0,0.0,0.0,0.0,,
2013-09-24,,,,,1.0,,,,,,,,,0.0,1.0,0.0,1.0,1,0.0,1.0,-1.0,0.0,1.0,3.0,1.0,0.0,0.0,3.0,0.0,0.0,0.0,0.0,1.0,2013-09-24,0.0,0.0,0.0,-0.661265177804,-0.661265177804,-0.661265177804,-0.661265177804
2013-09-25,,,,,1.0,,,,,,,,,1.0,0.0,0.0,1.0,1,1.0,0.0,1.0,1.0,0.0,4.0,0.0,0.0,0.0,3.0,0.0,0.0,0.0,1.0,0.0,2013-09-25,0.0,0.0,0.0,0.404861339977,0.404861339977,0.404861339977,0.404861339977
2013-09-26,,,,,1.0,,,,,,,,,,,,,0,0.0,0.0,0.0,,,4.0,0.0,0.0,0.0,3.0,0.0,0.0,0.0,1.0,0.0,2013-09-26,0.0,0.0,0.0,0.0,0.0,,
2013-09-27,,,,,1.0,,,,,,,,,1.0,0.0,0.0,1.0,1,1.0,0.0,1.0,1.0,0.0,5.0,0.0,0.0,0.0,3.0,0.0,0.0,0.0,2.0,0.0,2013-09-27,0.0,0.0,0.0,0.364375205979,0.364375205979,0.364375205979,0.364375205979
2013-09-28,,,,,1.0,,,,,,,,,0.0,1.0,0.0,1.0,1,0.0,1.0,-1.0,0.0,1.0,3.0,1.0,0.0,0.0,3.0,0.0,0.0,0.0,0.0,1.0,2013-09-28,0.0,0.0,0.0,-0.672062314619,-0.672062314619,-0.672062314619,-0.672062314619
2013-09-29,,,,,1.0,1.0,0.0,0.0,1.0,,,,,0.0,1.0,0.0,1.0,2,1.0,1.0,0.0,0.5,0.5,4.0,2.0,0.0,0.0,4.0,0.0,0.0,0.0,0.0,2.0,2013-09-29,0.0,0.3645,0.0,-0.604856083157,-0.240356083157,-0.240356083157,-0.120178041579
2013-09-30,,,,,0.0,,,,,,,,,,,,,0,0.0,0.0,0.0,,,4.0,2.0,0.0,0.0,4.0,0.0,0.0,0.0,0.0,2.0,2013-09-30,0.0,0.0,0.0,0.0,0.0,,
2013-10-01,,,,,0.0,,,,,,,,,,,,,0,0.0,0.0,0.0,,,4.0,2.0,0.0,0.0,4.0,0.0,0.0,0.0,0.0,2.0,2013-10-01,0.0,0.0,0.0,0.0,0.0,,
2013-10-02,,,,,0.0,,,,,,,,,,,,,0,0.0,0.0,0.0,,,4.0,2.0,0.0,0.0,4.0,0.0,0.0,0.0,0.0,2.0,2013-10-02,0.0,0.0,0.0,0.0,0.0,,
2013-10-03,,,,,0.0,,,,,1.0,0.0,0.0,1.0,,,,,1,1.0,0.0,1.0,1.0,0.0,5.0,2.0,0.0,0.0,4.0,0.0,1.0,0.0,0.0,2.0,2013-10-03,0.0,0.0,0.5,0.0,0.5,0.5,0.5
2013-10-04,,,,,1.0,,,,,,,,,1.0,0.0,0.0,1.0,1,1.0,0.0,1.0,1.0,0.0,6.0,0.0,0.0,0.0,4.0,0.0,1.0,0.0,1.0,0.0,2013-10-04,0.0,0.0,0.0,0.455629525159,0.455629525159,0.455629525159,0.455629525159
2013-10-05,,,,,1.0,,,,,1.0,0.0,0.0,1.0,1.0,0.0,0.0,1.0,2,2.0,0.0,2.0,1.0,0.0,8.0,0.0,0.0,0.0,4.0,0.0,2.0,0.0,2.0,0.0,2013-10-05,0.0,0.0,0.45,0.410066572643,0.860066572643,0.860066572643,0.430033286321
2013-10-06,,,,,1.0,0.0,1.0,0.0,1.0,,,,,,,,,1,0.0,1.0,-1.0,0.0,1.0,4.0,1.0,0.0,0.0,0.0,1.0,2.0,0.0,2.0,0.0,2013-10-06,0.0,-0.67195,0.0,0.0,-0.67195,-0.67195,-0.67195
2013-10-07,,,,,1.0,,,,,,,,,0.0,1.0,0.0,1.0,1,0.0,1.0,-1.0,0.0,1.0,2.0,2.0,0.0,0.0,0.0,1.0,2.0,0.0,0.0,1.0,2013-10-07,0.0,0.0,0.0,-0.630940084622,-0.630940084622,-0.630940084622,-0.630940084622
2013-10-08,,,,,1.0,,,,,,,,,1.0,0.0,0.0,1.0,1,1.0,0.0,1.0,1.0,0.0,3.0,1.0,0.0,0.0,0.0,1.0,2.0,0.0,1.0,0.0,2013-10-08,0.0,0.0,0.0,0.432153923841,0.432153923841,0.432153923841,0.432153923841
2013-10-09,,,,,1.0,,,,,,,,,,,,,0,0.0,0.0,0.0,,,3.0,1.0,0.0,0.0,0.0,1.0,2.0,0.0,1.0,0.0,2013-10-09,0.0,0.0,0.0,0.0,0.0,,
2013-10-10,,,,,1.0,,,,,0.0,1.0,0.0,1.0,,,,,1,0.0,1.0,-1.0,0.0,1.0,1.0,2.0,0.0,0.0,0.0,1.0,0.0,1.0,1.0,0.0,2013-10-10,0.0,0.0,-0.595,0.0,-0.595,-0.595,-0.595
2013-10-11,,,,,1.0,,,,,,,,,,,,,0,0.0,0.0,0.0,,,1.0,2.0,0.0,0.0,0.0,1.0,0.0,1.0,1.0,0.0,2013-10-11,0.0,0.0,0.0,0.0,0.0,,
2013-10-12,,,,,1.0,,,,,1.0,0.0,0.0,1.0,0.0,1.0,0.0,1.0,2,1.0,1.0,0.0,0.5,0.5,1.0,2.0,0.0,0.0,0.0,1.0,1.0,0.0,0.0,1.0,2013-10-12,0.0,0.0,0.4645,-0.611061468543,-0.146561468543,-0.146561468543,-0.0732807342717
2013-10-13,,,,,1.0,1.0,0.0,0.0,1.0,,,,,1.0,0.0,0.0,1.0,2,2.0,0.0,2.0,1.0,0.0,3.0,0.0,0.0,0.0,1.0,0.0,1.0,0.0,1.0,0.0,2013-10-13,0.0,0.395245,0.0,0.450044678311,0.845289678311,0.845289678311,0.422644839155
2013-10-14,,,,,1.0,,,,,0.0,1.0,0.0,1.0,,,,,1,0.0,1.0,-1.0,0.0,1.0,2.0,1.0,0.0,0.0,1.0,0.0,0.0,1.0,1.0,0.0,2013-10-14,0.0,0.0,-0.58195,0.0,-0.58195,-0.58195,-0.58195
2013-10-15,,,,,1.0,,,,,,,,,1.0,0.0,0.0,1.0,1,1.0,0.0,1.0,1.0,0.0,3.0,1.0,0.0,0.0,1.0,0.0,0.0,1.0,2.0,0.0,2013-10-15,0.0,0.0,0.0,0.40504021048,0.40504021048,0.40504021048,0.40504021048
2013-10-16,,,,,1.0,,,,,,,,,0.0,1.0,0.0,1.0,1,0.0,1.0,-1.0,0.0,1.0,1.0,2.0,0.0,0.0,1.0,0.0,0.0,1.0,0.0,1.0,2013-10-16,0.0,0.0,0.0,-0.635463810568,-0.635463810568,-0.635463810568,-0.635463810568
2013-10-17,,,,,1.0,,,,,1.0,0.0,0.0,1.0,1.0,0.0,0.0,1.0,2,2.0,0.0,2.0,1.0,0.0,3.0,0.0,0.0,0.0,1.0,0.0,1.0,0.0,1.0,0.0,2013-10-17,0.0,0.0,0.476245,0.428082570489,0.904327570489,0.904327570489,0.452163785244
2013-10-18,,,,,1.0,,,,,,,,,,,,,0,0.0,0.0,0.0,,,3.0,0.0,0.0,0.0,1.0,0.0,1.0,0.0,1.0,0.0,2013-10-18,0.0,0.0,0.0,0.0,0.0,,
2013-10-19,,,,,1.0,,,,,1.0,0.0,0.0,1.0,1.0,0.0,0.0,1.0,2,2.0,0.0,2.0,1.0,0.0,5.0,0.0,0.0,0.0,1.0,0.0,2.0,0.0,2.0,0.0,2013-10-19,0.0,0.0,0.4286205,0.38527431344,0.81389481344,0.81389481344,0.40694740672
2013-10-20,,,,,1.0,0.0,1.0,0.0,1.0,,,,,,,,,1,0.0,1.0,-1.0,0.0,1.0,4.0,1.0,0.0,0.0,0.0,1.0,2.0,0.0,2.0,0.0,2013-10-20,0.0,-0.6442795,0.0,0.0,-0.6442795,-0.6442795,-0.6442795
2013-10-21,,,,,1.0,,,,,,,,,,,,,0,0.0,0.0,0.0,,,4.0,1.0,0.0,0.0,0.0,1.0,2.0,0.0,2.0,0.0,2013-10-21,0.0,0.0,0.0,0.0,0.0,,
2013-10-22,,,,,1.0,,,,,,,,,,,,,0,0.0,0.0,0.0,,,4.0,1.0,0.0,0.0,0.0,1.0,2.0,0.0,2.0,0.0,2013-10-22,0.0,0.0,0.0,0.0,0.0,,
2013-10-23,,,,,1.0,,,,,1.0,0.0,0.0,1.0,1.0,0.0,0.0,1.0,2,2.0,0.0,2.0,1.0,0.0,6.0,1.0,0.0,0.0,0.0,1.0,3.0,0.0,3.0,0.0,2013-10-23,0.0,0.0,0.38575845,0.346746882096,0.732505332096,0.732505332096,0.366252666048
2013-10-24,,,,,1.0,,,,,1.0,0.0,0.0,1.0,0.0,1.0,0.0,1.0,2,1.0,1.0,0.0,0.5,0.5,4.0,2.0,0.0,0.0,0.0,1.0,4.0,0.0,0.0,1.0,2013-10-24,0.0,0.0,0.347182605,-0.687927806114,-0.340745201114,-0.340745201114,-0.170372600557
2013-10-25,,,,,1.0,,,,,,,,,,,,,0,0.0,0.0,0.0,,,4.0,2.0,0.0,0.0,0.0,1.0,4.0,0.0,0.0,1.0,2013-10-25,0.0,0.0,0.0,0.0,0.0,,
2013-10-26,,,,,1.0,,,,,0.0,1.0,0.0,1.0,0.0,1.0,0.0,1.0,2,0.0,2.0,-2.0,0.0,1.0,0.0,4.0,0.0,0.0,0.0,1.0,0.0,1.0,0.0,2.0,2013-10-26,0.0,0.0,-0.6875356555,-0.619135025502,-1.306670681,-1.306670681,-0.653335340501
2013-10-27,,,,,1.0,1.0,0.0,0.0,1.0,,,,,1.0,0.0,0.0,1.0,2,2.0,0.0,2.0,1.0,0.0,2.0,1.0,0.0,0.0,1.0,0.0,0.0,1.0,1.0,0.0,2013-10-27,0.0,0.42014845,0.0,0.442778477048,0.862926927048,0.862926927048,0.431463463524
2013-10-28,,,,,1.0,,,,,,,,,1.0,0.0,0.0,1.0,1,1.0,0.0,1.0,1.0,0.0,3.0,1.0,0.0,0.0,1.0,0.0,0.0,1.0,2.0,0.0,2013-10-28,0.0,0.0,0.0,0.398500629343,0.398500629343,0.398500629343,0.398500629343
2013-10-29,,,,,1.0,,,,,,,,,,,,,0,0.0,0.0,0.0,,,3.0,1.0,0.0,0.0,1.0,0.0,0.0,1.0,2.0,0.0,2013-10-29,0.0,0.0,0.0,0.0,0.0,,
2013-10-30,,,,,1.0,,,,,0.0,1.0,0.0,1.0,1.0,0.0,0.0,1.0,2,1.0,1.0,0.0,0.5,0.5,4.0,2.0,0.0,0.0,1.0,0.0,0.0,2.0,3.0,0.0,2013-10-30,0.0,0.0,-0.61878208995,0.358650566409,-0.260131523541,-0.260131523541,-0.130065761771
2013-10-31,,,,,0.0,,,,,1.0,0.0,0.0,1.0,,,,,1,1.0,0.0,1.0,1.0,0.0,2.0,0.0,0.0,0.0,1.0,0.0,1.0,0.0,0.0,0.0,2013-10-31,0.0,0.0,0.443096119045,0.0,0.443096119045,0.443096119045,0.443096119045
2013-11-01,0.0,1.0,0.0,1.0,0.0,,,,,,,,,,,,,1,0.0,1.0,-1.0,0.0,1.0,2.0,2.0,0.0,2.0,1.0,0.0,1.0,0.0,0.0,0.0,2013-11-01,-0.5,0.0,0.0,0.0,-0.5,-0.5,-0.5
2013-11-02,,,,,0.0,,,,,0.0,1.0,0.0,1.0,,,,,1,0.0,1.0,-1.0,0.0,1.0,1.0,3.0,0.0,2.0,1.0,0.0,0.0,1.0,0.0,0.0,2013-11-02,0.0,0.0,-0.60121349286,0.0,-0.60121349286,-0.60121349286,-0.60121349286
2013-11-03,0.0,1.0,0.0,1.0,0.0,1.0,0.0,0.0,1.0,,,,,,,,,2,1.0,1.0,0.0,0.5,0.5,2.0,4.0,0.0,3.0,2.0,0.0,0.0,1.0,0.0,0.0,2013-11-03,-0.45,0.378133605,0.0,0.0,-0.071866395,-0.071866395,-0.0359331975
2013-11-04,0.0,1.0,0.0,1.0,0.0,,,,,,,,,,,,,1,0.0,1.0,-1.0,0.0,1.0,2.0,5.0,0.0,4.0,2.0,0.0,0.0,1.0,0.0,0.0,2013-11-04,-0.405,0.0,0.0,0.0,-0.405,-0.405,-0.405
2013-11-05,,,,,0.0,,,,,0.0,1.0,0.0,1.0,,,,,1,0.0,1.0,-1.0,0.0,1.0,2.0,6.0,0.0,4.0,2.0,0.0,0.0,2.0,0.0,0.0,2013-11-05,0.0,0.0,-0.541092143574,0.0,-0.541092143574,-0.541092143574,-0.541092143574
2013-11-06,1.0,0.0,0.0,1.0,0.0,,,,,,,,,,,,,1,1.0,0.0,1.0,1.0,0.0,3.0,2.0,1.0,0.0,2.0,0.0,0.0,2.0,0.0,0.0,2013-11-06,0.6355,0.0,0.0,0.0,0.6355,0.6355,0.6355
2013-11-07,,,,,0.0,,,,,1.0,0.0,0.0,1.0,,,,,1,1.0,0.0,1.0,1.0,0.0,4.0,0.0,1.0,0.0,2.0,0.0,1.0,0.0,0.0,0.0,2013-11-07,0.0,0.0,0.513017070784,0.0,0.513017070784,0.513017070784,0.513017070784
2013-11-08,1.0,0.0,0.0,1.0,0.0,,,,,,,,,,,,,1,1.0,0.0,1.0,1.0,0.0,5.0,0.0,2.0,0.0,2.0,0.0,1.0,0.0,0.0,0.0,2013-11-08,0.57195,0.0,0.0,0.0,0.57195,0.57195,0.57195
2013-11-09,1.0,0.0,0.0,1.0,0.0,,,,,1.0,0.0,0.0,1.0,,,,,2,2.0,0.0,2.0,1.0,0.0,7.0,0.0,3.0,0.0,2.0,0.0,2.0,0.0,0.0,0.0,2013-11-09,0.514755,0.0,0.461715363705,0.0,0.976470363705,0.976470363705,0.488235181853
2013-11-10,,,,,0.0,,,,,,,,,,,,,0,0.0,0.0,0.0,,,7.0,0.0,3.0,0.0,2.0,0.0,2.0,0.0,0.0,0.0,2013-11-10,0.0,0.0,0.0,0.0,0.0,,
2013-11-11,1.0,0.0,0.0,1.0,0.0,,,,,1.0,0.0,0.0,1.0,,,,,2,2.0,0.0,2.0,1.0,0.0,9.0,0.0,4.0,0.0,2.0,0.0,3.0,0.0,0.0,0.0,2013-11-11,0.4632795,0.0,0.415543827335,0.0,0.878823327335,0.878823327335,0.439411663667
2013-11-12,,,,,0.0,,,,,,,,,,,,,0,0.0,0.0,0.0,,,9.0,0.0,4.0,0.0,2.0,0.0,3.0,0.0,0.0,0.0,2013-11-12,0.0,0.0,0.0,0.0,0.0,,
2013-11-13,0.0,1.0,0.0,1.0,0.0,,,,,,,,,,,,,1,0.0,1.0,-1.0,0.0,1.0,5.0,1.0,0.0,1.0,2.0,0.0,3.0,0.0,0.0,0.0,2013-11-13,-0.58304845,0.0,0.0,0.0,-0.58304845,-0.58304845,-0.58304845
2013-11-14,,,,,0.0,,,,,1.0,0.0,0.0,1.0,,,,,1,1.0,0.0,1.0,1.0,0.0,6.0,1.0,0.0,1.0,2.0,0.0,4.0,0.0,0.0,0.0,2013-11-14,0.0,0.0,0.373989444601,0.0,0.373989444601,0.373989444601,0.373989444601
2013-11-15,0.0,1.0,0.0,1.0,0.0,,,,,0.0,1.0,0.0,1.0,,,,,2,0.0,2.0,-2.0,0.0,1.0,2.0,3.0,0.0,2.0,2.0,0.0,0.0,1.0,0.0,0.0,2013-11-15,-0.524743605,0.0,-0.663409499859,0.0,-1.18815310486,-1.18815310486,-0.594076552429
2013-11-16,0.0,1.0,0.0,1.0,0.0,,,,,,,,,,,,,1,0.0,1.0,-1.0,0.0,1.0,2.0,4.0,0.0,3.0,2.0,0.0,0.0,1.0,0.0,0.0,2013-11-16,-0.4722692445,0.0,0.0,0.0,-0.4722692445,-0.4722692445,-0.4722692445
2013-11-17,,,,,0.0,,,,,,,,,,,,,0,0.0,0.0,0.0,,,2.0,4.0,0.0,3.0,2.0,0.0,0.0,1.0,0.0,0.0,2013-11-17,0.0,0.0,0.0,0.0,0.0,,
2013-11-18,,,,,0.0,0.0,1.0,0.0,1.0,1.0,0.0,0.0,1.0,,,,,2,1.0,1.0,0.0,0.5,0.5,1.0,4.0,0.0,3.0,0.0,1.0,1.0,0.0,0.0,0.0,2013-11-18,0.0,-0.6596797555,0.402931450127,0.0,-0.256748305373,-0.256748305373,-0.128374152686
2013-11-19,0.0,1.0,0.0,1.0,0.0,,,,,1.0,0.0,0.0,1.0,,,,,2,1.0,1.0,0.0,0.5,0.5,2.0,5.0,0.0,4.0,0.0,1.0,2.0,0.0,0.0,0.0,2013-11-19,-0.42504232005,0.0,0.362638305114,0.0,-0.0624040149356,-0.0624040149356,-0.0312020074678
2013-11-20,0.0,1.0,0.0,1.0,0.0,,,,,,,,,,,,,1,0.0,1.0,-1.0,0.0,1.0,2.0,6.0,0.0,5.0,0.0,1.0,2.0,0.0,0.0,0.0,2013-11-20,-0.382538088045,0.0,0.0,0.0,-0.382538088045,-0.382538088045,-0.382538088045
2013-11-21,,,,,0.0,,,,,0.0,1.0,0.0,1.0,,,,,1,0.0,1.0,-1.0,0.0,1.0,0.0,7.0,0.0,5.0,0.0,1.0,0.0,1.0,0.0,0.0,2013-11-21,0.0,0.0,-0.673625525397,0.0,-0.673625525397,-0.673625525397,-0.673625525397
2013-11-22,0.0,1.0,0.0,1.0,0.0,,,,,,,,,,,,,1,0.0,1.0,-1.0,0.0,1.0,0.0,8.0,0.0,6.0,0.0,1.0,0.0,1.0,0.0,0.0,2013-11-22,-0.344284279241,0.0,0.0,0.0,-0.344284279241,-0.344284279241,-0.344284279241
2013-11-23,1.0,0.0,0.0,1.0,0.0,,,,,1.0,0.0,0.0,1.0,,,,,2,2.0,0.0,2.0,1.0,0.0,2.0,1.0,1.0,0.0,0.0,1.0,1.0,0.0,0.0,0.0,2013-11-23,0.690144148684,0.0,0.393737027143,0.0,1.08388117583,1.08388117583,0.541940587913
2013-11-24,,,,,0.0,1.0,0.0,0.0,1.0,,,,,,,,,1,1.0,0.0,1.0,1.0,0.0,3.0,0.0,1.0,0.0,1.0,0.0,1.0,0.0,0.0,0.0,2013-11-24,0.0,0.40628822005,0.0,0.0,0.40628822005,0.40628822005,0.40628822005
2013-11-25,1.0,0.0,0.0,1.0,0.0,,,,,1.0,0.0,0.0,1.0,,,,,2,2.0,0.0,2.0,1.0,0.0,5.0,0.0,2.0,0.0,1.0,0.0,2.0,0.0,0.0,0.0,2013-11-25,0.621129733815,0.0,0.354363324428,0.0,0.975493058244,0.975493058244,0.487746529122
2013-11-26,,,,,0.0,,,,,,,,,,,,,0,0.0,0.0,0.0,,,5.0,0.0,2.0,0.0,1.0,0.0,2.0,0.0,0.0,0.0,2013-11-26,0.0,0.0,0.0,0.0,0.0,,
2013-11-27,0.0,1.0,0.0,1.0,0.0,,,,,0.0,1.0,0.0,1.0,,,,,2,0.0,2.0,-2.0,0.0,1.0,1.0,2.0,0.0,1.0,1.0,0.0,0.0,1.0,0.0,0.0,2013-11-27,-0.440983239566,0.0,-0.681073008014,0.0,-1.12205624758,-1.12205624758,-0.56102812379
2013-11-28,,,,,0.0,,,,,,,,,,,,,0,0.0,0.0,0.0,,,1.0,2.0,0.0,1.0,1.0,0.0,0.0,1.0,0.0,0.0,2013-11-28,0.0,0.0,0.0,0.0,0.0,,
2013-11-29,1.0,0.0,0.0,1.0,0.0,,,,,1.0,0.0,0.0,1.0,,,,,2,2.0,0.0,2.0,1.0,0.0,3.0,0.0,1.0,0.0,1.0,0.0,1.0,0.0,0.0,0.0,2013-11-29,0.60311508439,0.0,0.387034292787,0.0,0.990149377177,0.990149377177,0.495074688589
2013-11-30,0.0,1.0,0.0,1.0,0.0,,,,,1.0,0.0,0.0,1.0,,,,,2,1.0,1.0,0.0,0.5,0.5,3.0,1.0,0.0,1.0,1.0,0.0,2.0,0.0,0.0,0.0,2013-11-30,-0.457196424049,0.0,0.348330863508,0.0,-0.10886556054,-0.10886556054,-0.0544327802702
2013-12-01,,,,,0.0,1.0,0.0,0.0,1.0,,,,,,,,,1,1.0,0.0,1.0,1.0,0.0,4.0,1.0,0.0,1.0,2.0,0.0,2.0,0.0,0.0,0.0,2013-12-01,0.0,0.365659398045,0.0,0.0,0.365659398045,0.365659398045,0.365659398045
2013-12-02,,,,,0.0,,,,,,,,,,,,,0,0.0,0.0,0.0,,,4.0,1.0,0.0,1.0,2.0,0.0,2.0,0.0,0.0,0.0,2013-12-02,0.0,0.0,0.0,0.0,0.0,,
2013-12-03,1.0,0.0,0.0,1.0,0.0,,,,,,,,,,,,,1,1.0,0.0,1.0,1.0,0.0,5.0,0.0,1.0,0.0,2.0,0.0,2.0,0.0,0.0,0.0,2013-12-03,0.588523218356,0.0,0.0,0.0,0.588523218356,0.588523218356,0.588523218356
2013-12-04,,,,,0.0,,,,,,,,,,,,,0,0.0,0.0,0.0,,,5.0,0.0,1.0,0.0,2.0,0.0,2.0,0.0,0.0,0.0,2013-12-04,0.0,0.0,0.0,0.0,0.0,,
2013-12-05,,,,,0.0,,,,,0.0,1.0,0.0,1.0,,,,,1,0.0,1.0,-1.0,0.0,1.0,3.0,1.0,1.0,0.0,2.0,0.0,0.0,1.0,0.0,0.0,2013-12-05,0.0,0.0,-0.686502222843,0.0,-0.686502222843,-0.686502222843,-0.686502222843
2013-12-06,1.0,0.0,0.0,1.0,0.0,,,,,,,,,,,,,1,1.0,0.0,1.0,1.0,0.0,4.0,1.0,2.0,0.0,2.0,0.0,0.0,1.0,0.0,0.0,2013-12-06,0.529670896521,0.0,0.0,0.0,0.529670896521,0.529670896521,0.529670896521
2013-12-07,,,,,0.0,,,,,1.0,0.0,0.0,1.0,,,,,1,1.0,0.0,1.0,1.0,0.0,5.0,0.0,2.0,0.0,2.0,0.0,1.0,0.0,0.0,0.0,2013-12-07,0.0,0.0,0.382147999442,0.0,0.382147999442,0.382147999442,0.382147999442
2013-12-08,1.0,0.0,0.0,1.0,0.0,1.0,0.0,0.0,1.0,1.0,0.0,0.0,1.0,,,,,3,3.0,0.0,3.0,1.0,0.0,8.0,0.0,3.0,0.0,3.0,0.0,2.0,0.0,0.0,0.0,2013-12-08,0.476703806868,0.329093458241,0.343933199498,0.0,1.14973046461,1.14973046461,0.383243488202
2013-12-09,,,,,0.0,,,,,,,,,,,,,0,0.0,0.0,0.0,,,8.0,0.0,3.0,0.0,3.0,0.0,2.0,0.0,0.0,0.0,2013-12-09,0.0,0.0,0.0,0.0,0.0,,
2013-12-10,0.0,1.0,0.0,1.0,0.0,,,,,1.0,0.0,0.0,1.0,,,,,2,1.0,1.0,0.0,0.5,0.5,6.0,1.0,0.0,1.0,3.0,0.0,3.0,0.0,0.0,0.0,2013-12-10,-0.570966573818,0.0,0.309539879548,0.0,-0.261426694271,-0.261426694271,-0.130713347135
2013-12-11,0.0,1.0,0.0,1.0,0.0,,,,,,,,,,,,,1,0.0,1.0,-1.0,0.0,1.0,6.0,2.0,0.0,2.0,3.0,0.0,3.0,0.0,0.0,0.0,2013-12-11,-0.513869916437,0.0,0.0,0.0,-0.513869916437,-0.513869916437,-0.513869916437
2013-12-12,,,,,0.0,,,,,1.0,0.0,0.0,1.0,,,,,1,1.0,0.0,1.0,1.0,0.0,7.0,2.0,0.0,2.0,3.0,0.0,4.0,0.0,0.0,0.0,2013-12-12,0.0,0.0,0.278585891593,0.0,0.278585891593,0.278585891593,0.278585891593
2013-12-13,1.0,0.0,0.0,1.0,0.0,,,,,,,,,,,,,1,1.0,0.0,1.0,1.0,0.0,8.0,0.0,1.0,0.0,3.0,0.0,4.0,0.0,0.0,0.0,2013-12-13,0.537517075207,0.0,0.0,0.0,0.537517075207,0.537517075207,0.537517075207
2013-12-14,,,,,0.0,,,,,0.0,1.0,0.0,1.0,,,,,1,0.0,1.0,-1.0,0.0,1.0,4.0,1.0,1.0,0.0,3.0,0.0,0.0,1.0,0.0,0.0,2013-12-14,0.0,0.0,-0.749272697566,0.0,-0.749272697566,-0.749272697566,-0.749272697566
2013-12-15,,,,,0.0,0.0,1.0,0.0,1.0,,,,,,,,,1,0.0,1.0,-1.0,0.0,1.0,1.0,2.0,1.0,0.0,0.0,1.0,0.0,1.0,0.0,0.0,2013-12-15,0.0,-0.703815887584,0.0,0.0,-0.703815887584,-0.703815887584,-0.703815887584
2013-12-16,1.0,0.0,0.0,1.0,0.0,,,,,,,,,,,,,1,1.0,0.0,1.0,1.0,0.0,2.0,2.0,2.0,0.0,0.0,1.0,0.0,1.0,0.0,0.0,2013-12-16,0.483765367686,0.0,0.0,0.0,0.483765367686,0.483765367686,0.483765367686
2013-12-17,,,,,0.0,,,,,1.0,0.0,0.0,1.0,,,,,1,1.0,0.0,1.0,1.0,0.0,3.0,1.0,2.0,0.0,0.0,1.0,1.0,0.0,0.0,0.0,2013-12-17,0.0,0.0,0.32565457219,0.0,0.32565457219,0.32565457219,0.32565457219
2013-12-18,0.0,1.0,0.0,1.0,0.0,,,,,,,,,,,,,1,0.0,1.0,-1.0,0.0,1.0,1.0,2.0,0.0,1.0,0.0,1.0,1.0,0.0,0.0,0.0,2013-12-18,-0.564611169082,0.0,0.0,0.0,-0.564611169082,-0.564611169082,-0.564611169082
2013-12-19,,,,,0.0,,,,,0.0,1.0,0.0,1.0,,,,,1,0.0,1.0,-1.0,0.0,1.0,0.0,3.0,0.0,1.0,0.0,1.0,0.0,1.0,0.0,0.0,2013-12-19,0.0,0.0,-0.706910885029,0.0,-0.706910885029,-0.706910885029,-0.706910885029
2013-12-20,,,,,0.0,,,,,,,,,,,,,0,0.0,0.0,0.0,,,0.0,3.0,0.0,1.0,0.0,1.0,0.0,1.0,0.0,0.0,2013-12-20,0.0,0.0,0.0,0.0,0.0,,
2013-12-21,0.0,1.0,0.0,1.0,0.0,,,,,1.0,0.0,0.0,1.0,,,,,2,1.0,1.0,0.0,0.5,0.5,1.0,3.0,0.0,2.0,0.0,1.0,1.0,0.0,0.0,0.0,2013-12-21,-0.508150052174,0.0,0.363780203474,0.0,-0.1443698487,-0.1443698487,-0.0721849243499
2013-12-22,0.0,1.0,0.0,1.0,0.0,1.0,0.0,0.0,1.0,,,,,,,,,2,1.0,1.0,0.0,0.5,0.5,2.0,3.0,0.0,3.0,1.0,0.0,1.0,0.0,0.0,0.0,2013-12-22,-0.457335046957,0.366565701175,0.0,0.0,-0.0907693457818,-0.0907693457818,-0.0453846728909
2013-12-23,,,,,0.0,,,,,1.0,0.0,0.0,1.0,,,,,1,1.0,0.0,1.0,1.0,0.0,3.0,3.0,0.0,3.0,1.0,0.0,2.0,0.0,0.0,0.0,2013-12-23,0.0,0.0,0.327402183127,0.0,0.327402183127,0.327402183127,0.327402183127
2013-12-24,,,,,0.0,,,,,,,,,,,,,0,0.0,0.0,0.0,,,3.0,3.0,0.0,3.0,1.0,0.0,2.0,0.0,0.0,0.0,2013-12-24,0.0,0.0,0.0,0.0,0.0,,
2013-12-25,,,,,0.0,,,,,,,,,,,,,0,0.0,0.0,0.0,,,3.0,3.0,0.0,3.0,1.0,0.0,2.0,0.0,0.0,0.0,2013-12-25,0.0,0.0,0.0,0.0,0.0,,
2013-12-26,,,,,0.0,,,,,,,,,,,,,0,0.0,0.0,0.0,,,3.0,3.0,0.0,3.0,1.0,0.0,2.0,0.0,0.0,0.0,2013-12-26,0.0,0.0,0.0,0.0,0.0,,
2013-12-27,,,,,0.0,,,,,1.0,0.0,0.0,1.0,,,,,1,1.0,0.0,1.0,1.0,0.0,4.0,3.0,0.0,3.0,1.0,0.0,3.0,0.0,0.0,0.0,2013-12-27,0.0,0.0,0.294661964814,0.0,0.294661964814,0.294661964814,0.294661964814
2013-12-28,1.0,0.0,0.0,1.0,0.0,,,,,0.0,1.0,0.0,1.0,,,,,2,1.0,1.0,0.0,0.5,0.5,2.0,1.0,1.0,0.0,1.0,0.0,0.0,1.0,0.0,0.0,2013-12-28,0.588398457739,0.0,-0.734804231667,0.0,-0.146405773928,-0.146405773928,-0.0732028869641
2013-12-29,,,,,0.0,1.0,0.0,0.0,1.0,,,,,,,,,1,1.0,0.0,1.0,1.0,0.0,3.0,1.0,1.0,0.0,2.0,0.0,0.0,1.0,0.0,0.0,2013-12-29,0.0,0.329909131057,0.0,0.0,0.329909131057,0.329909131057,0.329909131057
2013-12-30,,,,,0.0,,,,,,,,,,,,,0,0.0,0.0,0.0,,,1.0,1.0,1.0,0.0,0.0,0.0,0.0,1.0,0.0,0.0,2013-12-30,0.0,0.0,0.0,0.0,0.0,,
2013-12-31,0.0,1.0,0.0,1.0,0.0,,,,,0.0,1.0,0.0,1.0,,,,,2,0.0,2.0,-2.0,0.0,1.0,0.0,3.0,0.0,1.0,0.0,0.0,0.0,2.0,0.0,0.0,2013-12-31,-0.470441388035,0.0,-0.661323808501,0.0,-1.13176519654,-1.13176519654,-0.565882598268
