,bears_wins,bears_losses,bears_ties,bears_num_events,bears_mask,temp,white-sox_wins,white-sox_losses,white-sox_ties,white-sox_num_events,white-sox_mask,blackhawks_wins,blackhawks_losses,blackhawks_ties,blackhawks_num_events,blackhawks_mask,cubs_wins,cubs_losses,cubs_ties,cubs_num_events,cubs_mask,bulls_wins,bulls_losses,bulls_ties,bulls_num_events,bulls_mask,num_events,sum_wins,sum_losses,sports_composite,p_win,p_loss,sum_streak,sum_loss_streak,bears_streak,bears_loss_streak,white-sox_streak,white-sox_loss_streak,blackhawks_streak,blackhawks_loss_streak,cubs_streak,cubs_loss_streak,bulls_streak,bulls_loss_streak,date,bears_pe,white-sox_pe,blackhawks_pe,cubs_pe,bulls_pe,sum_pe,sum_pe_with_na,mean_pe
2012-01-01,,,,,0.0,0.0,,,,,0.0,,,,,0.0,,,,,0.0,1.0,0.0,0.0,1.0,1.0,1,1.0,0.0,1.0,1.0,0.0,1.0,0.0,0.0,0.0,0.0,0.0,0.0,0.0,0.0,0.0,1.0,0.0,2012-01-01,0.0,0.0,0.0,0.0,0.5,0.5,0.5,0.5
2012-01-02,,,,,0.0,0.0,,,,,0.0,0.0,1.0,0.0,1.0,1.0,,,,,0.0,,,,,1.0,1,0.0,1.0,-1.0,0.0,1.0,1.0,1.0,0.0,0.0,0.0,0.0,0.0,1.0,0.0,0.0,1.0,0.0,2012-01-02,0.0,0.0,-0.5,0.0,0.0,-0.5,-0.5,-0.5
2012-01-03,,,,,0.0,0.0,,,,,0.0,,,,,1.0,,,,,0.0,1.0,0.0,0.0,1.0,1.0,1,1.0,0.0,1.0,1.0,0.0,2.0,1.0,0.0,0.0,0.0,0.0,0.0,1.0,0.0,0.0,2.0,0.0,2012-01-03,0.0,0.0,0.0,0.0,0.45,0.45,0.45,0.45
2012-01-04,,,,,0.0,0.0,,,,,0.0,,,,,1.0,,,,,0.0,1.0,0.0,0.0,1.0,1.0,1,1.0,0.0,1.0,1.0,0.0,3.0,1.0,0.0,0.0,0.0,0.0,0.0,1.0,0.0,0.0,3.0,0.0,2012-01-04,0.0,0.0,0.0,0.0,0.405,0.405,0.405,0.405
2012-01-05,,,,,0.0,0.0,,,,,0.0,0.0,1.0,0.0,1.0,1.0,,,,,0.0,,,,,1.0,1,0.0,1.0,-1.0,0.0,1.0,3.0,2.0,0.0,0.0,0.0,0.0,0.0,2.0,0.0,0.0,3.0,0.0,2012-01-05,0.0,0.0,-0.45,0.0,0.0,-0.45,-0.45,-0.45
2012-01-06,,,,,0.0,0.0,,,,,0.0,0.0,1.0,0.0,1.0,1.0,,,,,0.0,1.0,0.0,0.0,1.0,1.0,2,1.0,1.0,0.0,0.5,0.5,4.0,3.0,0.0,0.0,0.0,0.0,0.0,3.0,0.0,0.0,4.0,0.0,2012-01-06,0.0,0.0,-0.405,0.0,0.3645,-0.0405,-0.0405,-0.02025
2012-01-07,,,,,0.0,0.0,,,,,0.0,,,,,1.0,,,,,0.0,0.0,1.0,0.0,1.0,1.0,1,0.0,1.0,-1.0,0.0,1.0,0.0,4.0,0.0,0.0,0.0,0.0,0.0,3.0,0.0,0.0,0.0,1.0,2012-01-07,0.0,0.0,0.0,0.0,-0.67195,-0.67195,-0.67195,-0.67195
2012-01-08,,,,,0.0,0.0,,,,,0.0,0.0,1.0,0.0,1.0,1.0,,,,,0.0,,,,,1.0,1,0.0,1.0,-1.0,0.0,1.0,0.0,5.0,0.0,0.0,0.0,0.0,0.0,4.0,0.0,0.0,0.0,1.0,2012-01-08,0.0,0.0,-0.3645,0.0,0.0,-0.3645,-0.3645,-0.3645
2012-01-09,,,,,0.0,0.0,,,,,0.0,,,,,1.0,,,,,0.0,1.0,0.0,0.0,1.0,1.0,1,1.0,0.0,1.0,1.0,0.0,1.0,4.0,0.0,0.0,0.0,0.0,0.0,4.0,0.0,0.0,1.0,0.0,2012-01-09,0.0,0.0,0.0,0.0,0.395245,0.395245,0.395245,0.395245
2012-01-10,,,,,0.0,0.0,,,,,0.0,1.0,0.0,0.0,1.0,1.0,,,,,0.0,1.0,0.0,0.0,1.0,1.0,2,2.0,0.0,2.0,1.0,0.0,3.0,0.0,0.0,0.0,0.0,0.0,1.0,0.0,0.0,0.0,2.0,0.0,2012-01-10,0.0,0.0,0.67195,0.0,0.3557205,1.0276705,1.0276705,0.51383525
2012-01-11,,,,,0.0,0.0,,,,,0.0,,,,,1.0,,,,,0.0,1.0,0.0,0.0,1.0,1.0,1,1.0,0.0,1.0,1.0,0.0,4.0,0.0,0.0,0.0,0.0,0.0,1.0,0.0,0.0,0.0,3.0,0.0,2012-01-11,0.0,0.0,0.0,0.0,0.32014845,0.32014845,0.32014845,0.32014845
2012-01-12,,,,,0.0,0.0,,,,,0.0,1.0,0.0,0.0,1.0,1.0,,,,,0.0,,,,,1.0,1,1.0,0.0,1.0,1.0,0.0,5.0,0.0,0.0,0.0,0.0,0.0,2.0,0.0,0.0,0.0,3.0,0.0,2012-01-12,0.0,0.0,0.604755,0.0,0.0,0.604755,0.604755,0.604755
2012-01-13,,,,,0.0,0.0,,,,,0.0,,,,,1.0,,,,,0.0,1.0,0.0,0.0,1.0,1.0,1,1.0,0.0,1.0,1.0,0.0,6.0,0.0,0.0,0.0,0.0,0.0,2.0,0.0,0.0,0.0,4.0,0.0,2012-01-13,0.0,0.0,0.0,0.0,0.288133605,0.288133605,0.288133605,0.288133605
2012-01-14,,,,,0.0,0.0,,,,,0.0,0.0,1.0,0.0,1.0,1.0,,,,,0.0,1.0,0.0,0.0,1.0,1.0,2,1.0,1.0,0.0,0.5,0.5,5.0,1.0,0.0,0.0,0.0,0.0,0.0,1.0,0.0,0.0,5.0,0.0,2012-01-14,0.0,0.0,-0.4557205,0.0,0.2593202445,-0.1964002555,-0.1964002555,-0.09820012775
2012-01-15,,,,,0.0,0.0,,,,,0.0,1.0,0.0,0.0,1.0,1.0,,,,,0.0,,,,,1.0,1,1.0,0.0,1.0,1.0,0.0,6.0,0.0,0.0,0.0,0.0,0.0,1.0,0.0,0.0,0.0,5.0,0.0,2012-01-15,0.0,0.0,0.58985155,0.0,0.0,0.58985155,0.58985155,0.58985155
2012-01-16,,,,,0.0,0.0,,,,,0.0,,,,,1.0,,,,,0.0,0.0,1.0,0.0,1.0,1.0,1,0.0,1.0,-1.0,0.0,1.0,1.0,1.0,0.0,0.0,0.0,0.0,1.0,0.0,0.0,0.0,0.0,1.0,2012-01-16,0.0,0.0,0.0,0.0,-0.76661177995,-0.76661177995,-0.76661177995,-0.76661177995
2012-01-17,,,,,0.0,0.0,,,,,0.0,,,,,1.0,,,,,0.0,1.0,0.0,0.0,1.0,1.0,1,1.0,0.0,1.0,1.0,0.0,2.0,0.0,0.0,0.0,0.0,0.0,1.0,0.0,0.0,0.0,1.0,0.0,2012-01-17,0.0,0.0,0.0,0.0,0.310049398045,0.310049398045,0.310049398045,0.310049398045
2012-01-18,,,,,0.0,0.0,,,,,0.0,1.0,0.0,0.0,1.0,1.0,,,,,0.0,,,,,1.0,1,1.0,0.0,1.0,1.0,0.0,3.0,0.0,0.0,0.0,0.0,0.0,2.0,0.0,0.0,0.0,1.0,0.0,2012-01-18,0.0,0.0,0.530866395,0.0,0.0,0.530866395,0.530866395,0.530866395
2012-01-19,,,,,0.0,0.0,,,,,0.0,,,,,1.0,,,,,0.0,,,,,1.0,0,0.0,0.0,0.0,,,3.0,0.0,0.0,0.0,0.0,0.0,2.0,0.0,0.0,0.0,1.0,0.0,2012-01-19,0.0,0.0,0.0,0.0,0.0,0.0,,
2012-01-20,,,,,0.0,0.0,,,,,0.0,1.0,0.0,0.0,1.0,1.0,,,,,0.0,1.0,0.0,0.0,1.0,1.0,2,2.0,0.0,2.0,1.0,0.0,5.0,0.0,0.0,0.0,0.0,0.0,3.0,0.0,0.0,0.0,2.0,0.0,2012-01-20,0.0,0.0,0.4777797555,0.0,0.279044458241,0.756824213741,0.756824213741,0.37841210687
2012-01-21,,,,,0.0,0.0,,,,,0.0,0.0,1.0,0.0,1.0,1.0,,,,,0.0,1.0,0.0,0.0,1.0,1.0,2,1.0,1.0,0.0,0.5,0.5,3.0,1.0,0.0,0.0,0.0,0.0,0.0,1.0,0.0,0.0,3.0,0.0,2012-01-21,0.0,0.0,-0.56999822005,0.0,0.251140012416,-0.318858207634,-0.318858207634,-0.159429103817
2012-01-22,,,,,0.0,0.0,,,,,0.0,,,,,1.0,,,,,0.0,,,,,1.0,0,0.0,0.0,0.0,,,3.0,1.0,0.0,0.0,0.0,0.0,0.0,1.0,0.0,0.0,3.0,0.0,2012-01-22,0.0,0.0,0.0,0.0,0.0,0.0,,
2012-01-23,,,,,0.0,0.0,,,,,0.0,,,,,1.0,,,,,0.0,1.0,0.0,0.0,1.0,1.0,1,1.0,0.0,1.0,1.0,0.0,4.0,1.0,0.0,0.0,0.0,0.0,0.0,1.0,0.0,0.0,4.0,0.0,2012-01-23,0.0,0.0,0.0,0.0,0.226026011175,0.226026011175,0.226026011175,0.226026011175
2012-01-24,,,,,0.0,0.0,,,,,0.0,0.0,1.0,0.0,1.0,1.0,,,,,0.0,,,,,1.0,1,0.0,1.0,-1.0,0.0,1.0,4.0,2.0,0.0,0.0,0.0,0.0,0.0,2.0,0.0,0.0,4.0,0.0,2012-01-24,0.0,0.0,-0.512998398045,0.0,0.0,-0.512998398045,-0.512998398045,-0.512998398045
2012-01-25,,,,,0.0,0.0,,,,,0.0,,,,,1.0,,,,,0.0,0.0,1.0,0.0,1.0,1.0,1,0.0,1.0,-1.0,0.0,1.0,0.0,3.0,0.0,0.0,0.0,0.0,0.0,2.0,0.0,0.0,0.0,1.0,2012-01-25,0.0,0.0,0.0,0.0,-0.796576589943,-0.796576589943,-0.796576589943,-0.796576589943
2012-01-26,,,,,0.0,0.0,,,,,0.0,,,,,1.0,,,,,0.0,,,,,1.0,0,0.0,0.0,0.0,,,0.0,3.0,0.0,0.0,0.0,0.0,0.0,2.0,0.0,0.0,0.0,1.0,2012-01-26,0.0,0.0,0.0,0.0,0.0,0.0,,
2012-01-27,,,,,0.0,0.0,,,,,0.0,,,,,1.0,,,,,0.0,1.0,0.0,0.0,1.0,1.0,1,1.0,0.0,1.0,1.0,0.0,1.0,2.0,0.0,0.0,0.0,0.0,0.0,2.0,0.0,0.0,1.0,0.0,2012-01-27,0.0,0.0,0.0,0.0,0.283081069052,0.283081069052,0.283081069052,0.283081069052
2012-01-28,,,,,0.0,0.0,,,,,0.0,,,,,1.0,,,,,0.0,,,,,1.0,0,0.0,0.0,0.0,,,1.0,2.0,0.0,0.0,0.0,0.0,0.0,2.0,0.0,0.0,1.0,0.0,2012-01-28,0.0,0.0,0.0,0.0,0.0,0.0,,
2012-01-29,,,,,0.0,0.0,,,,,0.0,,,,,1.0,,,,,0.0,0.0,1.0,0.0,1.0,1.0,1,0.0,1.0,-1.0,0.0,1.0,0.0,3.0,0.0,0.0,0.0,0.0,0.0,2.0,0.0,0.0,0.0,1.0,2012-01-29,0.0,0.0,0.0,0.0,-0.745227037854,-0.745227037854,-0.745227037854,-0.745227037854
2012-01-30,,,,,0.0,0.0,,,,,0.0,,,,,1.0,,,,,0.0,1.0,0.0,0.0,1.0,1.0,1,1.0,0.0,1.0,1.0,0.0,1.0,2.0,0.0,0.0,0.0,0.0,0.0,2.0,0.0,0.0,1.0,0.0,2012-01-30,0.0,0.0,0.0,0.0,0.329295665932,0.329295665932,0.329295665932,0.329295665932
2012-01-31,,,,,0.0,0.0,,,,,0.0,0.0,1.0,0.0,1.0,1.0,,,,,0.0,,,,,1.0,1,0.0,1.0,-1.0,0.0,1.0,1.0,3.0,0.0,0.0,0.0,0.0,0.0,3.0,0.0,0.0,1.0,0.0,2012-01-31,0.0,0.0,-0.46169855824,0.0,0.0,-0.46169855824,-0.46169855824,-0.46169855824
2012-02-01,,,,,0.0,0.0,,,,,0.0,,,,,1.0,,,,,0.0,0.0,1.0,0.0,1.0,1.0,1,0.0,1.0,-1.0,0.0,1.0,0.0,4.0,0.0,0.0,0.0,0.0,0.0,3.0,0.0,0.0,0.0,1.0,2012-02-01,0.0,0.0,0.0,0.0,-0.703633900661,-0.703633900661,-0.703633900661,-0.703633900661
2012-02-02,,,,,0.0,0.0,,,,,0.0,0.0,1.0,0.0,1.0,1.0,,,,,0.0,1.0,0.0,0.0,1.0,1.0,2,1.0,1.0,0.0,0.5,0.5,1.0,4.0,0.0,0.0,0.0,0.0,0.0,4.0,0.0,0.0,1.0,0.0,2012-02-02,0.0,0.0,-0.415528702416,0.0,0.366729489405,-0.0487992130117,-0.0487992130117,-0.0243996065059
2012-02-03,,,,,0.0,0.0,,,,,0.0,0.0,1.0,0.0,1.0,1.0,,,,,0.0,,,,,1.0,1,0.0,1.0,-1.0,0.0,1.0,1.0,5.0,0.0,0.0,0.0,0.0,0.0,5.0,0.0,0.0,1.0,0.0,2012-02-03,0.0,0.0,-0.373975832175,0.0,0.0,-0.373975832175,-0.373975832175,-0.373975832175
2012-02-04,,,,,0.0,0.0,,,,,0.0,,,,,1.0,,,,,0.0,1.0,0.0,0.0,1.0,1.0,1,1.0,0.0,1.0,1.0,0.0,2.0,5.0,0.0,0.0,0.0,0.0,0.0,5.0,0.0,0.0,2.0,0.0,2012-02-04,0.0,0.0,0.0,0.0,0.330056540464,0.330056540464,0.330056540464,0.330056540464
2012-02-05,,,,,0.0,0.0,,,,,0.0,,,,,1.0,,,,,0.0,,,,,1.0,0,0.0,0.0,0.0,,,2.0,5.0,0.0,0.0,0.0,0.0,0.0,5.0,0.0,0.0,2.0,0.0,2012-02-05,0.0,0.0,0.0,0.0,0.0,0.0,,
2012-02-06,,,,,0.0,0.0,,,,,0.0,,,,,1.0,,,,,0.0,1.0,0.0,0.0,1.0,1.0,1,1.0,0.0,1.0,1.0,0.0,3.0,5.0,0.0,0.0,0.0,0.0,0.0,5.0,0.0,0.0,3.0,0.0,2012-02-06,0.0,0.0,0.0,0.0,0.297050886418,0.297050886418,0.297050886418,0.297050886418
2012-02-07,,,,,0.0,0.0,,,,,0.0,0.0,1.0,0.0,1.0,1.0,,,,,0.0,,,,,1.0,1,0.0,1.0,-1.0,0.0,1.0,3.0,6.0,0.0,0.0,0.0,0.0,0.0,6.0,0.0,0.0,3.0,0.0,2012-02-07,0.0,0.0,-0.336578248957,0.0,0.0,-0.336578248957,-0.336578248957,-0.336578248957
2012-02-08,,,,,0.0,0.0,,,,,0.0,,,,,1.0,,,,,0.0,1.0,0.0,0.0,1.0,1.0,1,1.0,0.0,1.0,1.0,0.0,4.0,6.0,0.0,0.0,0.0,0.0,0.0,6.0,0.0,0.0,4.0,0.0,2012-02-08,0.0,0.0,0.0,0.0,0.267345797776,0.267345797776,0.267345797776,0.267345797776
2012-02-09,,,,,0.0,0.0,,,,,0.0,,,,,1.0,,,,,0.0,,,,,1.0,0,0.0,0.0,0.0,,,4.0,6.0,0.0,0.0,0.0,0.0,0.0,6.0,0.0,0.0,4.0,0.0,2012-02-09,0.0,0.0,0.0,0.0,0.0,0.0,,
2012-02-10,,,,,0.0,0.0,,,,,0.0,0.0,1.0,0.0,1.0,1.0,,,,,0.0,1.0,0.0,0.0,1.0,1.0,2,1.0,1.0,0.0,0.5,0.5,5.0,7.0,0.0,0.0,0.0,0.0,0.0,7.0,0.0,0.0,5.0,0.0,2012-02-10,0.0,0.0,-0.302920424062,0.0,0.240611217998,-0.0623092060631,-0.0623092060631,-0.0311546030316
2012-02-11,,,,,0.0,0.0,,,,,0.0,0.0,1.0,0.0,1.0,1.0,,,,,0.0,,,,,1.0,1,0.0,1.0,-1.0,0.0,1.0,5.0,8.0,0.0,0.0,0.0,0.0,0.0,8.0,0.0,0.0,5.0,0.0,2012-02-11,0.0,0.0,-0.272628381655,0.0,0.0,-0.272628381655,-0.272628381655,-0.272628381655
2012-02-12,,,,,0.0,0.0,,,,,0.0,,,,,1.0,,,,,0.0,0.0,1.0,0.0,1.0,1.0,1,0.0,1.0,-1.0,0.0,1.0,0.0,9.0,0.0,0.0,0.0,0.0,0.0,8.0,0.0,0.0,0.0,1.0,2012-02-12,0.0,0.0,0.0,0.0,-0.783449903801,-0.783449903801,-0.783449903801,-0.783449903801
2012-02-13,,,,,0.0,0.0,,,,,0.0,,,,,1.0,,,,,0.0,,,,,1.0,0,0.0,0.0,0.0,,,0.0,9.0,0.0,0.0,0.0,0.0,0.0,8.0,0.0,0.0,0.0,1.0,2012-02-13,0.0,0.0,0.0,0.0,0.0,0.0,,
2012-02-14,,,,,0.0,0.0,,,,,0.0,0.0,1.0,0.0,1.0,1.0,,,,,0.0,1.0,0.0,0.0,1.0,1.0,2,1.0,1.0,0.0,0.5,0.5,1.0,9.0,0.0,0.0,0.0,0.0,0.0,9.0,0.0,0.0,1.0,0.0,2012-02-14,0.0,0.0,-0.24536554349,0.0,0.294895086579,0.0495295430889,0.0495295430889,0.0247647715444
2012-02-15,,,,,0.0,0.0,,,,,0.0,,,,,1.0,,,,,0.0,,,,,1.0,0,0.0,0.0,0.0,,,1.0,9.0,0.0,0.0,0.0,0.0,0.0,9.0,0.0,0.0,1.0,0.0,2012-02-15,0.0,0.0,0.0,0.0,0.0,0.0,,
2012-02-16,,,,,0.0,0.0,,,,,0.0,1.0,0.0,0.0,1.0,1.0,,,,,0.0,1.0,0.0,0.0,1.0,1.0,2,2.0,0.0,2.0,1.0,0.0,3.0,0.0,0.0,0.0,0.0,0.0,1.0,0.0,0.0,0.0,2.0,0.0,2012-02-16,0.0,0.0,0.779171010859,0.0,0.265405577921,1.04457658878,1.04457658878,0.52228829439
2012-02-17,,,,,0.0,0.0,,,,,0.0,,,,,1.0,,,,,0.0,,,,,1.0,0,0.0,0.0,0.0,,,3.0,0.0,0.0,0.0,0.0,0.0,1.0,0.0,0.0,0.0,2.0,0.0,2012-02-17,0.0,0.0,0.0,0.0,0.0,0.0,,
2012-02-18,,,,,0.0,0.0,,,,,0.0,1.0,0.0,0.0,1.0,1.0,,,,,0.0,0.0,1.0,0.0,1.0,1.0,2,1.0,1.0,0.0,0.5,0.5,2.0,1.0,0.0,0.0,0.0,0.0,2.0,0.0,0.0,0.0,0.0,1.0,2012-02-18,0.0,0.0,0.701253909773,0.0,-0.761134979871,-0.059881070098,-0.059881070098,-0.029940535049
2012-02-19,,,,,0.0,0.0,,,,,0.0,1.0,0.0,0.0,1.0,1.0,,,,,0.0,,,,,1.0,1,1.0,0.0,1.0,1.0,0.0,3.0,1.0,0.0,0.0,0.0,0.0,3.0,0.0,0.0,0.0,0.0,1.0,2012-02-19,0.0,0.0,0.631128518796,0.0,0.0,0.631128518796,0.631128518796,0.631128518796
2012-02-20,,,,,0.0,0.0,,,,,0.0,,,,,1.0,,,,,0.0,1.0,0.0,0.0,1.0,1.0,1,1.0,0.0,1.0,1.0,0.0,4.0,0.0,0.0,0.0,0.0,0.0,3.0,0.0,0.0,0.0,1.0,0.0,2012-02-20,0.0,0.0,0.0,0.0,0.314978518116,0.314978518116,0.314978518116,0.314978518116
2012-02-21,,,,,0.0,0.0,,,,,0.0,1.0,0.0,0.0,1.0,1.0,,,,,0.0,,,,,1.0,1,1.0,0.0,1.0,1.0,0.0,5.0,0.0,0.0,0.0,0.0,0.0,4.0,0.0,0.0,0.0,1.0,0.0,2012-02-21,0.0,0.0,0.568015666916,0.0,0.0,0.568015666916,0.568015666916,0.568015666916
2012-02-22,,,,,0.0,0.0,,,,,0.0,,,,,1.0,,,,,0.0,1.0,0.0,0.0,1.0,1.0,1,1.0,0.0,1.0,1.0,0.0,6.0,0.0,0.0,0.0,0.0,0.0,4.0,0.0,0.0,0.0,2.0,0.0,2012-02-22,0.0,0.0,0.0,0.0,0.283480666304,0.283480666304,0.283480666304,0.283480666304
2012-02-23,,,,,0.0,0.0,,,,,0.0,0.0,1.0,0.0,1.0,1.0,,,,,0.0,,,,,1.0,1,0.0,1.0,-1.0,0.0,1.0,2.0,1.0,0.0,0.0,0.0,0.0,0.0,1.0,0.0,0.0,2.0,0.0,2012-02-23,0.0,0.0,-0.488785899775,0.0,0.0,-0.488785899775,-0.488785899775,-0.488785899775
2012-02-24,,,,,0.0,0.0,,,,,0.0,,,,,1.0,,,,,0.0,,,,,1.0,0,0.0,0.0,0.0,,,2.0,1.0,0.0,0.0,0.0,0.0,0.0,1.0,0.0,0.0,2.0,0.0,2012-02-24,0.0,0.0,0.0,0.0,0.0,0.0,,
2012-02-25,,,,,0.0,0.0,,,,,0.0,0.0,1.0,0.0,1.0,1.0,,,,,0.0,,,,,1.0,1,0.0,1.0,-1.0,0.0,1.0,2.0,2.0,0.0,0.0,0.0,0.0,0.0,2.0,0.0,0.0,2.0,0.0,2012-02-25,0.0,0.0,-0.439907309798,0.0,0.0,-0.439907309798,-0.439907309798,-0.439907309798
2012-02-26,,,,,0.0,0.0,,,,,0.0,0.0,1.0,0.0,1.0,1.0,,,,,0.0,,,,,1.0,1,0.0,1.0,-1.0,0.0,1.0,2.0,3.0,0.0,0.0,0.0,0.0,0.0,3.0,0.0,0.0,2.0,0.0,2012-02-26,0.0,0.0,-0.395916578818,0.0,0.0,-0.395916578818,-0.395916578818,-0.395916578818
2012-02-27,,,,,0.0,0.0,,,,,0.0,,,,,1.0,,,,,0.0,,,,,1.0,0,0.0,0.0,0.0,,,2.0,3.0,0.0,0.0,0.0,0.0,0.0,3.0,0.0,0.0,2.0,0.0,2012-02-27,0.0,0.0,0.0,0.0,0.0,0.0,,
2012-02-28,,,,,0.0,0.0,,,,,0.0,,,,,1.0,,,,,0.0,1.0,0.0,0.0,1.0,1.0,1,1.0,0.0,1.0,1.0,0.0,3.0,3.0,0.0,0.0,0.0,0.0,0.0,3.0,0.0,0.0,3.0,0.0,2012-02-28,0.0,0.0,0.0,0.0,0.255132599674,0.255132599674,0.255132599674,0.255132599674
2012-02-29,,,,,0.0,0.0,,,,,0.0,1.0,0.0,0.0,1.0,1.0,,,,,0.0,1.0,0.0,0.0,1.0,1.0,2,2.0,0.0,2.0,1.0,0.0,5.0,0.0,0.0,0.0,0.0,0.0,1.0,0.0,0.0,0.0,4.0,0.0,2012-02-29,0.0,0.0,0.643675079064,0.0,0.229619339706,0.87329441877,0.87329441877,0.436647209385
2012-03-01,,,,,0.0,0.0,,,,,0.0,,,,,1.0,,,,,0.0,,,,,1.0,0,0.0,0.0,0.0,,,5.0,0.0,0.0,0.0,0.0,0.0,1.0,0.0,0.0,0.0,4.0,0.0,2012-03-01,0.0,0.0,0.0,0.0,0.0,0.0,,
2012-03-02,,,,,0.0,0.0,,,,,0.0,1.0,0.0,0.0,1.0,1.0,,,,,0.0,1.0,0.0,0.0,1.0,1.0,2,2.0,0.0,2.0,1.0,0.0,7.0,0.0,0.0,0.0,0.0,0.0,2.0,0.0,0.0,0.0,5.0,0.0,2012-03-02,0.0,0.0,0.579307571157,0.0,0.206657405736,0.785964976893,0.785964976893,0.392982488447
2012-03-03,,,,,0.0,0.0,,,,,0.0,,,,,1.0,,,,,0.0,,,,,1.0,0,0.0,0.0,0.0,,,7.0,0.0,0.0,0.0,0.0,0.0,2.0,0.0,0.0,0.0,5.0,0.0,2012-03-03,0.0,0.0,0.0,0.0,0.0,0.0,,
2012-03-04,,,,,0.0,0.0,,,,,0.0,1.0,0.0,0.0,1.0,1.0,,,,,0.0,1.0,0.0,0.0,1.0,1.0,2,2.0,0.0,2.0,1.0,0.0,9.0,0.0,0.0,0.0,0.0,0.0,3.0,0.0,0.0,0.0,6.0,0.0,2012-03-04,0.0,0.0,0.521376814042,0.0,0.185991665162,0.707368479204,0.707368479204,0.353684239602
2012-03-05,,,,,0.0,0.0,,,,,0.0,,,,,1.0,,,,,0.0,1.0,0.0,0.0,1.0,1.0,1,1.0,0.0,1.0,1.0,0.0,10.0,0.0,0.0,0.0,0.0,0.0,3.0,0.0,0.0,0.0,7.0,0.0,2012-03-05,0.0,0.0,0.0,0.0,0.167392498646,0.167392498646,0.167392498646,0.167392498646
2012-03-06,,,,,0.0,0.0,,,,,0.0,0.0,1.0,0.0,1.0,1.0,,,,,0.0,,,,,1.0,1,0.0,1.0,-1.0,0.0,1.0,7.0,1.0,0.0,0.0,0.0,0.0,0.0,1.0,0.0,0.0,7.0,0.0,2012-03-06,0.0,0.0,-0.530760867363,0.0,0.0,-0.530760867363,-0.530760867363,-0.530760867363
2012-03-07,,,,,0.0,0.0,,,,,0.0,,,,,1.0,,,,,0.0,1.0,0.0,0.0,1.0,1.0,1,1.0,0.0,1.0,1.0,0.0,8.0,1.0,0.0,0.0,0.0,0.0,0.0,1.0,0.0,0.0,8.0,0.0,2012-03-07,0.0,0.0,0.0,0.0,0.150653248781,0.150653248781,0.150653248781,0.150653248781
2012-03-08,,,,,0.0,0.0,,,,,0.0,,,,,1.0,,,,,0.0,0.0,1.0,0.0,1.0,1.0,1,0.0,1.0,-1.0,0.0,1.0,0.0,2.0,0.0,0.0,0.0,0.0,0.0,1.0,0.0,0.0,0.0,1.0,2012-03-08,0.0,0.0,0.0,0.0,-0.864412076097,-0.864412076097,-0.864412076097,-0.864412076097
2012-03-09,,,,,0.0,0.0,,,,,0.0,1.0,0.0,0.0,1.0,1.0,,,,,0.0,,,,,1.0,1,1.0,0.0,1.0,1.0,0.0,1.0,1.0,0.0,0.0,0.0,0.0,1.0,0.0,0.0,0.0,0.0,1.0,2012-03-09,0.0,0.0,0.522315219374,0.0,0.0,0.522315219374,0.522315219374,0.522315219374
2012-03-10,,,,,0.0,0.0,,,,,0.0,,,,,1.0,,,,,0.0,1.0,0.0,0.0,1.0,1.0,1,1.0,0.0,1.0,1.0,0.0,2.0,0.0,0.0,0.0,0.0,0.0,1.0,0.0,0.0,0.0,1.0,0.0,2012-03-10,0.0,0.0,0.0,0.0,0.222029131513,0.222029131513,0.222029131513,0.222029131513
2012-03-11,,,,,0.0,0.0,,,,,0.0,0.0,1.0,0.0,1.0,1.0,,,,,0.0,,,,,1.0,1,0.0,1.0,-1.0,0.0,1.0,1.0,1.0,0.0,0.0,0.0,0.0,0.0,1.0,0.0,0.0,1.0,0.0,2012-03-11,0.0,0.0,-0.529916302564,0.0,0.0,-0.529916302564,-0.529916302564,-0.529916302564
2012-03-12,,,,,0.0,0.0,,,,,0.0,,,,,1.0,,,,,0.0,1.0,0.0,0.0,1.0,1.0,1,1.0,0.0,1.0,1.0,0.0,2.0,1.0,0.0,0.0,0.0,0.0,0.0,1.0,0.0,0.0,2.0,0.0,2012-03-12,0.0,0.0,0.0,0.0,0.199826218362,0.199826218362,0.199826218362,0.199826218362
2012-03-13,,,,,0.0,0.0,,,,,0.0,1.0,0.0,0.0,1.0,1.0,,,,,0.0,,,,,1.0,1,1.0,0.0,1.0,1.0,0.0,3.0,0.0,0.0,0.0,0.0,0.0,1.0,0.0,0.0,0.0,2.0,0.0,2012-03-13,0.0,0.0,0.523075327693,0.0,0.0,0.523075327693,0.523075327693,0.523075327693
2012-03-14,,,,,0.0,0.0,,,,,0.0,,,,,1.0,,,,,0.0,1.0,0.0,0.0,1.0,1.0,1,1.0,0.0,1.0,1.0,0.0,4.0,0.0,0.0,0.0,0.0,0.0,1.0,0.0,0.0,0.0,3.0,0.0,2012-03-14,0.0,0.0,0.0,0.0,0.179843596525,0.179843596525,0.179843596525,0.179843596525
2012-03-15,,,,,0.0,0.0,,,,,0.0,,,,,1.0,,,,,0.0,,,,,1.0,0,0.0,0.0,0.0,,,4.0,0.0,0.0,0.0,0.0,0.0,1.0,0.0,0.0,0.0,3.0,0.0,2012-03-15,0.0,0.0,0.0,0.0,0.0,0.0,,
2012-03-16,,,,,0.0,0.0,,,,,0.0,1.0,0.0,0.0,1.0,1.0,,,,,0.0,0.0,1.0,0.0,1.0,1.0,2,1.0,1.0,0.0,0.5,0.5,2.0,1.0,0.0,0.0,0.0,0.0,2.0,0.0,0.0,0.0,0.0,1.0,2012-03-16,0.0,0.0,0.470767794923,0.0,-0.838140763127,-0.367372968204,-0.367372968204,-0.183686484102
2012-03-17,,,,,0.0,0.0,,,,,0.0,,,,,1.0,,,,,0.0,1.0,0.0,0.0,1.0,1.0,1,1.0,0.0,1.0,1.0,0.0,3.0,0.0,0.0,0.0,0.0,0.0,2.0,0.0,0.0,0.0,1.0,0.0,2012-03-17,0.0,0.0,0.0,0.0,0.245673313186,0.245673313186,0.245673313186,0.245673313186
2012-03-18,,,,,0.0,0.0,,,,,0.0,1.0,0.0,0.0,1.0,1.0,,,,,0.0,,,,,1.0,1,1.0,0.0,1.0,1.0,0.0,4.0,0.0,0.0,0.0,0.0,0.0,3.0,0.0,0.0,0.0,1.0,0.0,2012-03-18,0.0,0.0,0.423691015431,0.0,0.0,0.423691015431,0.423691015431,0.423691015431
2012-03-19,,,,,0.0,0.0,,,,,0.0,,,,,1.0,,,,,0.0,1.0,0.0,0.0,1.0,1.0,1,1.0,0.0,1.0,1.0,0.0,5.0,0.0,0.0,0.0,0.0,0.0,3.0,0.0,0.0,0.0,2.0,0.0,2012-03-19,0.0,0.0,0.0,0.0,0.221105981867,0.221105981867,0.221105981867,0.221105981867
2012-03-20,,,,,0.0,0.0,,,,,0.0,1.0,0.0,0.0,1.0,1.0,,,,,0.0,,,,,1.0,1,1.0,0.0,1.0,1.0,0.0,6.0,0.0,0.0,0.0,0.0,0.0,4.0,0.0,0.0,0.0,2.0,0.0,2012-03-20,0.0,0.0,0.381321913888,0.0,0.0,0.381321913888,0.381321913888,0.381321913888
2012-03-21,,,,,0.0,0.0,,,,,0.0,1.0,0.0,0.0,1.0,1.0,,,,,0.0,1.0,0.0,0.0,1.0,1.0,2,2.0,0.0,2.0,1.0,0.0,8.0,0.0,0.0,0.0,0.0,0.0,5.0,0.0,0.0,0.0,3.0,0.0,2012-03-21,0.0,0.0,0.343189722499,0.0,0.19899538368,0.54218510618,0.54218510618,0.27109255309
2012-03-22,,,,,0.0,0.0,,,,,0.0,,,,,1.0,,,,,0.0,,,,,1.0,0,0.0,0.0,0.0,,,8.0,0.0,0.0,0.0,0.0,0.0,5.0,0.0,0.0,0.0,3.0,0.0,2012-03-22,0.0,0.0,0.0,0.0,0.0,0.0,,
2012-03-23,,,,,0.0,0.0,,,,,0.0,,,,,1.0,,,,,0.0,,,,,1.0,0,0.0,0.0,0.0,,,8.0,0.0,0.0,0.0,0.0,0.0,5.0,0.0,0.0,0.0,3.0,0.0,2012-03-23,0.0,0.0,0.0,0.0,0.0,0.0,,
2012-03-24,,,,,0.0,0.0,,,,,0.0,,,,,1.0,,,,,0.0,1.0,0.0,0.0,1.0,1.0,1,1.0,0.0,1.0,1.0,0.0,9.0,0.0,0.0,0.0,0.0,0.0,5.0,0.0,0.0,0.0,4.0,0.0,2012-03-24,0.0,0.0,0.0,0.0,0.179095845312,0.179095845312,0.179095845312,0.179095845312
2012-03-25,,,,,0.0,0.0,,,,,0.0,0.0,1.0,0.0,1.0,1.0,,,,,0.0,,,,,1.0,1,0.0,1.0,-1.0,0.0,1.0,4.0,1.0,0.0,0.0,0.0,0.0,0.0,1.0,0.0,0.0,4.0,0.0,2012-03-25,0.0,0.0,-0.691129249751,0.0,0.0,-0.691129249751,-0.691129249751,-0.691129249751
2012-03-26,,,,,0.0,0.0,,,,,0.0,,,,,1.0,,,,,0.0,0.0,1.0,0.0,1.0,1.0,1,0.0,1.0,-1.0,0.0,1.0,0.0,2.0,0.0,0.0,0.0,0.0,0.0,1.0,0.0,0.0,0.0,1.0,2012-03-26,0.0,0.0,0.0,0.0,-0.838813739219,-0.838813739219,-0.838813739219,-0.838813739219
2012-03-27,,,,,0.0,0.0,,,,,0.0,0.0,1.0,0.0,1.0,1.0,,,,,0.0,,,,,1.0,1,0.0,1.0,-1.0,0.0,1.0,0.0,3.0,0.0,0.0,0.0,0.0,0.0,2.0,0.0,0.0,0.0,1.0,2012-03-27,0.0,0.0,-0.622016324776,0.0,0.0,-0.622016324776,-0.622016324776,-0.622016324776
2012-03-28,,,,,0.0,0.0,,,,,0.0,,,,,1.0,,,,,0.0,1.0,0.0,0.0,1.0,1.0,1,1.0,0.0,1.0,1.0,0.0,1.0,2.0,0.0,0.0,0.0,0.0,0.0,2.0,0.0,0.0,1.0,0.0,2012-03-28,0.0,0.0,0.0,0.0,0.245067634703,0.245067634703,0.245067634703,0.245067634703
2012-03-29,,,,,0.0,0.0,,,,,0.0,1.0,0.0,0.0,1.0,1.0,,,,,0.0,,,,,1.0,1,1.0,0.0,1.0,1.0,0.0,2.0,0.0,0.0,0.0,0.0,0.0,1.0,0.0,0.0,0.0,1.0,0.0,2012-03-29,0.0,0.0,0.440185307702,0.0,0.0,0.440185307702,0.440185307702,0.440185307702
2012-03-30,,,,,0.0,0.0,,,,,0.0,,,,,1.0,,,,,0.0,1.0,0.0,0.0,1.0,1.0,1,1.0,0.0,1.0,1.0,0.0,3.0,0.0,0.0,0.0,0.0,0.0,1.0,0.0,0.0,0.0,2.0,0.0,2012-03-30,0.0,0.0,0.0,0.0,0.220560871233,0.220560871233,0.220560871233,0.220560871233
2012-03-31,,,,,0.0,0.0,,,,,0.0,1.0,0.0,0.0,1.0,1.0,,,,,0.0,,,,,1.0,1,1.0,0.0,1.0,1.0,0.0,4.0,0.0,0.0,0.0,0.0,0.0,2.0,0.0,0.0,0.0,2.0,0.0,2012-03-31,0.0,0.0,0.396166776932,0.0,0.0,0.396166776932,0.396166776932,0.396166776932
2012-04-01,,,,,0.0,0.0,,,,,0.0,0.0,1.0,0.0,1.0,1.0,,,,,0.0,0.0,1.0,0.0,1.0,1.0,2,0.0,2.0,-2.0,0.0,1.0,0.0,2.0,0.0,0.0,0.0,0.0,0.0,1.0,0.0,0.0,0.0,1.0,2012-04-01,0.0,0.0,-0.643449900761,0.0,-0.801495215891,-1.44494511665,-1.44494511665,-0.722472558326
2012-04-02,,,,,0.0,0.0,,,,,0.0,,,,,1.0,,,,,0.0,0.0,1.0,0.0,1.0,1.0,1,0.0,1.0,-1.0,0.0,1.0,0.0,3.0,0.0,0.0,0.0,0.0,0.0,1.0,0.0,0.0,0.0,2.0,2012-04-02,0.0,0.0,0.0,0.0,-0.721345694302,-0.721345694302,-0.721345694302,-0.721345694302
2012-04-03,,,,,0.0,0.0,,,,,0.0,,,,,1.0,,,,,0.0,,,,,1.0,0,0.0,0.0,0.0,,,0.0,3.0,0.0,0.0,0.0,0.0,0.0,1.0,0.0,0.0,0.0,2.0,2012-04-03,0.0,0.0,0.0,0.0,0.0,0.0,,
2012-04-04,,,,,0.0,0.0,,,,,0.0,,,,,1.0,,,,,0.0,,,,,1.0,0,0.0,0.0,0.0,,,0.0,3.0,0.0,0.0,0.0,0.0,0.0,1.0,0.0,0.0,0.0,2.0,2012-04-04,0.0,0.0,0.0,0.0,0.0,0.0,,
2012-04-05,,,,,0.0,0.0,,,,,0.0,0.0,1.0,0.0,1.0,1.0,0.0,1.0,0.0,1.0,1.0,1.0,0.0,0.0,1.0,1.0,3,1.0,2.0,-1.0,0.333333333333,0.666666666667,1.0,3.0,0.0,0.0,0.0,0.0,0.0,2.0,0.0,1.0,1.0,0.0,2012-04-05,0.0,0.0,-0.579104910685,-0.5,0.350788875129,-0.728316035557,-0.728316035557,-0.242772011852
2012-04-06,,,,,0.0,0.0,0.0,1.0,0.0,1.0,1.0,,,,,1.0,,,,,1.0,,,,,1.0,1,0.0,1.0,-1.0,0.0,1.0,1.0,4.0,0.0,0.0,0.0,1.0,0.0,2.0,0.0,1.0,1.0,0.0,2012-04-06,0.0,-0.5,0.0,0.0,0.0,-0.5,-0.5,-0.5
2012-04-07,,,,,0.0,0.0,1.0,0.0,0.0,1.0,1.0,1.0,0.0,0.0,1.0,1.0,0.0,1.0,0.0,1.0,1.0,,,,,1.0,3,2.0,1.0,1.0,0.666666666667,0.333333333333,3.0,2.0,0.0,0.0,1.0,0.0,1.0,0.0,0.0,2.0,1.0,0.0,2012-04-07,0.0,0.55,0.478805580383,-0.45,0.0,0.578805580383,0.578805580383,0.192935193461
2012-04-08,,,,,0.0,0.0,0.0,1.0,0.0,1.0,1.0,,,,,1.0,1.0,0.0,0.0,1.0,1.0,0.0,1.0,0.0,1.0,1.0,3,1.0,2.0,-1.0,0.333333333333,0.666666666667,2.0,2.0,0.0,0.0,0.0,1.0,1.0,0.0,1.0,0.0,0.0,1.0,2012-04-08,0.0,-0.505,0.0,0.595,-0.684290012384,-0.594290012384,-0.594290012384,-0.198096670795
2012-04-09,,,,,0.0,0.0,1.0,0.0,0.0,1.0,1.0,,,,,1.0,0.0,1.0,0.0,1.0,1.0,,,,,1.0,2,1.0,1.0,0.0,0.5,0.5,2.0,2.0,0.0,0.0,1.0,0.0,1.0,0.0,0.0,1.0,0.0,1.0,2012-04-09,0.0,0.5455,0.0,-0.4645,0.0,0.081,0.081,0.0405
2012-04-10,,,,,0.0,0.0,,,,,1.0,,,,,1.0,0.0,1.0,0.0,1.0,1.0,1.0,0.0,0.0,1.0,1.0,2,1.0,1.0,0.0,0.5,0.5,3.0,2.0,0.0,0.0,1.0,0.0,1.0,0.0,0.0,2.0,1.0,0.0,2012-04-10,0.0,0.0,0.0,-0.41805,0.384138988854,-0.0339110111458,-0.0339110111458,-0.0169555055729
2012-04-11,,,,,0.0,0.0,1.0,0.0,0.0,1.0,1.0,,,,,1.0,0.0,1.0,0.0,1.0,1.0,,,,,1.0,2,1.0,1.0,0.0,0.5,0.5,4.0,3.0,0.0,0.0,2.0,0.0,1.0,0.0,0.0,3.0,1.0,0.0,2012-04-11,0.0,0.49095,0.0,-0.376245,0.0,0.114705,0.114705,0.0573525
2012-04-12,,,,,0.0,0.0,,,,,1.0,0.0,1.0,0.0,1.0,1.0,1.0,0.0,0.0,1.0,1.0,1.0,0.0,0.0,1.0,1.0,3,2.0,1.0,1.0,0.666666666667,0.333333333333,5.0,1.0,0.0,0.0,2.0,0.0,0.0,1.0,1.0,0.0,2.0,0.0,2012-04-12,0.0,0.0,-0.569074977655,0.6613795,0.345725089969,0.438029612314,0.438029612314,0.146009870771
2012-04-13,,,,,0.0,0.0,1.0,0.0,0.0,1.0,1.0,,,,,1.0,1.0,0.0,0.0,1.0,1.0,,,,,1.0,2,2.0,0.0,2.0,1.0,0.0,7.0,1.0,0.0,0.0,3.0,0.0,0.0,1.0,2.0,0.0,2.0,0.0,2012-04-13,0.0,0.441855,0.0,0.59524155,0.0,1.03709655,1.03709655,0.518548275
2012-04-14,,,,,0.0,0.0,1.0,0.0,0.0,1.0,1.0,1.0,0.0,0.0,1.0,1.0,0.0,1.0,0.0,1.0,1.0,,,,,1.0,3,2.0,1.0,1.0,0.666666666667,0.333333333333,7.0,1.0,0.0,0.0,4.0,0.0,1.0,0.0,0.0,1.0,2.0,0.0,2012-04-14,0.0,0.3976695,0.48783252011,-0.464282605,0.0,0.42121941511,0.42121941511,0.140406471703
2012-04-15,,,,,0.0,0.0,0.0,1.0,0.0,1.0,1.0,,,,,1.0,0.0,1.0,0.0,1.0,1.0,1.0,0.0,0.0,1.0,1.0,3,1.0,2.0,-1.0,0.333333333333,0.666666666667,4.0,3.0,0.0,0.0,0.0,1.0,1.0,0.0,0.0,2.0,3.0,0.0,2012-04-15,0.0,-0.64209745,0.0,-0.4178543445,0.311152580972,-0.748799213528,-0.748799213528,-0.249599737843
2012-04-16,,,,,0.0,0.0,0.0,1.0,0.0,1.0,1.0,,,,,1.0,,,,,1.0,0.0,1.0,0.0,1.0,1.0,2,0.0,2.0,-2.0,0.0,1.0,1.0,5.0,0.0,0.0,0.0,2.0,1.0,0.0,0.0,2.0,0.0,1.0,2012-04-16,0.0,-0.577887705,0.0,0.0,-0.719962677125,-1.29785038213,-1.29785038213,-0.648925191063
2012-04-17,,,,,0.0,0.0,0.0,1.0,0.0,1.0,1.0,0.0,1.0,0.0,1.0,1.0,0.0,1.0,0.0,1.0,1.0,,,,,1.0,3,0.0,3.0,-3.0,0.0,1.0,0.0,8.0,0.0,0.0,0.0,3.0,0.0,1.0,0.0,3.0,0.0,1.0,2012-04-17,0.0,-0.5200989345,-0.560950731901,-0.37606891005,0.0,-1.45711857645,-1.45711857645,-0.48570619215
2012-04-18,,,,,0.0,0.0,1.0,0.0,0.0,1.0,1.0,,,,,1.0,0.0,1.0,0.0,1.0,1.0,1.0,0.0,0.0,1.0,1.0,3,2.0,1.0,1.0,0.666666666667,0.333333333333,2.0,5.0,0.0,0.0,1.0,0.0,0.0,1.0,0.0,4.0,1.0,0.0,2012-04-18,0.0,0.53191095895,0.0,-0.338462019045,0.352033590587,0.545482530492,0.545482530492,0.181827510164
2012-04-19,,,,,0.0,0.0,0.0,1.0,0.0,1.0,1.0,0.0,1.0,0.0,1.0,1.0,0.0,1.0,0.0,1.0,1.0,0.0,1.0,0.0,1.0,1.0,4,0.0,4.0,-4.0,0.0,1.0,0.0,9.0,0.0,0.0,0.0,1.0,0.0,2.0,0.0,5.0,0.0,1.0,2012-04-19,0.0,-0.521280136945,-0.504855658711,-0.304615817141,-0.683169768471,-2.01392138127,-2.01392138127,-0.503480345317
2012-04-20,,,,,0.0,0.0,1.0,0.0,0.0,1.0,1.0,,,,,1.0,0.0,1.0,0.0,1.0,1.0,,,,,1.0,2,1.0,1.0,0.0,0.5,0.5,1.0,9.0,0.0,0.0,1.0,0.0,0.0,2.0,0.0,6.0,0.0,1.0,2012-04-20,0.0,0.530847876749,0.0,-0.274154235426,0.0,0.256693641323,0.256693641323,0.128346820662
2012-04-21,,,,,0.0,0.0,1.0,0.0,0.0,1.0,1.0,1.0,0.0,0.0,1.0,1.0,1.0,0.0,0.0,1.0,1.0,1.0,0.0,0.0,1.0,1.0,4,4.0,0.0,4.0,1.0,0.0,5.0,0.0,0.0,0.0,2.0,0.0,1.0,0.0,1.0,0.0,1.0,0.0,2012-04-21,0.0,0.477763089075,0.54562990716,0.753261188116,0.385147208376,2.16180139273,2.16180139273,0.540450348182
2012-04-22,,,,,0.0,0.0,1.0,0.0,0.0,1.0,1.0,,,,,1.0,0.0,1.0,0.0,1.0,1.0,,,,,1.0,2,1.0,1.0,0.0,0.5,0.5,5.0,1.0,0.0,0.0,3.0,0.0,1.0,0.0,0.0,1.0,1.0,0.0,2012-04-22,0.0,0.429986780167,0.0,-0.322064930695,0.0,0.107921849472,0.107921849472,0.0539609247358
2012-04-23,,,,,0.0,0.0,1.0,0.0,0.0,1.0,1.0,0.0,1.0,0.0,1.0,1.0,1.0,0.0,0.0,1.0,1.0,,,,,1.0,3,2.0,1.0,1.0,0.666666666667,0.333333333333,6.0,1.0,0.0,0.0,4.0,0.0,0.0,1.0,1.0,0.0,1.0,0.0,2012-04-23,0.0,0.38698810215,-0.508933083556,0.710141562374,0.0,0.588196580969,0.588196580969,0.19606552699
2012-04-24,,,,,0.0,0.0,0.0,1.0,0.0,1.0,1.0,,,,,0.0,1.0,0.0,0.0,1.0,1.0,,,,,1.0,2,1.0,1.0,0.0,0.5,0.5,3.0,1.0,0.0,0.0,0.0,1.0,0.0,0.0,2.0,0.0,1.0,0.0,2012-04-24,0.0,-0.651710708065,0.0,0.639127406137,0.0,-0.0125833019279,-0.0125833019279,-0.00629165096397
2012-04-25,,,,,0.0,0.0,0.0,1.0,0.0,1.0,1.0,,,,,0.0,0.0,1.0,0.0,1.0,1.0,1.0,0.0,0.0,1.0,1.0,3,1.0,2.0,-1.0,0.333333333333,0.666666666667,2.0,3.0,0.0,0.0,0.0,2.0,0.0,0.0,0.0,1.0,2.0,0.0,2012-04-25,0.0,-0.586539637258,0.0,-0.424785334477,0.346632487538,-0.664692484197,-0.664692484197,-0.221564161399
2012-04-26,,,,,0.0,0.0,0.0,1.0,0.0,1.0,1.0,,,,,0.0,,,,,1.0,1.0,0.0,0.0,1.0,1.0,2,1.0,1.0,0.0,0.5,0.5,3.0,4.0,0.0,0.0,0.0,3.0,0.0,0.0,0.0,1.0,3.0,0.0,2012-04-26,0.0,-0.527885673532,0.0,0.0,0.311969238784,-0.215916434748,-0.215916434748,-0.107958217374
2012-04-27,,,,,0.0,0.0,0.0,1.0,0.0,1.0,1.0,,,,,0.0,1.0,0.0,0.0,1.0,1.0,,,,,0.0,2,1.0,1.0,0.0,0.5,0.5,1.0,4.0,0.0,0.0,0.0,4.0,0.0,0.0,1.0,0.0,0.0,0.0,2012-04-27,0.0,-0.475097106179,0.0,0.617693198971,0.0,0.142596092792,0.142596092792,0.0712980463958
2012-04-28,,,,,0.0,0.0,0.0,1.0,0.0,1.0,1.0,,,,,0.0,0.0,1.0,0.0,1.0,1.0,,,,,0.0,2,0.0,2.0,-2.0,0.0,1.0,0.0,6.0,0.0,0.0,0.0,5.0,0.0,0.0,0.0,1.0,0.0,0.0,2012-04-28,0.0,-0.427587395561,0.0,-0.444076120926,0.0,-0.871663516488,-0.871663516488,-0.435831758244
2012-04-29,,,,,0.0,0.0,1.0,0.0,0.0,1.0,1.0,,,,,0.0,1.0,0.0,0.0,1.0,1.0,,,,,0.0,2,2.0,0.0,2.0,1.0,0.0,2.0,0.0,0.0,0.0,1.0,0.0,0.0,0.0,1.0,0.0,0.0,0.0,2012-04-29,0.0,0.615171343995,0.0,0.600331491166,0.0,1.21550283516,1.21550283516,0.607751417581
2012-04-30,,,,,0.0,0.0,,,,,1.0,,,,,0.0,0.0,1.0,0.0,1.0,1.0,,,,,0.0,1,0.0,1.0,-1.0,0.0,1.0,1.0,1.0,0.0,0.0,1.0,0.0,0.0,0.0,0.0,1.0,0.0,0.0,2012-04-30,0.0,0.0,0.0,-0.45970165795,0.0,-0.45970165795,-0.45970165795,-0.45970165795
2012-05-01,,,,,0.0,0.0,1.0,0.0,0.0,1.0,1.0,,,,,0.0,,,,,1.0,,,,,0.0,1,1.0,0.0,1.0,1.0,0.0,2.0,1.0,0.0,0.0,2.0,0.0,0.0,0.0,0.0,1.0,0.0,0.0,2012-05-01,0.0,0.553654209595,0.0,0.0,0.0,0.553654209595,0.553654209595,0.553654209595
2012-05-02,,,,,0.0,0.0,0.0,1.0,0.0,1.0,1.0,,,,,0.0,1.0,0.0,0.0,1.0,1.0,,,,,0.0,2,1.0,1.0,0.0,0.5,0.5,1.0,1.0,0.0,0.0,0.0,1.0,0.0,0.0,1.0,0.0,0.0,0.0,2012-05-02,0.0,-0.501711211364,0.0,0.586268507845,0.0,0.0845572964806,0.0845572964806,0.0422786482403
2012-05-03,,,,,0.0,0.0,0.0,1.0,0.0,1.0,1.0,,,,,0.0,0.0,1.0,0.0,1.0,1.0,,,,,0.0,2,0.0,2.0,-2.0,0.0,1.0,0.0,3.0,0.0,0.0,0.0,2.0,0.0,0.0,0.0,1.0,0.0,0.0,2012-05-03,0.0,-0.451540090228,0.0,-0.47235834294,0.0,-0.923898433167,-0.923898433167,-0.461949216584
2012-05-04,,,,,0.0,0.0,0.0,1.0,0.0,1.0,1.0,,,,,0.0,1.0,0.0,0.0,1.0,1.0,,,,,0.0,2,1.0,1.0,0.0,0.5,0.5,1.0,3.0,0.0,0.0,0.0,3.0,0.0,0.0,1.0,0.0,0.0,0.0,2012-05-04,0.0,-0.406386081205,0.0,0.574877491354,0.0,0.168491410149,0.168491410149,0.0842457050746
2012-05-05,,,,,0.0,0.0,1.0,0.0,0.0,1.0,1.0,,,,,0.0,0.0,1.0,0.0,1.0,1.0,,,,,0.0,2,1.0,1.0,0.0,0.5,0.5,1.0,1.0,0.0,0.0,1.0,0.0,0.0,0.0,0.0,1.0,0.0,0.0,2012-05-05,0.0,0.634252526916,0.0,-0.482610257781,0.0,0.151642269134,0.151642269134,0.0758211345672
2012-05-06,,,,,0.0,0.0,0.0,1.0,0.0,1.0,1.0,,,,,0.0,1.0,0.0,0.0,1.0,1.0,,,,,0.0,2,1.0,1.0,0.0,0.5,0.5,1.0,1.0,0.0,0.0,0.0,1.0,0.0,0.0,1.0,0.0,0.0,0.0,2012-05-06,0.0,-0.429172725776,0.0,0.565650767997,0.0,0.136478042221,0.136478042221,0.0682390211105
2012-05-07,,,,,0.0,0.0,0.0,2.0,0.0,2.0,1.0,,,,,0.0,1.0,0.0,0.0,1.0,1.0,,,,,0.0,2,1.0,2.0,-1.0,0.333333333333,0.666666666667,2.0,1.0,0.0,0.0,0.0,1.0,0.0,0.0,2.0,0.0,0.0,0.0,2012-05-07,0.0,-0.386255453198,0.0,0.509085691197,0.0,0.122830237999,0.122830237999,0.0614151189994
2012-05-08,,,,,0.0,0.0,1.0,0.0,0.0,1.0,1.0,,,,,0.0,0.0,1.0,0.0,1.0,1.0,,,,,0.0,2,1.0,1.0,0.0,0.5,0.5,1.0,1.0,0.0,0.0,1.0,0.0,0.0,0.0,0.0,1.0,0.0,0.0,2012-05-08,0.0,0.652370092121,0.0,-0.541822877923,0.0,0.110547214199,0.110547214199,0.0552736070995
2012-05-09,,,,,0.0,0.0,1.0,0.0,0.0,1.0,1.0,,,,,0.0,1.0,0.0,0.0,1.0,1.0,,,,,0.0,2,2.0,0.0,2.0,1.0,0.0,3.0,0.0,0.0,0.0,2.0,0.0,0.0,0.0,1.0,0.0,0.0,0.0,2012-05-09,0.0,0.587133082909,0.0,0.51235940987,0.0,1.09949249278,1.09949249278,0.54974624639
2012-05-10,,,,,0.0,0.0,,,,,1.0,,,,,0.0,,,,,1.0,,,,,0.0,0,0.0,0.0,0.0,,,3.0,0.0,0.0,0.0,2.0,0.0,0.0,0.0,1.0,0.0,0.0,0.0,2012-05-10,0.0,0.0,0.0,0.0,0.0,0.0,,
2012-05-11,,,,,0.0,0.0,1.0,0.0,0.0,1.0,1.0,,,,,0.0,0.0,1.0,0.0,1.0,1.0,,,,,0.0,2,1.0,1.0,0.0,0.5,0.5,3.0,1.0,0.0,0.0,3.0,0.0,0.0,0.0,0.0,1.0,0.0,0.0,2012-05-11,0.0,0.528419774618,0.0,-0.538876531117,0.0,-0.0104567564989,-0.0104567564989,-0.00522837824943
2012-05-12,,,,,0.0,0.0,0.0,1.0,0.0,1.0,1.0,,,,,0.0,0.0,1.0,0.0,1.0,1.0,,,,,0.0,2,0.0,2.0,-2.0,0.0,1.0,0.0,3.0,0.0,0.0,0.0,1.0,0.0,0.0,0.0,2.0,0.0,0.0,2012-05-12,0.0,-0.524422202843,0.0,-0.484988878006,0.0,-1.00941108085,-1.00941108085,-0.504705540424
2012-05-13,,,,,0.0,0.0,0.0,1.0,0.0,1.0,1.0,,,,,0.0,1.0,0.0,0.0,1.0,1.0,,,,,0.0,2,1.0,1.0,0.0,0.5,0.5,1.0,2.0,0.0,0.0,0.0,2.0,0.0,0.0,1.0,0.0,0.0,0.0,2012-05-13,0.0,-0.471979982559,0.0,0.563510009795,0.0,0.0915300272359,0.0915300272359,0.045765013618
2012-05-14,,,,,0.0,0.0,1.0,0.0,0.0,1.0,1.0,,,,,0.0,1.0,0.0,0.0,1.0,1.0,,,,,0.0,2,2.0,0.0,2.0,1.0,0.0,3.0,0.0,0.0,0.0,1.0,0.0,0.0,0.0,2.0,0.0,0.0,0.0,2012-05-14,0.0,0.575218015697,0.0,0.507159008816,0.0,1.08237702451,1.08237702451,0.541188512256
2012-05-15,,,,,0.0,0.0,0.0,1.0,0.0,1.0,1.0,,,,,0.0,0.0,1.0,0.0,1.0,1.0,,,,,0.0,2,0.0,2.0,-2.0,0.0,1.0,0.0,2.0,0.0,0.0,0.0,1.0,0.0,0.0,0.0,1.0,0.0,0.0,2012-05-15,0.0,-0.482303785873,0.0,-0.543556892066,0.0,-1.02586067794,-1.02586067794,-0.512930338969
2012-05-16,,,,,0.0,0.0,0.0,1.0,0.0,1.0,1.0,,,,,0.0,0.0,1.0,0.0,1.0,1.0,,,,,0.0,2,0.0,2.0,-2.0,0.0,1.0,0.0,4.0,0.0,0.0,0.0,2.0,0.0,0.0,0.0,2.0,0.0,0.0,2012-05-16,0.0,-0.434073407286,0.0,-0.489201202859,0.0,-0.923274610145,-0.923274610145,-0.461637305073
2012-05-17,,,,,0.0,0.0,1.0,0.0,0.0,1.0,1.0,,,,,0.0,0.0,1.0,0.0,1.0,1.0,,,,,0.0,2,1.0,1.0,0.0,0.5,0.5,1.0,3.0,0.0,0.0,1.0,0.0,0.0,0.0,0.0,3.0,0.0,0.0,2012-05-17,0.0,0.609333933443,0.0,-0.440281082573,0.0,0.169052850869,0.169052850869,0.0845264254347
2012-05-18,,,,,0.0,0.0,1.0,0.0,0.0,1.0,1.0,,,,,0.0,0.0,1.0,0.0,1.0,1.0,,,,,0.0,2,1.0,1.0,0.0,0.5,0.5,2.0,4.0,0.0,0.0,2.0,0.0,0.0,0.0,0.0,4.0,0.0,0.0,2012-05-18,0.0,0.548400540099,0.0,-0.396252974316,0.0,0.152147565783,0.152147565783,0.0760737828913
2012-05-19,,,,,0.0,0.0,1.0,0.0,0.0,1.0,1.0,,,,,0.0,0.0,1.0,0.0,1.0,1.0,,,,,0.0,2,1.0,1.0,0.0,0.5,0.5,3.0,5.0,0.0,0.0,3.0,0.0,0.0,0.0,0.0,5.0,0.0,0.0,2012-05-19,0.0,0.493560486089,0.0,-0.356627676885,0.0,0.136932809204,0.136932809204,0.0684664046021
2012-05-20,,,,,0.0,0.0,1.0,0.0,0.0,1.0,1.0,,,,,0.0,0.0,1.0,0.0,1.0,1.0,,,,,0.0,2,1.0,1.0,0.0,0.5,0.5,4.0,6.0,0.0,0.0,4.0,0.0,0.0,0.0,0.0,6.0,0.0,0.0,2012-05-20,0.0,0.44420443748,0.0,-0.320964909196,0.0,0.123239528284,0.123239528284,0.0616197641419
2012-05-21,,,,,0.0,0.0,,,,,1.0,,,,,0.0,0.0,1.0,0.0,1.0,1.0,,,,,0.0,1,0.0,1.0,-1.0,0.0,1.0,4.0,7.0,0.0,0.0,4.0,0.0,0.0,0.0,0.0,7.0,0.0,0.0,2012-05-21,0.0,0.0,0.0,-0.288868418276,0.0,-0.288868418276,-0.288868418276,-0.288868418276
2012-05-22,,,,,0.0,0.0,0.0,1.0,0.0,1.0,1.0,,,,,0.0,0.0,1.0,0.0,1.0,1.0,,,,,0.0,2,0.0,2.0,-2.0,0.0,1.0,0.0,9.0,0.0,0.0,0.0,1.0,0.0,0.0,0.0,8.0,0.0,0.0,2012-05-22,0.0,-0.600216006268,0.0,-0.259981576449,0.0,-0.860197582717,-0.860197582717,-0.430098791358
2012-05-23,,,,,0.0,0.0,1.0,0.0,0.0,1.0,1.0,,,,,0.0,0.0,1.0,0.0,1.0,1.0,,,,,0.0,2,1.0,1.0,0.0,0.5,0.5,1.0,9.0,0.0,0.0,1.0,0.0,0.0,0.0,0.0,9.0,0.0,0.0,2012-05-23,0.0,0.459805594359,0.0,-0.233983418804,0.0,0.225822175555,0.225822175555,0.112911087777
2012-05-24,,,,,0.0,0.0,1.0,0.0,0.0,1.0,1.0,,,,,0.0,,,,,1.0,,,,,0.0,1,1.0,0.0,1.0,1.0,0.0,2.0,9.0,0.0,0.0,2.0,0.0,0.0,0.0,0.0,9.0,0.0,0.0,2012-05-24,0.0,0.413825034923,0.0,0.0,0.0,0.413825034923,0.413825034923,0.413825034923
2012-05-25,,,,,0.0,0.0,1.0,0.0,0.0,1.0,1.0,,,,,0.0,0.0,1.0,0.0,1.0,1.0,,,,,0.0,2,1.0,1.0,0.0,0.5,0.5,3.0,10.0,0.0,0.0,3.0,0.0,0.0,0.0,0.0,10.0,0.0,0.0,2012-05-25,0.0,0.372442531431,0.0,-0.210585076924,0.0,0.161857454507,0.161857454507,0.0809287272535
2012-05-26,,,,,0.0,0.0,1.0,0.0,0.0,1.0,1.0,,,,,0.0,0.0,1.0,0.0,1.0,1.0,,,,,0.0,2,1.0,1.0,0.0,0.5,0.5,4.0,11.0,0.0,0.0,4.0,0.0,0.0,0.0,0.0,11.0,0.0,0.0,2012-05-26,0.0,0.335198278288,0.0,-0.189526569231,0.0,0.145671709056,0.145671709056,0.0728358545282
2012-05-27,,,,,0.0,0.0,1.0,0.0,0.0,1.0,1.0,,,,,0.0,0.0,1.0,0.0,1.0,1.0,,,,,0.0,2,1.0,1.0,0.0,0.5,0.5,5.0,12.0,0.0,0.0,5.0,0.0,0.0,0.0,0.0,12.0,0.0,0.0,2012-05-27,0.0,0.301678450459,0.0,-0.170573912308,0.0,0.131104538151,0.131104538151,0.0655522690754
2012-05-28,,,,,0.0,0.0,1.0,0.0,0.0,1.0,1.0,,,,,0.0,1.0,0.0,0.0,1.0,1.0,,,,,0.0,2,2.0,0.0,2.0,1.0,0.0,7.0,0.0,0.0,0.0,6.0,0.0,0.0,0.0,1.0,0.0,0.0,0.0,2012-05-28,0.0,0.271510605413,0.0,0.846483478923,0.0,1.11799408434,1.11799408434,0.558997042168
2012-05-29,,,,,0.0,0.0,1.0,0.0,0.0,1.0,1.0,,,,,0.0,1.0,0.0,0.0,1.0,1.0,,,,,0.0,2,2.0,0.0,2.0,1.0,0.0,9.0,0.0,0.0,0.0,7.0,0.0,0.0,0.0,2.0,0.0,0.0,0.0,2012-05-29,0.0,0.244359544872,0.0,0.76183513103,0.0,1.0061946759,1.0061946759,0.503097337951
2012-05-30,,,,,0.0,0.0,1.0,0.0,0.0,1.0,1.0,,,,,0.0,1.0,0.0,0.0,1.0,1.0,,,,,0.0,2,2.0,0.0,2.0,1.0,0.0,11.0,0.0,0.0,0.0,8.0,0.0,0.0,0.0,3.0,0.0,0.0,0.0,2012-05-30,0.0,0.219923590384,0.0,0.685651617927,0.0,0.905575208312,0.905575208312,0.452787604156
2012-05-31,,,,,0.0,0.0,,,,,1.0,,,,,0.0,,,,,1.0,,,,,0.0,0,0.0,0.0,0.0,,,11.0,0.0,0.0,0.0,8.0,0.0,0.0,0.0,3.0,0.0,0.0,0.0,2012-05-31,0.0,0.0,0.0,0.0,0.0,0.0,,
2012-06-01,,,,,0.0,0.0,1.0,0.0,0.0,1.0,1.0,,,,,0.0,0.0,1.0,0.0,1.0,1.0,,,,,0.0,2,1.0,1.0,0.0,0.5,0.5,9.0,1.0,0.0,0.0,9.0,0.0,0.0,0.0,0.0,1.0,0.0,0.0,2012-06-01,0.0,0.197931231346,0.0,-0.382913543865,0.0,-0.184982312519,-0.184982312519,-0.0924911562597
2012-06-02,,,,,0.0,0.0,0.0,1.0,0.0,1.0,1.0,,,,,0.0,0.0,1.0,0.0,1.0,1.0,,,,,0.0,2,0.0,2.0,-2.0,0.0,1.0,0.0,3.0,0.0,0.0,0.0,1.0,0.0,0.0,0.0,2.0,0.0,0.0,2012-06-02,0.0,-0.821861891789,0.0,-0.344622189479,0.0,-1.16648408127,-1.16648408127,-0.583242040634
2012-06-03,,,,,0.0,0.0,1.0,0.0,0.0,1.0,1.0,,,,,0.0,0.0,1.0,0.0,1.0,1.0,,,,,0.0,2,1.0,1.0,0.0,0.5,0.5,1.0,3.0,0.0,0.0,1.0,0.0,0.0,0.0,0.0,3.0,0.0,0.0,2012-06-03,0.0,0.26032429739,0.0,-0.310159970531,0.0,-0.0498356731407,-0.0498356731407,-0.0249178365703
2012-06-04,,,,,0.0,0.0,,,,,1.0,,,,,0.0,0.0,1.0,0.0,1.0,1.0,,,,,0.0,1,0.0,1.0,-1.0,0.0,1.0,1.0,4.0,0.0,0.0,1.0,0.0,0.0,0.0,0.0,4.0,0.0,0.0,2012-06-04,0.0,0.0,0.0,-0.279143973478,0.0,-0.279143973478,-0.279143973478,-0.279143973478
2012-06-05,,,,,0.0,0.0,0.0,1.0,0.0,1.0,1.0,,,,,0.0,1.0,0.0,0.0,1.0,1.0,,,,,0.0,2,1.0,1.0,0.0,0.5,0.5,1.0,1.0,0.0,0.0,0.0,1.0,0.0,0.0,1.0,0.0,0.0,0.0,2012-06-05,0.0,-0.765708132349,0.0,0.74877042387,0.0,-0.0169377084788,-0.0169377084788,-0.0084688542394
2012-06-06,,,,,0.0,0.0,0.0,1.0,0.0,1.0,1.0,,,,,0.0,0.0,1.0,0.0,1.0,1.0,,,,,0.0,2,0.0,2.0,-2.0,0.0,1.0,0.0,3.0,0.0,0.0,0.0,2.0,0.0,0.0,0.0,1.0,0.0,0.0,2012-06-06,0.0,-0.689137319114,0.0,-0.326106618517,0.0,-1.01524393763,-1.01524393763,-0.507621968815
2012-06-07,,,,,0.0,0.0,1.0,0.0,0.0,1.0,1.0,,,,,0.0,0.0,1.0,0.0,1.0,1.0,,,,,0.0,2,1.0,1.0,0.0,0.5,0.5,1.0,2.0,0.0,0.0,1.0,0.0,0.0,0.0,0.0,2.0,0.0,0.0,2012-06-07,0.0,0.379776412797,0.0,-0.293495956665,0.0,0.0862804561322,0.0862804561322,0.0431402280661
2012-06-08,,,,,0.0,0.0,0.0,1.0,0.0,1.0,1.0,,,,,0.0,0.0,1.0,0.0,1.0,1.0,,,,,0.0,2,0.0,2.0,-2.0,0.0,1.0,0.0,4.0,0.0,0.0,0.0,1.0,0.0,0.0,0.0,3.0,0.0,0.0,2012-06-08,0.0,-0.658201228482,0.0,-0.264146360999,0.0,-0.922347589481,-0.922347589481,-0.461173794741
2012-06-09,,,,,0.0,0.0,1.0,0.0,0.0,1.0,1.0,,,,,0.0,0.0,1.0,0.0,1.0,1.0,,,,,0.0,2,1.0,1.0,0.0,0.5,0.5,1.0,4.0,0.0,0.0,1.0,0.0,0.0,0.0,0.0,4.0,0.0,0.0,2012-06-09,0.0,0.407618894366,0.0,-0.237731724899,0.0,0.169887169467,0.169887169467,0.0849435847335
2012-06-10,,,,,0.0,0.0,0.0,1.0,0.0,1.0,1.0,,,,,0.0,1.0,0.0,0.0,1.0,1.0,,,,,0.0,2,1.0,1.0,0.0,0.5,0.5,1.0,1.0,0.0,0.0,0.0,1.0,0.0,0.0,1.0,0.0,0.0,0.0,2012-06-10,0.0,-0.633142995071,0.0,0.786041447591,0.0,0.15289845252,0.15289845252,0.0764492262602
2012-06-11,,,,,0.0,0.0,,,,,1.0,,,,,0.0,,,,,1.0,,,,,0.0,0,0.0,0.0,0.0,,,1.0,1.0,0.0,0.0,0.0,1.0,0.0,0.0,1.0,0.0,0.0,0.0,2012-06-11,0.0,0.0,0.0,0.0,0.0,0.0,,
2012-06-12,,,,,0.0,0.0,1.0,0.0,0.0,1.0,1.0,,,,,0.0,1.0,0.0,0.0,1.0,1.0,,,,,0.0,2,2.0,0.0,2.0,1.0,0.0,3.0,0.0,0.0,0.0,1.0,0.0,0.0,0.0,2.0,0.0,0.0,0.0,2012-06-12,0.0,0.430171304436,0.0,0.707437302832,0.0,1.13760860727,1.13760860727,0.568804303634
2012-06-13,,,,,0.0,0.0,0.0,1.0,0.0,1.0,1.0,,,,,0.0,0.0,1.0,0.0,1.0,1.0,,,,,0.0,2,0.0,2.0,-2.0,0.0,1.0,0.0,2.0,0.0,0.0,0.0,1.0,0.0,0.0,0.0,1.0,0.0,0.0,2012-06-13,0.0,-0.612845826007,0.0,-0.363306427451,0.0,-0.976152253459,-0.976152253459,-0.488076126729
2012-06-14,,,,,0.0,0.0,0.0,1.0,0.0,1.0,1.0,,,,,0.0,0.0,1.0,0.0,1.0,1.0,,,,,0.0,2,0.0,2.0,-2.0,0.0,1.0,0.0,4.0,0.0,0.0,0.0,2.0,0.0,0.0,0.0,2.0,0.0,0.0,2012-06-14,0.0,-0.551561243406,0.0,-0.326975784706,0.0,-0.878537028113,-0.878537028113,-0.439268514056
2012-06-15,,,,,0.0,0.0,0.0,1.0,0.0,1.0,1.0,,,,,0.0,1.0,0.0,0.0,1.0,1.0,,,,,0.0,2,1.0,1.0,0.0,0.5,0.5,1.0,3.0,0.0,0.0,0.0,3.0,0.0,0.0,1.0,0.0,0.0,0.0,2012-06-15,0.0,-0.496405119066,0.0,0.705721793764,0.0,0.209316674699,0.209316674699,0.104658337349
2012-06-16,,,,,0.0,0.0,1.0,0.0,0.0,1.0,1.0,,,,,0.0,0.0,1.0,0.0,1.0,1.0,,,,,0.0,2,1.0,1.0,0.0,0.5,0.5,1.0,1.0,0.0,0.0,1.0,0.0,0.0,0.0,0.0,1.0,0.0,0.0,2012-06-16,0.0,0.553235392841,0.0,-0.364850385612,0.0,0.188385007229,0.188385007229,0.0941925036144
2012-06-17,,,,,0.0,0.0,0.0,1.0,0.0,1.0,1.0,,,,,0.0,0.0,1.0,0.0,1.0,1.0,,,,,0.0,2,0.0,2.0,-2.0,0.0,1.0,0.0,3.0,0.0,0.0,0.0,1.0,0.0,0.0,0.0,2.0,0.0,0.0,2012-06-17,0.0,-0.502088146443,0.0,-0.328365347051,0.0,-0.830453493494,-0.830453493494,-0.415226746747
2012-06-18,,,,,0.0,0.0,0.0,1.0,0.0,1.0,1.0,,,,,0.0,1.0,0.0,0.0,1.0,1.0,,,,,0.0,2,1.0,1.0,0.0,0.5,0.5,1.0,2.0,0.0,0.0,0.0,2.0,0.0,0.0,1.0,0.0,0.0,0.0,2012-06-18,0.0,-0.451879331799,0.0,0.704471187654,0.0,0.252591855855,0.252591855855,0.126295927928
2012-06-19,,,,,0.0,0.0,0.0,1.0,0.0,1.0,1.0,,,,,0.0,1.0,0.0,0.0,1.0,1.0,,,,,0.0,2,1.0,1.0,0.0,0.5,0.5,2.0,3.0,0.0,0.0,0.0,3.0,0.0,0.0,2.0,0.0,0.0,0.0,2012-06-19,0.0,-0.406691398619,0.0,0.634024068889,0.0,0.22733267027,0.22733267027,0.113666335135
2012-06-20,,,,,0.0,0.0,1.0,0.0,0.0,1.0,1.0,,,,,0.0,0.0,1.0,0.0,1.0,1.0,,,,,0.0,2,1.0,1.0,0.0,0.5,0.5,1.0,1.0,0.0,0.0,1.0,0.0,0.0,0.0,0.0,1.0,0.0,0.0,2012-06-20,0.0,0.633977741243,0.0,-0.429378338,0.0,0.204599403243,0.204599403243,0.102299701621
2012-06-21,,,,,0.0,0.0,,,,,1.0,,,,,0.0,,,,,1.0,,,,,0.0,0,0.0,0.0,0.0,,,1.0,1.0,0.0,0.0,1.0,0.0,0.0,0.0,0.0,1.0,0.0,0.0,2012-06-21,0.0,0.0,0.0,0.0,0.0,0.0,,
2012-06-22,,,,,0.0,0.0,0.0,1.0,0.0,1.0,1.0,,,,,0.0,0.0,1.0,0.0,1.0,1.0,,,,,0.0,2,0.0,2.0,-2.0,0.0,1.0,0.0,3.0,0.0,0.0,0.0,1.0,0.0,0.0,0.0,2.0,0.0,0.0,2012-06-22,0.0,-0.429420032881,0.0,-0.3864405042,0.0,-0.815860537082,-0.815860537082,-0.407930268541
2012-06-23,,,,,0.0,0.0,1.0,0.0,0.0,1.0,1.0,,,,,0.0,0.0,1.0,0.0,1.0,1.0,,,,,0.0,2,1.0,1.0,0.0,0.5,0.5,1.0,3.0,0.0,0.0,1.0,0.0,0.0,0.0,0.0,3.0,0.0,0.0,2012-06-23,0.0,0.613521970407,0.0,-0.34779645378,0.0,0.265725516627,0.265725516627,0.132862758313
2012-06-24,,,,,0.0,0.0,1.0,0.0,0.0,1.0,1.0,,,,,0.0,0.0,1.0,0.0,1.0,1.0,,,,,0.0,2,1.0,1.0,0.0,0.5,0.5,2.0,4.0,0.0,0.0,2.0,0.0,0.0,0.0,0.0,4.0,0.0,0.0,2012-06-24,0.0,0.552169773366,0.0,-0.313016808402,0.0,0.239152964964,0.239152964964,0.119576482482
2012-06-25,,,,,0.0,0.0,0.0,1.0,0.0,1.0,1.0,,,,,0.0,1.0,0.0,0.0,1.0,1.0,,,,,0.0,2,1.0,1.0,0.0,0.5,0.5,1.0,1.0,0.0,0.0,0.0,1.0,0.0,0.0,1.0,0.0,0.0,0.0,2012-06-25,0.0,-0.503047203971,0.0,0.718284872438,0.0,0.215237668468,0.215237668468,0.107618834234
2012-06-26,,,,,0.0,0.0,1.0,0.0,0.0,1.0,1.0,,,,,0.0,1.0,0.0,0.0,1.0,1.0,,,,,0.0,2,2.0,0.0,2.0,1.0,0.0,3.0,0.0,0.0,0.0,1.0,0.0,0.0,0.0,2.0,0.0,0.0,0.0,2012-06-26,0.0,0.547257516426,0.0,0.646456385194,0.0,1.19371390162,1.19371390162,0.59685695081
2012-06-27,,,,,0.0,0.0,1.0,0.0,0.0,1.0,1.0,,,,,0.0,0.0,1.0,0.0,1.0,1.0,,,,,0.0,2,1.0,1.0,0.0,0.5,0.5,2.0,1.0,0.0,0.0,2.0,0.0,0.0,0.0,0.0,1.0,0.0,0.0,2012-06-27,0.0,0.492531764784,0.0,-0.418189253325,0.0,0.0743425114587,0.0743425114587,0.0371712557294
2012-06-28,,,,,0.0,0.0,1.0,0.0,0.0,1.0,1.0,,,,,0.0,,,,,1.0,,,,,0.0,1,1.0,0.0,1.0,1.0,0.0,3.0,1.0,0.0,0.0,3.0,0.0,0.0,0.0,0.0,1.0,0.0,0.0,2012-06-28,0.0,0.443278588305,0.0,0.0,0.0,0.443278588305,0.443278588305,0.443278588305
2012-06-29,,,,,0.0,0.0,1.0,0.0,0.0,1.0,1.0,,,,,0.0,1.0,0.0,0.0,1.0,1.0,,,,,0.0,2,2.0,0.0,2.0,1.0,0.0,5.0,0.0,0.0,0.0,4.0,0.0,0.0,0.0,1.0,0.0,0.0,0.0,2012-06-29,0.0,0.398950729475,0.0,0.623629672007,0.0,1.02258040148,1.02258040148,0.511290200741
2012-06-30,,,,,0.0,0.0,0.0,1.0,0.0,1.0,1.0,,,,,0.0,1.0,0.0,0.0,1.0,1.0,,,,,0.0,2,1.0,1.0,0.0,0.5,0.5,2.0,1.0,0.0,0.0,0.0,1.0,0.0,0.0,2.0,0.0,0.0,0.0,2012-06-30,0.0,-0.640944343473,0.0,0.561266704807,0.0,-0.0796776386659,-0.0796776386659,-0.039838819333
2012-07-01,,,,,0.0,0.0,0.0,1.0,0.0,1.0,1.0,,,,,0.0,1.0,0.0,0.0,1.0,1.0,,,,,0.0,2,1.0,1.0,0.0,0.5,0.5,3.0,2.0,0.0,0.0,0.0,2.0,0.0,0.0,3.0,0.0,0.0,0.0,2012-07-01,0.0,-0.576849909125,0.0,0.505140034326,0.0,-0.0717098747993,-0.0717098747993,-0.0358549373997
2012-07-02,,,,,0.0,0.0,,,,,1.0,,,,,0.0,1.0,0.0,0.0,1.0,1.0,,,,,0.0,1,1.0,0.0,1.0,1.0,0.0,4.0,2.0,0.0,0.0,0.0,2.0,0.0,0.0,4.0,0.0,0.0,0.0,2012-07-02,0.0,0.0,0.0,0.454626030893,0.0,0.454626030893,0.454626030893,0.454626030893
2012-07-03,,,,,0.0,0.0,1.0,0.0,0.0,1.0,1.0,,,,,0.0,0.0,1.0,0.0,1.0,1.0,,,,,0.0,2,1.0,1.0,0.0,0.5,0.5,1.0,1.0,0.0,0.0,1.0,0.0,0.0,0.0,0.0,1.0,0.0,0.0,2012-07-03,0.0,0.480835081787,0.0,-0.590836572196,0.0,-0.110001490409,-0.110001490409,-0.0550007452044
2012-07-04,,,,,0.0,0.0,1.0,0.0,0.0,1.0,1.0,,,,,0.0,1.0,0.0,0.0,1.0,1.0,,,,,0.0,2,2.0,0.0,2.0,1.0,0.0,3.0,0.0,0.0,0.0,2.0,0.0,0.0,0.0,1.0,0.0,0.0,0.0,2012-07-04,0.0,0.432751573608,0.0,0.468247085024,0.0,0.900998658632,0.900998658632,0.450499329316
2012-07-05,,,,,0.0,0.0,1.0,0.0,0.0,1.0,1.0,,,,,0.0,0.0,1.0,0.0,1.0,1.0,,,,,0.0,2,1.0,1.0,0.0,0.5,0.5,3.0,1.0,0.0,0.0,3.0,0.0,0.0,0.0,0.0,1.0,0.0,0.0,2012-07-05,0.0,0.389476416248,0.0,-0.578577623479,0.0,-0.189101207231,-0.189101207231,-0.0945506036155
2012-07-06,,,,,0.0,0.0,1.0,0.0,0.0,1.0,1.0,,,,,0.0,1.0,0.0,0.0,1.0,1.0,,,,,0.0,2,2.0,0.0,2.0,1.0,0.0,5.0,0.0,0.0,0.0,4.0,0.0,0.0,0.0,1.0,0.0,0.0,0.0,2012-07-06,0.0,0.350528774623,0.0,0.479280138869,0.0,0.829808913492,0.829808913492,0.414904456746
2012-07-07,,,,,0.0,0.0,1.0,0.0,0.0,1.0,1.0,,,,,0.0,0.0,1.0,0.0,1.0,1.0,,,,,0.0,2,1.0,1.0,0.0,0.5,0.5,5.0,1.0,0.0,0.0,5.0,0.0,0.0,0.0,0.0,1.0,0.0,0.0,2012-07-07,0.0,0.315475897161,0.0,-0.568647875018,0.0,-0.253171977857,-0.253171977857,-0.126585988929
2012-07-08,,,,,0.0,0.0,0.0,1.0,0.0,1.0,1.0,,,,,0.0,1.0,0.0,0.0,1.0,1.0,,,,,0.0,2,1.0,1.0,0.0,0.5,0.5,1.0,1.0,0.0,0.0,0.0,1.0,0.0,0.0,1.0,0.0,0.0,0.0,2012-07-08,0.0,-0.716071692555,0.0,0.488216912484,0.0,-0.227854780071,-0.227854780071,-0.113927390036
2012-07-09,,,,,0.0,0.0,,,,,1.0,,,,,0.0,,,,,1.0,,,,,0.0,0,0.0,0.0,0.0,,,1.0,1.0,0.0,0.0,0.0,1.0,0.0,0.0,1.0,0.0,0.0,0.0,2012-07-09,0.0,0.0,0.0,0.0,0.0,0.0,,
2012-07-10,,,,,0.0,0.0,,,,,1.0,,,,,0.0,,,,,1.0,,,,,0.0,0,0.0,0.0,0.0,,,1.0,1.0,0.0,0.0,0.0,1.0,0.0,0.0,1.0,0.0,0.0,0.0,2012-07-10,0.0,0.0,0.0,0.0,0.0,0.0,,
2012-07-11,,,,,0.0,0.0,,,,,1.0,,,,,0.0,,,,,1.0,,,,,0.0,0,0.0,0.0,0.0,,,1.0,1.0,0.0,0.0,0.0,1.0,0.0,0.0,1.0,0.0,0.0,0.0,2012-07-11,0.0,0.0,0.0,0.0,0.0,0.0,,
2012-07-12,,,,,0.0,0.0,,,,,1.0,,,,,0.0,,,,,1.0,,,,,0.0,0,0.0,0.0,0.0,,,1.0,1.0,0.0,0.0,0.0,1.0,0.0,0.0,1.0,0.0,0.0,0.0,2012-07-12,0.0,0.0,0.0,0.0,0.0,0.0,,
2012-07-13,,,,,0.0,0.0,1.0,0.0,0.0,1.0,1.0,,,,,0.0,1.0,0.0,0.0,1.0,1.0,,,,,0.0,2,2.0,0.0,2.0,1.0,0.0,3.0,0.0,0.0,0.0,1.0,0.0,0.0,0.0,2.0,0.0,0.0,0.0,2012-07-13,0.0,0.3555354767,0.0,0.439395221236,0.0,0.794930697936,0.794930697936,0.397465348968
2012-07-14,,,,,0.0,0.0,0.0,1.0,0.0,1.0,1.0,,,,,0.0,1.0,0.0,0.0,1.0,1.0,,,,,0.0,2,1.0,1.0,0.0,0.5,0.5,3.0,1.0,0.0,0.0,0.0,1.0,0.0,0.0,3.0,0.0,0.0,0.0,2012-07-14,0.0,-0.68001807097,0.0,0.395455699112,0.0,-0.284562371858,-0.284562371858,-0.142281185929
2012-07-15,,,,,0.0,0.0,1.0,0.0,0.0,1.0,1.0,,,,,0.0,1.0,0.0,0.0,1.0,1.0,,,,,0.0,2,2.0,0.0,2.0,1.0,0.0,5.0,0.0,0.0,0.0,1.0,0.0,0.0,0.0,4.0,0.0,0.0,0.0,2012-07-15,0.0,0.387983736127,0.0,0.355910129201,0.0,0.743893865328,0.743893865328,0.371946932664
2012-07-16,,,,,0.0,0.0,0.0,1.0,0.0,1.0,1.0,,,,,0.0,,,,,1.0,,,,,0.0,1,0.0,1.0,-1.0,0.0,1.0,4.0,1.0,0.0,0.0,0.0,1.0,0.0,0.0,4.0,0.0,0.0,0.0,2012-07-16,0.0,-0.650814637486,0.0,0.0,0.0,-0.650814637486,-0.650814637486,-0.650814637486
2012-07-17,,,,,0.0,0.0,1.0,0.0,0.0,1.0,1.0,,,,,0.0,0.0,1.0,0.0,1.0,1.0,,,,,0.0,2,1.0,1.0,0.0,0.5,0.5,1.0,1.0,0.0,0.0,1.0,0.0,0.0,0.0,0.0,1.0,0.0,0.0,2012-07-17,0.0,0.414266826263,0.0,-0.679680883719,0.0,-0.265414057456,-0.265414057456,-0.132707028728
2012-07-18,,,,,0.0,0.0,0.0,1.0,0.0,1.0,1.0,,,,,0.0,1.0,0.0,0.0,1.0,1.0,,,,,0.0,2,1.0,1.0,0.0,0.5,0.5,1.0,1.0,0.0,0.0,0.0,1.0,0.0,0.0,1.0,0.0,0.0,0.0,2012-07-18,0.0,-0.627159856363,0.0,0.388287204653,0.0,-0.238872651711,-0.238872651711,-0.119436325855
2012-07-19,,,,,0.0,0.0,0.0,1.0,0.0,1.0,1.0,,,,,0.0,1.0,0.0,0.0,1.0,1.0,,,,,0.0,2,1.0,1.0,0.0,0.5,0.5,2.0,2.0,0.0,0.0,0.0,2.0,0.0,0.0,2.0,0.0,0.0,0.0,2012-07-19,0.0,-0.564443870727,0.0,0.349458484187,0.0,-0.21498538654,-0.21498538654,-0.10749269327
2012-07-20,,,,,0.0,0.0,0.0,1.0,0.0,1.0,1.0,,,,,0.0,0.0,1.0,0.0,1.0,1.0,,,,,0.0,2,0.0,2.0,-2.0,0.0,1.0,0.0,4.0,0.0,0.0,0.0,3.0,0.0,0.0,0.0,1.0,0.0,0.0,2012-07-20,0.0,-0.507999483654,0.0,-0.685487364231,0.0,-1.19348684789,-1.19348684789,-0.596743423943
2012-07-21,,,,,0.0,0.0,0.0,1.0,0.0,1.0,1.0,,,,,0.0,0.0,1.0,0.0,1.0,1.0,,,,,0.0,2,0.0,2.0,-2.0,0.0,1.0,0.0,6.0,0.0,0.0,0.0,4.0,0.0,0.0,0.0,2.0,0.0,0.0,2012-07-21,0.0,-0.457199535289,0.0,-0.616938627808,0.0,-1.0741381631,-1.0741381631,-0.537069081549
2012-07-22,,,,,0.0,0.0,0.0,1.0,0.0,1.0,1.0,,,,,0.0,0.0,1.0,0.0,1.0,1.0,,,,,0.0,2,0.0,2.0,-2.0,0.0,1.0,0.0,8.0,0.0,0.0,0.0,5.0,0.0,0.0,0.0,3.0,0.0,0.0,2012-07-22,0.0,-0.41147958176,0.0,-0.555244765027,0.0,-0.966724346787,-0.966724346787,-0.483362173394
2012-07-23,,,,,0.0,0.0,1.0,0.0,0.0,1.0,1.0,,,,,0.0,1.0,0.0,0.0,1.0,1.0,,,,,0.0,2,2.0,0.0,2.0,1.0,0.0,2.0,0.0,0.0,0.0,1.0,0.0,0.0,0.0,1.0,0.0,0.0,0.0,2012-07-23,0.0,0.629668376416,0.0,0.500279711475,0.0,1.12994808789,1.12994808789,0.564974043946
2012-07-24,,,,,0.0,0.0,1.0,0.0,0.0,1.0,1.0,,,,,0.0,1.0,0.0,0.0,1.0,1.0,,,,,0.0,2,2.0,0.0,2.0,1.0,0.0,4.0,0.0,0.0,0.0,2.0,0.0,0.0,0.0,2.0,0.0,0.0,0.0,2012-07-24,0.0,0.566701538774,0.0,0.450251740328,0.0,1.0169532791,1.0169532791,0.508476639551
2012-07-25,,,,,0.0,0.0,1.0,0.0,0.0,1.0,1.0,,,,,0.0,0.0,1.0,0.0,1.0,1.0,,,,,0.0,2,1.0,1.0,0.0,0.5,0.5,3.0,1.0,0.0,0.0,3.0,0.0,0.0,0.0,0.0,1.0,0.0,0.0,2012-07-25,0.0,0.510031384897,0.0,-0.594773433705,0.0,-0.084742048808,-0.084742048808,-0.042371024404
2012-07-26,,,,,0.0,0.0,,,,,1.0,,,,,0.0,,,,,1.0,,,,,0.0,0,0.0,0.0,0.0,,,3.0,1.0,0.0,0.0,3.0,0.0,0.0,0.0,0.0,1.0,0.0,0.0,2012-07-26,0.0,0.0,0.0,0.0,0.0,0.0,,
2012-07-27,,,,,0.0,0.0,1.0,0.0,0.0,1.0,1.0,,,,,0.0,0.0,1.0,0.0,1.0,1.0,,,,,0.0,2,1.0,1.0,0.0,0.5,0.5,4.0,2.0,0.0,0.0,4.0,0.0,0.0,0.0,0.0,2.0,0.0,0.0,2012-07-27,0.0,0.459028246407,0.0,-0.535296090334,0.0,-0.0762678439272,-0.0762678439272,-0.0381339219636
2012-07-28,,,,,0.0,0.0,1.0,0.0,0.0,1.0,1.0,,,,,0.0,1.0,0.0,0.0,1.0,1.0,,,,,0.0,2,2.0,0.0,2.0,1.0,0.0,6.0,0.0,0.0,0.0,5.0,0.0,0.0,0.0,1.0,0.0,0.0,0.0,2012-07-28,0.0,0.413125421767,0.0,0.518233518699,0.0,0.931358940466,0.931358940466,0.465679470233
2012-07-29,,,,,0.0,0.0,0.0,1.0,0.0,1.0,1.0,,,,,0.0,1.0,0.0,0.0,1.0,1.0,,,,,0.0,2,1.0,1.0,0.0,0.5,0.5,2.0,1.0,0.0,0.0,0.0,1.0,0.0,0.0,2.0,0.0,0.0,0.0,2012-07-29,0.0,-0.62818712041,0.0,0.466410166829,0.0,-0.161776953581,-0.161776953581,-0.0808884767905
2012-07-30,,,,,0.0,0.0,0.0,1.0,0.0,1.0,1.0,,,,,0.0,1.0,0.0,0.0,1.0,1.0,,,,,0.0,2,1.0,1.0,0.0,0.5,0.5,3.0,2.0,0.0,0.0,0.0,2.0,0.0,0.0,3.0,0.0,0.0,0.0,2012-07-30,0.0,-0.565368408369,0.0,0.419769150146,0.0,-0.145599258223,-0.145599258223,-0.0727996291115
2012-07-31,,,,,0.0,0.0,1.0,0.0,0.0,1.0,1.0,,,,,0.0,0.0,1.0,0.0,1.0,1.0,,,,,0.0,2,1.0,1.0,0.0,0.5,0.5,1.0,1.0,0.0,0.0,1.0,0.0,0.0,0.0,0.0,1.0,0.0,0.0,2012-07-31,0.0,0.491168432468,0.0,-0.622207764868,0.0,-0.131039332401,-0.131039332401,-0.0655196662003
2012-08-01,,,,,0.0,0.0,1.0,0.0,0.0,1.0,1.0,,,,,0.0,0.0,1.0,0.0,1.0,1.0,,,,,0.0,2,1.0,1.0,0.0,0.5,0.5,2.0,2.0,0.0,0.0,2.0,0.0,0.0,0.0,0.0,2.0,0.0,0.0,2012-08-01,0.0,0.442051589221,0.0,-0.559986988382,0.0,-0.117935399161,-0.117935399161,-0.0589676995803
2012-08-02,,,,,0.0,0.0,,,,,1.0,,,,,0.0,,,,,1.0,,,,,0.0,0,0.0,0.0,0.0,,,2.0,2.0,0.0,0.0,2.0,0.0,0.0,0.0,0.0,2.0,0.0,0.0,2012-08-02,0.0,0.0,0.0,0.0,0.0,0.0,,
2012-08-03,,,,,0.0,0.0,1.0,0.0,0.0,1.0,1.0,,,,,0.0,0.0,1.0,0.0,1.0,1.0,,,,,0.0,2,1.0,1.0,0.0,0.5,0.5,3.0,3.0,0.0,0.0,3.0,0.0,0.0,0.0,0.0,3.0,0.0,0.0,2012-08-03,0.0,0.397846430299,0.0,-0.503988289543,0.0,-0.106141859245,-0.106141859245,-0.0530709296223
2012-08-04,,,,,0.0,0.0,0.0,1.0,0.0,1.0,1.0,,,,,0.0,0.0,1.0,0.0,1.0,1.0,,,,,0.0,2,0.0,2.0,-2.0,0.0,1.0,0.0,5.0,0.0,0.0,0.0,1.0,0.0,0.0,0.0,4.0,0.0,0.0,2012-08-04,0.0,-0.641938212731,0.0,-0.453589460589,0.0,-1.09552767332,-1.09552767332,-0.54776383666
2012-08-05,,,,,0.0,0.0,1.0,0.0,0.0,1.0,1.0,,,,,0.0,0.0,1.0,0.0,1.0,1.0,,,,,0.0,2,1.0,1.0,0.0,0.5,0.5,1.0,5.0,0.0,0.0,1.0,0.0,0.0,0.0,0.0,5.0,0.0,0.0,2012-08-05,0.0,0.422255608542,0.0,-0.40823051453,0.0,0.0140250940119,0.0140250940119,0.00701254700597
2012-08-06,,,,,0.0,0.0,1.0,0.0,0.0,1.0,1.0,,,,,0.0,0.0,1.0,0.0,1.0,1.0,,,,,0.0,2,1.0,1.0,0.0,0.5,0.5,2.0,6.0,0.0,0.0,2.0,0.0,0.0,0.0,0.0,6.0,0.0,0.0,2012-08-06,0.0,0.380030047688,0.0,-0.367407463077,0.0,0.0126225846107,0.0126225846107,0.00631129230537
2012-08-07,,,,,0.0,0.0,0.0,1.0,0.0,1.0,1.0,,,,,0.0,0.0,1.0,0.0,1.0,1.0,,,,,0.0,2,0.0,2.0,-2.0,0.0,1.0,0.0,8.0,0.0,0.0,0.0,1.0,0.0,0.0,0.0,7.0,0.0,0.0,2012-08-07,0.0,-0.657972957081,0.0,-0.330666716769,0.0,-0.98863967385,-0.98863967385,-0.494319836925
2012-08-08,,,,,0.0,0.0,0.0,1.0,0.0,1.0,1.0,,,,,0.0,0.0,1.0,0.0,1.0,1.0,,,,,0.0,2,0.0,2.0,-2.0,0.0,1.0,0.0,10.0,0.0,0.0,0.0,2.0,0.0,0.0,0.0,8.0,0.0,0.0,2012-08-08,0.0,-0.592175661373,0.0,-0.297600045093,0.0,-0.889775706465,-0.889775706465,-0.444887853233
2012-08-09,,,,,0.0,0.0,,,,,1.0,,,,,0.0,1.0,0.0,0.0,1.0,1.0,,,,,0.0,1,1.0,0.0,1.0,1.0,0.0,1.0,2.0,0.0,0.0,0.0,2.0,0.0,0.0,1.0,0.0,0.0,0.0,2012-08-09,0.0,0.0,0.0,0.732159959417,0.0,0.732159959417,0.732159959417,0.732159959417
2012-08-10,,,,,0.0,0.0,1.0,0.0,0.0,1.0,1.0,,,,,0.0,0.0,1.0,0.0,1.0,1.0,,,,,0.0,2,1.0,1.0,0.0,0.5,0.5,1.0,1.0,0.0,0.0,1.0,0.0,0.0,0.0,0.0,1.0,0.0,0.0,2012-08-10,0.0,0.467041904764,0.0,-0.341056036525,0.0,0.12598586824,0.12598586824,0.0629929341198
2012-08-11,,,,,0.0,0.0,0.0,1.0,0.0,1.0,1.0,,,,,0.0,0.0,1.0,0.0,1.0,1.0,,,,,0.0,2,0.0,2.0,-2.0,0.0,1.0,0.0,3.0,0.0,0.0,0.0,1.0,0.0,0.0,0.0,2.0,0.0,0.0,2012-08-11,0.0,-0.579662285712,0.0,-0.306950432872,0.0,-0.886612718584,-0.886612718584,-0.443306359292
2012-08-12,,,,,0.0,0.0,1.0,0.0,0.0,1.0,1.0,,,,,0.0,0.0,1.0,0.0,1.0,1.0,,,,,0.0,2,1.0,1.0,0.0,0.5,0.5,1.0,3.0,0.0,0.0,1.0,0.0,0.0,0.0,0.0,3.0,0.0,0.0,2012-08-12,0.0,0.478303942859,0.0,-0.276255389585,0.0,0.202048553274,0.202048553274,0.101024276637
2012-08-13,,,,,0.0,0.0,0.0,1.0,0.0,1.0,1.0,,,,,0.0,1.0,0.0,0.0,1.0,1.0,,,,,0.0,2,1.0,1.0,0.0,0.5,0.5,1.0,1.0,0.0,0.0,0.0,1.0,0.0,0.0,1.0,0.0,0.0,0.0,2012-08-13,0.0,-0.569526451427,0.0,0.751370149373,0.0,0.181843697947,0.181843697947,0.0909218489733
2012-08-14,,,,,0.0,0.0,1.0,0.0,0.0,1.0,1.0,,,,,0.0,0.0,1.0,0.0,1.0,1.0,,,,,0.0,2,1.0,1.0,0.0,0.5,0.5,1.0,1.0,0.0,0.0,1.0,0.0,0.0,0.0,0.0,1.0,0.0,0.0,2012-08-14,0.0,0.487426193716,0.0,-0.323766865564,0.0,0.163659328152,0.163659328152,0.081829664076
2012-08-15,,,,,0.0,0.0,1.0,0.0,0.0,1.0,1.0,,,,,0.0,1.0,0.0,0.0,1.0,1.0,,,,,0.0,2,2.0,0.0,2.0,1.0,0.0,3.0,0.0,0.0,0.0,2.0,0.0,0.0,0.0,1.0,0.0,0.0,0.0,2012-08-15,0.0,0.438683574344,0.0,0.708609820992,0.0,1.14729339534,1.14729339534,0.573646697668
2012-08-16,,,,,0.0,0.0,1.0,0.0,0.0,1.0,1.0,,,,,0.0,,,,,1.0,,,,,0.0,1,1.0,0.0,1.0,1.0,0.0,4.0,0.0,0.0,0.0,3.0,0.0,0.0,0.0,1.0,0.0,0.0,0.0,2012-08-16,0.0,0.39481521691,0.0,0.0,0.0,0.39481521691,0.39481521691,0.39481521691
2012-08-17,,,,,0.0,0.0,0.0,1.0,0.0,1.0,1.0,,,,,0.0,0.0,1.0,0.0,1.0,1.0,,,,,0.0,2,0.0,2.0,-2.0,0.0,1.0,0.0,2.0,0.0,0.0,0.0,1.0,0.0,0.0,0.0,1.0,0.0,0.0,2012-08-17,0.0,-0.644666304781,0.0,-0.362251161107,0.0,-1.00691746589,-1.00691746589,-0.503458732944
2012-08-18,,,,,0.0,0.0,0.0,1.0,0.0,1.0,1.0,,,,,0.0,1.0,1.0,0.0,2.0,1.0,,,,,0.0,2,1.0,2.0,-1.0,0.333333333333,0.666666666667,1.0,4.0,0.0,0.0,0.0,2.0,0.0,0.0,1.0,2.0,0.0,0.0,2012-08-18,0.0,-0.580199674303,0.0,0.173973955004,0.0,-0.406225719299,-0.406225719299,-0.20311285965
2012-08-19,,,,,0.0,0.0,0.0,1.0,0.0,1.0,1.0,,,,,0.0,0.0,1.0,0.0,1.0,1.0,,,,,0.0,2,0.0,2.0,-2.0,0.0,1.0,0.0,6.0,0.0,0.0,0.0,3.0,0.0,0.0,0.0,3.0,0.0,0.0,2012-08-19,0.0,-0.522179706873,0.0,-0.343423440497,0.0,-0.865603147369,-0.865603147369,-0.432801573685
2012-08-20,,,,,0.0,0.0,1.0,0.0,0.0,1.0,1.0,,,,,0.0,0.0,1.0,0.0,1.0,1.0,,,,,0.0,2,1.0,1.0,0.0,0.5,0.5,1.0,4.0,0.0,0.0,1.0,0.0,0.0,0.0,0.0,4.0,0.0,0.0,2012-08-20,0.0,0.530038263815,0.0,-0.309081096447,0.0,0.220957167368,0.220957167368,0.110478583684
2012-08-21,,,,,0.0,0.0,1.0,0.0,0.0,1.0,1.0,,,,,0.0,0.0,1.0,0.0,1.0,1.0,,,,,0.0,2,1.0,1.0,0.0,0.5,0.5,2.0,5.0,0.0,0.0,2.0,0.0,0.0,0.0,0.0,5.0,0.0,0.0,2012-08-21,0.0,0.477034437433,0.0,-0.278172986802,0.0,0.198861450631,0.198861450631,0.0994307253155
2012-08-22,,,,,0.0,0.0,1.0,0.0,0.0,1.0,1.0,,,,,0.0,0.0,1.0,0.0,1.0,1.0,,,,,0.0,2,1.0,1.0,0.0,0.5,0.5,3.0,6.0,0.0,0.0,3.0,0.0,0.0,0.0,0.0,6.0,0.0,0.0,2012-08-22,0.0,0.42933099369,0.0,-0.250355688122,0.0,0.178975305568,0.178975305568,0.0894876527839
2012-08-23,,,,,0.0,0.0,,,,,1.0,,,,,0.0,,,,,1.0,,,,,0.0,0,0.0,0.0,0.0,,,3.0,6.0,0.0,0.0,3.0,0.0,0.0,0.0,0.0,6.0,0.0,0.0,2012-08-23,0.0,0.0,0.0,0.0,0.0,0.0,,
2012-08-24,,,,,0.0,0.0,1.0,0.0,0.0,1.0,1.0,,,,,0.0,1.0,0.0,0.0,1.0,1.0,,,,,0.0,2,2.0,0.0,2.0,1.0,0.0,5.0,0.0,0.0,0.0,4.0,0.0,0.0,0.0,1.0,0.0,0.0,0.0,2012-08-24,0.0,0.386397894321,0.0,0.77467988069,0.0,1.16107777501,1.16107777501,0.580538887506
2012-08-25,,,,,0.0,0.0,1.0,0.0,0.0,1.0,1.0,,,,,0.0,0.0,1.0,0.0,1.0,1.0,,,,,0.0,2,1.0,1.0,0.0,0.5,0.5,5.0,1.0,0.0,0.0,5.0,0.0,0.0,0.0,0.0,1.0,0.0,0.0,2012-08-25,0.0,0.347758104889,0.0,-0.302788107379,0.0,0.04496999751,0.04496999751,0.022484998755
2012-08-26,,,,,0.0,0.0,1.0,0.0,0.0,1.0,1.0,,,,,0.0,1.0,0.0,0.0,1.0,1.0,,,,,0.0,2,2.0,0.0,2.0,1.0,0.0,7.0,0.0,0.0,0.0,6.0,0.0,0.0,0.0,1.0,0.0,0.0,0.0,2012-08-26,0.0,0.3129822944,0.0,0.727490703359,0.0,1.04047299776,1.04047299776,0.520236498879
2012-08-27,,,,,0.0,0.0,0.0,1.0,0.0,1.0,1.0,,,,,0.0,0.0,1.0,0.0,1.0,1.0,,,,,0.0,2,0.0,2.0,-2.0,0.0,1.0,0.0,2.0,0.0,0.0,0.0,1.0,0.0,0.0,0.0,1.0,0.0,0.0,2012-08-27,0.0,-0.71831593504,0.0,-0.345258366977,0.0,-1.06357430202,-1.06357430202,-0.531787151008
2012-08-28,,,,,0.0,0.0,0.0,1.0,0.0,1.0,1.0,,,,,0.0,0.0,1.0,0.0,1.0,1.0,,,,,0.0,2,0.0,2.0,-2.0,0.0,1.0,0.0,4.0,0.0,0.0,0.0,2.0,0.0,0.0,0.0,2.0,0.0,0.0,2012-08-28,0.0,-0.646484341536,0.0,-0.310732530279,0.0,-0.957216871815,-0.957216871815,-0.478608435908
2012-08-29,,,,,0.0,0.0,1.0,0.0,0.0,1.0,1.0,,,,,0.0,0.0,1.0,0.0,1.0,1.0,,,,,0.0,2,1.0,1.0,0.0,0.5,0.5,1.0,3.0,0.0,0.0,1.0,0.0,0.0,0.0,0.0,3.0,0.0,0.0,2012-08-29,0.0,0.418164092618,0.0,-0.279659277251,0.0,0.138504815366,0.138504815366,0.0692524076831
2012-08-30,,,,,0.0,0.0,0.0,1.0,0.0,1.0,1.0,,,,,0.0,1.0,0.0,0.0,1.0,1.0,,,,,0.0,2,1.0,1.0,0.0,0.5,0.5,1.0,1.0,0.0,0.0,0.0,1.0,0.0,0.0,1.0,0.0,0.0,0.0,2012-08-30,0.0,-0.623652316644,0.0,0.748306650474,0.0,0.12465433383,0.12465433383,0.0623271669148
2012-08-31,,,,,0.0,0.0,0.0,1.0,0.0,1.0,1.0,,,,,0.0,1.0,0.0,0.0,1.0,1.0,,,,,0.0,2,1.0,1.0,0.0,0.5,0.5,2.0,2.0,0.0,0.0,0.0,2.0,0.0,0.0,2.0,0.0,0.0,0.0,2012-08-31,0.0,-0.56128708498,0.0,0.673475985427,0.0,0.112188900447,0.112188900447,0.0560944502233
2012-09-01,,,,,0.0,0.0,0.0,1.0,0.0,1.0,1.0,,,,,0.0,0.0,1.0,0.0,1.0,1.0,,,,,0.0,2,0.0,2.0,-2.0,0.0,1.0,0.0,4.0,0.0,0.0,0.0,3.0,0.0,0.0,0.0,1.0,0.0,0.0,2012-09-01,0.0,-0.505158376482,0.0,-0.393871613116,0.0,-0.899029989598,-0.899029989598,-0.449514994799
2012-09-02,,,,,0.0,0.0,0.0,1.0,0.0,1.0,1.0,,,,,0.0,0.0,1.0,0.0,1.0,1.0,,,,,0.0,2,0.0,2.0,-2.0,0.0,1.0,0.0,6.0,0.0,0.0,0.0,4.0,0.0,0.0,0.0,2.0,0.0,0.0,2012-09-02,0.0,-0.454642538834,0.0,-0.354484451805,0.0,-0.809126990638,-0.809126990638,-0.404563495319
2012-09-03,,,,,0.0,0.0,1.0,0.0,0.0,1.0,1.0,,,,,0.0,0.0,1.0,0.0,1.0,1.0,,,,,0.0,2,1.0,1.0,0.0,0.5,0.5,1.0,3.0,0.0,0.0,1.0,0.0,0.0,0.0,0.0,3.0,0.0,0.0,2012-09-03,0.0,0.59082171505,0.0,-0.319036006624,0.0,0.271785708426,0.271785708426,0.135892854213
2012-09-04,,,,,0.0,0.0,0.0,1.0,0.0,1.0,1.0,,,,,0.0,0.0,1.0,0.0,1.0,1.0,,,,,0.0,2,0.0,2.0,-2.0,0.0,1.0,0.0,5.0,0.0,0.0,0.0,1.0,0.0,0.0,0.0,4.0,0.0,0.0,2012-09-04,0.0,-0.468260456455,0.0,-0.287132405962,0.0,-0.755392862417,-0.755392862417,-0.377696431208
2012-09-05,,,,,0.0,0.0,1.0,0.0,0.0,1.0,1.0,,,,,0.0,0.0,1.0,0.0,1.0,1.0,,,,,0.0,2,1.0,1.0,0.0,0.5,0.5,1.0,5.0,0.0,0.0,1.0,0.0,0.0,0.0,0.0,5.0,0.0,0.0,2012-09-05,0.0,0.57856558919,0.0,-0.258419165366,0.0,0.320146423825,0.320146423825,0.160073211912
2012-09-06,,,,,0.0,0.0,,,,,1.0,,,,,0.0,0.0,1.0,0.0,1.0,1.0,,,,,0.0,1,0.0,1.0,-1.0,0.0,1.0,1.0,6.0,0.0,0.0,1.0,0.0,0.0,0.0,0.0,6.0,0.0,0.0,2012-09-06,0.0,0.0,0.0,-0.232577248829,0.0,-0.232577248829,-0.232577248829,-0.232577248829
2012-09-07,,,,,0.0,0.0,0.0,1.0,0.0,1.0,1.0,,,,,0.0,1.0,0.0,0.0,1.0,1.0,,,,,0.0,2,1.0,1.0,0.0,0.5,0.5,1.0,1.0,0.0,0.0,0.0,1.0,0.0,0.0,1.0,0.0,0.0,0.0,2012-09-07,0.0,-0.479290969729,0.0,0.790680476054,0.0,0.311389506325,0.311389506325,0.155694753163
2012-09-08,,,,,0.0,0.0,1.0,0.0,0.0,1.0,1.0,,,,,0.0,1.0,0.0,0.0,1.0,1.0,,,,,0.0,2,2.0,0.0,2.0,1.0,0.0,3.0,0.0,0.0,0.0,1.0,0.0,0.0,0.0,2.0,0.0,0.0,0.0,2012-09-08,0.0,0.568638127244,0.0,0.711612428449,0.0,1.28025055569,1.28025055569,0.640125277846
2012-09-09,1.0,0.0,0.0,1.0,1.0,0.0,0.0,1.0,0.0,1.0,1.0,,,,,0.0,1.0,0.0,0.0,1.0,1.0,,,,,0.0,3,2.0,1.0,1.0,0.666666666667,0.333333333333,4.0,1.0,1.0,0.0,0.0,1.0,0.0,0.0,3.0,0.0,0.0,0.0,2012-09-09,0.5,-0.48822568548,0.0,0.640451185604,0.0,0.652225500123,0.652225500123,0.217408500041
2012-09-10,,,,,1.0,0.0,1.0,0.0,0.0,1.0,1.0,,,,,0.0,1.0,0.0,0.0,1.0,1.0,,,,,0.0,2,2.0,0.0,2.0,1.0,0.0,6.0,0.0,1.0,0.0,1.0,0.0,0.0,0.0,4.0,0.0,0.0,0.0,2012-09-10,0.0,0.560596883068,0.0,0.576406067043,0.0,1.13700295011,1.13700295011,0.568501475056
2012-09-11,,,,,1.0,0.0,0.0,1.0,0.0,1.0,1.0,,,,,0.0,0.0,1.0,0.0,1.0,1.0,,,,,0.0,2,0.0,2.0,-2.0,0.0,1.0,1.0,2.0,1.0,0.0,0.0,1.0,0.0,0.0,0.0,1.0,0.0,0.0,2012-09-11,0.0,-0.495462805239,0.0,-0.481234539661,0.0,-0.9766973449,-0.9766973449,-0.48834867245
2012-09-12,,,,,1.0,0.0,0.0,1.0,0.0,1.0,1.0,,,,,0.0,1.0,0.0,0.0,1.0,1.0,,,,,0.0,2,1.0,1.0,0.0,0.5,0.5,2.0,2.0,1.0,0.0,0.0,2.0,0.0,0.0,1.0,0.0,0.0,0.0,2012-09-12,0.0,-0.445916524715,0.0,0.566888914305,0.0,0.12097238959,0.12097238959,0.060486194795
2012-09-13,0.0,1.0,0.0,1.0,1.0,0.0,,,,,1.0,,,,,0.0,,,,,1.0,,,,,0.0,1,0.0,1.0,-1.0,0.0,1.0,1.0,3.0,0.0,1.0,0.0,2.0,0.0,0.0,1.0,0.0,0.0,0.0,2012-09-13,-0.55,0.0,0.0,0.0,0.0,-0.55,-0.55,-0.55
2012-09-14,,,,,1.0,0.0,1.0,0.0,0.0,1.0,1.0,,,,,0.0,1.0,0.0,0.0,1.0,1.0,,,,,0.0,2,2.0,0.0,2.0,1.0,0.0,3.0,1.0,0.0,1.0,1.0,0.0,0.0,0.0,2.0,0.0,0.0,0.0,2012-09-14,0.0,0.598675127756,0.0,0.510200022875,0.0,1.10887515063,1.10887515063,0.554437575315
2012-09-15,,,,,1.0,0.0,1.0,0.0,0.0,1.0,1.0,,,,,0.0,0.0,1.0,0.0,1.0,1.0,,,,,0.0,2,1.0,1.0,0.0,0.5,0.5,2.0,2.0,0.0,1.0,2.0,0.0,0.0,0.0,0.0,1.0,0.0,0.0,2012-09-15,0.0,0.538807614981,0.0,-0.540819979413,0.0,-0.00201236443213,-0.00201236443213,-0.00100618221607
2012-09-16,,,,,1.0,0.0,1.0,0.0,0.0,1.0,1.0,,,,,0.0,1.0,0.0,0.0,1.0,1.0,,,,,0.0,2,2.0,0.0,2.0,1.0,0.0,4.0,1.0,0.0,1.0,3.0,0.0,0.0,0.0,1.0,0.0,0.0,0.0,2012-09-16,0.0,0.484926853483,0.0,0.513262018528,0.0,0.998188872011,0.998188872011,0.499094436006
2012-09-17,,,,,1.0,0.0,1.0,0.0,0.0,1.0,1.0,,,,,0.0,0.0,1.0,0.0,1.0,1.0,,,,,0.0,2,1.0,1.0,0.0,0.5,0.5,4.0,2.0,0.0,1.0,4.0,0.0,0.0,0.0,0.0,1.0,0.0,0.0,2012-09-17,0.0,0.436434168134,0.0,-0.538064183324,0.0,-0.10163001519,-0.10163001519,-0.050815007595
2012-09-18,,,,,1.0,0.0,1.0,0.0,0.0,1.0,1.0,,,,,0.0,0.0,1.0,0.0,1.0,1.0,,,,,0.0,2,1.0,1.0,0.0,0.5,0.5,5.0,3.0,0.0,1.0,5.0,0.0,0.0,0.0,0.0,2.0,0.0,0.0,2012-09-18,0.0,0.392790751321,0.0,-0.484257764992,0.0,-0.091467013671,-0.091467013671,-0.0457335068355
2012-09-19,,,,,1.0,0.0,0.0,1.0,0.0,1.0,1.0,,,,,0.0,0.0,1.0,0.0,1.0,1.0,,,,,0.0,2,0.0,2.0,-2.0,0.0,1.0,0.0,5.0,0.0,1.0,0.0,1.0,0.0,0.0,0.0,3.0,0.0,0.0,2012-09-19,0.0,-0.646488323811,0.0,-0.435831988493,0.0,-1.0823203123,-1.0823203123,-0.541160156152
2012-09-20,,,,,1.0,0.0,0.0,1.0,0.0,1.0,1.0,,,,,0.0,0.0,1.0,0.0,1.0,1.0,,,,,0.0,2,0.0,2.0,-2.0,0.0,1.0,0.0,7.0,0.0,1.0,0.0,2.0,0.0,0.0,0.0,4.0,0.0,0.0,2012-09-20,0.0,-0.58183949143,0.0,-0.392248789644,0.0,-0.974088281074,-0.974088281074,-0.487044140537
2012-09-21,,,,,1.0,0.0,0.0,1.0,0.0,1.0,1.0,,,,,0.0,1.0,0.0,0.0,1.0,1.0,,,,,0.0,2,1.0,1.0,0.0,0.5,0.5,1.0,4.0,0.0,1.0,0.0,3.0,0.0,0.0,1.0,0.0,0.0,0.0,2012-09-21,0.0,-0.523655542287,0.0,0.646976089321,0.0,0.123320547034,0.123320547034,0.0616602735169
2012-09-22,,,,,1.0,0.0,0.0,1.0,0.0,1.0,1.0,,,,,0.0,0.0,1.0,0.0,1.0,1.0,,,,,0.0,2,0.0,2.0,-2.0,0.0,1.0,0.0,6.0,0.0,1.0,0.0,4.0,0.0,0.0,0.0,1.0,0.0,0.0,2012-09-22,0.0,-0.471289988058,0.0,-0.417721519611,0.0,-0.88901150767,-0.88901150767,-0.444505753835
2012-09-23,1.0,0.0,0.0,1.0,1.0,0.0,0.0,1.0,0.0,1.0,1.0,,,,,0.0,0.0,1.0,0.0,1.0,1.0,,,,,0.0,3,1.0,2.0,-1.0,0.333333333333,0.666666666667,1.0,7.0,1.0,0.0,0.0,5.0,0.0,0.0,0.0,2.0,0.0,0.0,2012-09-23,0.505,-0.424160989252,0.0,-0.37594936765,0.0,-0.295110356903,-0.295110356903,-0.0983701189675
2012-09-24,,,,,1.0,0.0,1.0,0.0,0.0,1.0,1.0,,,,,0.0,,,,,1.0,,,,,0.0,1,1.0,0.0,1.0,1.0,0.0,2.0,2.0,1.0,0.0,1.0,0.0,0.0,0.0,0.0,2.0,0.0,0.0,2012-09-24,0.0,0.618255109673,0.0,0.0,0.0,0.618255109673,0.618255109673,0.618255109673
2012-09-25,,,,,1.0,0.0,0.0,1.0,0.0,1.0,1.0,,,,,0.0,0.0,1.0,0.0,1.0,1.0,,,,,0.0,2,0.0,2.0,-2.0,0.0,1.0,1.0,4.0,1.0,0.0,0.0,1.0,0.0,0.0,0.0,3.0,0.0,0.0,2012-09-25,0.0,-0.443570401295,0.0,-0.338354430885,0.0,-0.78192483218,-0.78192483218,-0.39096241609
2012-09-26,,,,,1.0,0.0,0.0,1.0,0.0,1.0,1.0,,,,,0.0,0.0,1.0,0.0,1.0,1.0,,,,,0.0,2,0.0,2.0,-2.0,0.0,1.0,1.0,6.0,1.0,0.0,0.0,2.0,0.0,0.0,0.0,4.0,0.0,0.0,2012-09-26,0.0,-0.399213361165,0.0,-0.304518987797,0.0,-0.703732348962,-0.703732348962,-0.351866174481
2012-09-27,,,,,1.0,0.0,0.0,1.0,0.0,1.0,1.0,,,,,0.0,0.0,1.0,0.0,1.0,1.0,,,,,0.0,2,0.0,2.0,-2.0,0.0,1.0,1.0,8.0,1.0,0.0,0.0,3.0,0.0,0.0,0.0,5.0,0.0,0.0,2012-09-27,0.0,-0.359292025049,0.0,-0.274067089017,0.0,-0.633359114065,-0.633359114065,-0.316679557033
2012-09-28,,,,,1.0,0.0,1.0,0.0,0.0,1.0,1.0,,,,,0.0,0.0,1.0,0.0,1.0,1.0,,,,,0.0,2,1.0,1.0,0.0,0.5,0.5,2.0,6.0,1.0,0.0,1.0,0.0,0.0,0.0,0.0,6.0,0.0,0.0,2012-09-28,0.0,0.676637177456,0.0,-0.246660380115,0.0,0.429976797341,0.429976797341,0.214988398671
2012-09-29,,,,,1.0,0.0,0.0,1.0,0.0,1.0,1.0,,,,,0.0,0.0,1.0,0.0,1.0,1.0,,,,,0.0,2,0.0,2.0,-2.0,0.0,1.0,1.0,8.0,1.0,0.0,0.0,1.0,0.0,0.0,0.0,7.0,0.0,0.0,2012-09-29,0.0,-0.391026540289,0.0,-0.221994342104,0.0,-0.613020882393,-0.613020882393,-0.306510441197
2012-09-30,,,,,1.0,0.0,0.0,1.0,0.0,1.0,1.0,,,,,0.0,1.0,0.0,0.0,1.0,1.0,,,,,0.0,2,1.0,1.0,0.0,0.5,0.5,2.0,2.0,1.0,0.0,0.0,2.0,0.0,0.0,1.0,0.0,0.0,0.0,2012-09-30,0.0,-0.35192388626,0.0,0.800205092107,0.0,0.448281205846,0.448281205846,0.224140602923
2012-10-01,1.0,0.0,0.0,1.0,1.0,0.0,1.0,0.0,0.0,1.0,1.0,,,,,0.0,0.0,1.0,0.0,1.0,1.0,,,,,0.0,3,2.0,1.0,1.0,0.666666666667,0.333333333333,3.0,1.0,2.0,0.0,1.0,0.0,0.0,0.0,0.0,1.0,0.0,0.0,2012-10-01,0.4545,0.683268502366,0.0,-0.279815417104,0.0,0.857953085262,0.857953085262,0.285984361754
2012-10-02,,,,,1.0,0.0,0.0,1.0,0.0,1.0,1.0,,,,,0.0,0.0,1.0,0.0,1.0,1.0,,,,,0.0,2,0.0,2.0,-2.0,0.0,1.0,2.0,3.0,2.0,0.0,0.0,1.0,0.0,0.0,0.0,2.0,0.0,0.0,2012-10-02,0.0,-0.385058347871,0.0,-0.251833875394,0.0,-0.636892223265,-0.636892223265,-0.318446111632
2012-10-03,,,,,1.0,0.0,1.0,0.0,0.0,1.0,1.0,,,,,0.0,1.0,0.0,0.0,1.0,1.0,,,,,0.0,2,2.0,0.0,2.0,1.0,0.0,4.0,0.0,2.0,0.0,1.0,0.0,0.0,0.0,1.0,0.0,0.0,0.0,2012-10-03,0.0,0.653447486916,0.0,0.773349512146,0.0,1.42679699906,1.42679699906,0.713398499531
2012-10-04,,,,,1.0,0.0,,,,,0.0,,,,,0.0,,,,,0.0,,,,,0.0,0,0.0,0.0,0.0,,,2.0,0.0,2.0,0.0,0.0,0.0,0.0,0.0,0.0,0.0,0.0,0.0,2012-10-04,0.0,0.0,0.0,0.0,0.0,0.0,,
2012-10-05,,,,,1.0,0.0,,,,,0.0,,,,,0.0,,,,,0.0,,,,,0.0,0,0.0,0.0,0.0,,,2.0,0.0,2.0,0.0,0.0,0.0,0.0,0.0,0.0,0.0,0.0,0.0,2012-10-05,0.0,0.0,0.0,0.0,0.0,0.0,,
2012-10-06,,,,,1.0,0.0,,,,,0.0,,,,,0.0,,,,,0.0,,,,,0.0,0,0.0,0.0,0.0,,,2.0,0.0,2.0,0.0,0.0,0.0,0.0,0.0,0.0,0.0,0.0,0.0,2012-10-06,0.0,0.0,0.0,0.0,0.0,0.0,,
2012-10-07,1.0,0.0,0.0,1.0,1.0,0.0,,,,,0.0,,,,,0.0,,,,,0.0,,,,,0.0,1,1.0,0.0,1.0,1.0,0.0,3.0,0.0,3.0,0.0,0.0,0.0,0.0,0.0,0.0,0.0,0.0,0.0,2012-10-07,0.40905,0.0,0.0,0.0,0.0,0.40905,0.40905,0.40905
2012-10-08,,,,,1.0,0.0,,,,,0.0,,,,,0.0,,,,,0.0,,,,,0.0,0,0.0,0.0,0.0,,,3.0,0.0,3.0,0.0,0.0,0.0,0.0,0.0,0.0,0.0,0.0,0.0,2012-10-08,0.0,0.0,0.0,0.0,0.0,0.0,,
2012-10-09,,,,,1.0,0.0,,,,,0.0,,,,,0.0,,,,,0.0,,,,,0.0,0,0.0,0.0,0.0,,,3.0,0.0,3.0,0.0,0.0,0.0,0.0,0.0,0.0,0.0,0.0,0.0,2012-10-09,0.0,0.0,0.0,0.0,0.0,0.0,,
2012-10-10,,,,,1.0,0.0,,,,,0.0,,,,,0.0,,,,,0.0,,,,,0.0,0,0.0,0.0,0.0,,,3.0,0.0,3.0,0.0,0.0,0.0,0.0,0.0,0.0,0.0,0.0,0.0,2012-10-10,0.0,0.0,0.0,0.0,0.0,0.0,,
2012-10-11,,,,,1.0,0.0,,,,,0.0,,,,,0.0,,,,,0.0,,,,,0.0,0,0.0,0.0,0.0,,,3.0,0.0,3.0,0.0,0.0,0.0,0.0,0.0,0.0,0.0,0.0,0.0,2012-10-11,0.0,0.0,0.0,0.0,0.0,0.0,,
2012-10-12,,,,,1.0,0.0,,,,,0.0,,,,,0.0,,,,,0.0,,,,,0.0,0,0.0,0.0,0.0,,,3.0,0.0,3.0,0.0,0.0,0.0,0.0,0.0,0.0,0.0,0.0,0.0,2012-10-12,0.0,0.0,0.0,0.0,0.0,0.0,,
2012-10-13,,,,,1.0,0.0,,,,,0.0,,,,,0.0,,,,,0.0,,,,,0.0,0,0.0,0.0,0.0,,,3.0,0.0,3.0,0.0,0.0,0.0,0.0,0.0,0.0,0.0,0.0,0.0,2012-10-13,0.0,0.0,0.0,0.0,0.0,0.0,,
2012-10-14,,,,,1.0,0.0,,,,,0.0,,,,,0.0,,,,,0.0,,,,,0.0,0,0.0,0.0,0.0,,,3.0,0.0,3.0,0.0,0.0,0.0,0.0,0.0,0.0,0.0,0.0,0.0,2012-10-14,0.0,0.0,0.0,0.0,0.0,0.0,,
2012-10-15,,,,,1.0,0.0,,,,,0.0,,,,,0.0,,,,,0.0,,,,,0.0,0,0.0,0.0,0.0,,,3.0,0.0,3.0,0.0,0.0,0.0,0.0,0.0,0.0,0.0,0.0,0.0,2012-10-15,0.0,0.0,0.0,0.0,0.0,0.0,,
2012-10-16,,,,,1.0,0.0,,,,,0.0,,,,,0.0,,,,,0.0,,,,,0.0,0,0.0,0.0,0.0,,,3.0,0.0,3.0,0.0,0.0,0.0,0.0,0.0,0.0,0.0,0.0,0.0,2012-10-16,0.0,0.0,0.0,0.0,0.0,0.0,,
2012-10-17,,,,,1.0,0.0,,,,,0.0,,,,,0.0,,,,,0.0,,,,,0.0,0,0.0,0.0,0.0,,,3.0,0.0,3.0,0.0,0.0,0.0,0.0,0.0,0.0,0.0,0.0,0.0,2012-10-17,0.0,0.0,0.0,0.0,0.0,0.0,,
2012-10-18,,,,,1.0,0.0,,,,,0.0,,,,,0.0,,,,,0.0,,,,,0.0,0,0.0,0.0,0.0,,,3.0,0.0,3.0,0.0,0.0,0.0,0.0,0.0,0.0,0.0,0.0,0.0,2012-10-18,0.0,0.0,0.0,0.0,0.0,0.0,,
2012-10-19,,,,,1.0,0.0,,,,,0.0,,,,,0.0,,,,,0.0,,,,,0.0,0,0.0,0.0,0.0,,,3.0,0.0,3.0,0.0,0.0,0.0,0.0,0.0,0.0,0.0,0.0,0.0,2012-10-19,0.0,0.0,0.0,0.0,0.0,0.0,,
2012-10-20,,,,,1.0,0.0,,,,,0.0,,,,,0.0,,,,,0.0,,,,,0.0,0,0.0,0.0,0.0,,,3.0,0.0,3.0,0.0,0.0,0.0,0.0,0.0,0.0,0.0,0.0,0.0,2012-10-20,0.0,0.0,0.0,0.0,0.0,0.0,,
2012-10-21,,,,,1.0,0.0,,,,,0.0,,,,,0.0,,,,,0.0,,,,,0.0,0,0.0,0.0,0.0,,,3.0,0.0,3.0,0.0,0.0,0.0,0.0,0.0,0.0,0.0,0.0,0.0,2012-10-21,0.0,0.0,0.0,0.0,0.0,0.0,,
2012-10-22,1.0,0.0,0.0,1.0,1.0,0.0,,,,,0.0,,,,,0.0,,,,,0.0,,,,,0.0,1,1.0,0.0,1.0,1.0,0.0,4.0,0.0,4.0,0.0,0.0,0.0,0.0,0.0,0.0,0.0,0.0,0.0,2012-10-22,0.368145,0.0,0.0,0.0,0.0,0.368145,0.368145,0.368145
2012-10-23,,,,,1.0,0.0,,,,,0.0,,,,,0.0,,,,,0.0,,,,,0.0,0,0.0,0.0,0.0,,,4.0,0.0,4.0,0.0,0.0,0.0,0.0,0.0,0.0,0.0,0.0,0.0,2012-10-23,0.0,0.0,0.0,0.0,0.0,0.0,,
2012-10-24,,,,,1.0,0.0,,,,,0.0,,,,,0.0,,,,,0.0,,,,,0.0,0,0.0,0.0,0.0,,,4.0,0.0,4.0,0.0,0.0,0.0,0.0,0.0,0.0,0.0,0.0,0.0,2012-10-24,0.0,0.0,0.0,0.0,0.0,0.0,,
2012-10-25,,,,,1.0,0.0,,,,,0.0,,,,,0.0,,,,,0.0,,,,,0.0,0,0.0,0.0,0.0,,,4.0,0.0,4.0,0.0,0.0,0.0,0.0,0.0,0.0,0.0,0.0,0.0,2012-10-25,0.0,0.0,0.0,0.0,0.0,0.0,,
2012-10-26,,,,,1.0,0.0,,,,,0.0,,,,,0.0,,,,,0.0,,,,,0.0,0,0.0,0.0,0.0,,,4.0,0.0,4.0,0.0,0.0,0.0,0.0,0.0,0.0,0.0,0.0,0.0,2012-10-26,0.0,0.0,0.0,0.0,0.0,0.0,,
2012-10-27,,,,,1.0,0.0,,,,,0.0,,,,,0.0,,,,,0.0,,,,,0.0,0,0.0,0.0,0.0,,,4.0,0.0,4.0,0.0,0.0,0.0,0.0,0.0,0.0,0.0,0.0,0.0,2012-10-27,0.0,0.0,0.0,0.0,0.0,0.0,,
2012-10-28,1.0,0.0,0.0,1.0,1.0,0.0,,,,,0.0,,,,,0.0,,,,,0.0,,,,,0.0,1,1.0,0.0,1.0,1.0,0.0,5.0,0.0,5.0,0.0,0.0,0.0,0.0,0.0,0.0,0.0,0.0,0.0,2012-10-28,0.3313305,0.0,0.0,0.0,0.0,0.3313305,0.3313305,0.3313305
2012-10-29,,,,,1.0,0.0,,,,,0.0,,,,,0.0,,,,,0.0,,,,,0.0,0,0.0,0.0,0.0,,,5.0,0.0,5.0,0.0,0.0,0.0,0.0,0.0,0.0,0.0,0.0,0.0,2012-10-29,0.0,0.0,0.0,0.0,0.0,0.0,,
2012-10-30,,,,,1.0,0.0,,,,,0.0,,,,,0.0,,,,,0.0,,,,,0.0,0,0.0,0.0,0.0,,,5.0,0.0,5.0,0.0,0.0,0.0,0.0,0.0,0.0,0.0,0.0,0.0,2012-10-30,0.0,0.0,0.0,0.0,0.0,0.0,,
2012-10-31,,,,,1.0,0.0,,,,,0.0,,,,,0.0,,,,,0.0,,,,,0.0,0,0.0,0.0,0.0,,,5.0,0.0,5.0,0.0,0.0,0.0,0.0,0.0,0.0,0.0,0.0,0.0,2012-10-31,0.0,0.0,0.0,0.0,0.0,0.0,,
2012-11-01,,,,,1.0,0.0,,,,,0.0,,,,,0.0,,,,,0.0,,,,,0.0,0,0.0,0.0,0.0,,,5.0,0.0,5.0,0.0,0.0,0.0,0.0,0.0,0.0,0.0,0.0,0.0,2012-11-01,0.0,0.0,0.0,0.0,0.0,0.0,,
2012-11-02,,,,,1.0,1.0,,,,,0.0,,,,,0.0,,,,,0.0,1.0,0.0,0.0,1.0,1.0,1,1.0,0.0,1.0,1.0,0.0,9.0,0.0,5.0,0.0,0.0,0.0,0.0,0.0,0.0,0.0,4.0,0.0,2012-11-02,0.0,0.0,0.0,0.0,0.5,0.5,0.5,0.5
2012-11-03,,,,,1.0,1.0,,,,,0.0,,,,,0.0,,,,,0.0,0.0,1.0,0.0,1.0,1.0,1,0.0,1.0,-1.0,0.0,1.0,5.0,1.0,5.0,0.0,0.0,0.0,0.0,0.0,0.0,0.0,0.0,1.0,2012-11-03,0.0,0.0,0.0,0.0,-0.55,-0.55,-0.55,-0.55
2012-11-04,1.0,0.0,0.0,1.0,1.0,1.0,,,,,0.0,,,,,0.0,,,,,0.0,,,,,1.0,1,1.0,0.0,1.0,1.0,0.0,6.0,1.0,6.0,0.0,0.0,0.0,0.0,0.0,0.0,0.0,0.0,1.0,2012-11-04,0.29819745,0.0,0.0,0.0,0.0,0.29819745,0.29819745,0.29819745
2012-11-05,,,,,1.0,1.0,,,,,0.0,,,,,0.0,,,,,0.0,,,,,1.0,0,0.0,0.0,0.0,,,6.0,1.0,6.0,0.0,0.0,0.0,0.0,0.0,0.0,0.0,0.0,1.0,2012-11-05,0.0,0.0,0.0,0.0,0.0,0.0,,
2012-11-06,,,,,1.0,1.0,,,,,0.0,,,,,0.0,,,,,0.0,1.0,0.0,0.0,1.0,1.0,1,1.0,0.0,1.0,1.0,0.0,7.0,0.0,6.0,0.0,0.0,0.0,0.0,0.0,0.0,0.0,1.0,0.0,2012-11-06,0.0,0.0,0.0,0.0,0.505,0.505,0.505,0.505
2012-11-07,,,,,1.0,1.0,,,,,0.0,,,,,0.0,,,,,0.0,,,,,1.0,0,0.0,0.0,0.0,,,7.0,0.0,6.0,0.0,0.0,0.0,0.0,0.0,0.0,0.0,1.0,0.0,2012-11-07,0.0,0.0,0.0,0.0,0.0,0.0,,
2012-11-08,,,,,1.0,1.0,,,,,0.0,,,,,0.0,,,,,0.0,0.0,1.0,0.0,1.0,1.0,1,0.0,1.0,-1.0,0.0,1.0,6.0,1.0,6.0,0.0,0.0,0.0,0.0,0.0,0.0,0.0,0.0,1.0,2012-11-08,0.0,0.0,0.0,0.0,-0.5455,-0.5455,-0.5455,-0.5455
2012-11-09,,,,,1.0,1.0,,,,,0.0,,,,,0.0,,,,,0.0,,,,,1.0,0,0.0,0.0,0.0,,,6.0,1.0,6.0,0.0,0.0,0.0,0.0,0.0,0.0,0.0,0.0,1.0,2012-11-09,0.0,0.0,0.0,0.0,0.0,0.0,,
2012-11-10,,,,,1.0,1.0,,,,,0.0,,,,,0.0,,,,,0.0,1.0,0.0,0.0,1.0,1.0,1,1.0,0.0,1.0,1.0,0.0,7.0,0.0,6.0,0.0,0.0,0.0,0.0,0.0,0.0,0.0,1.0,0.0,2012-11-10,0.0,0.0,0.0,0.0,0.50905,0.50905,0.50905,0.50905
2012-11-11,0.0,1.0,0.0,1.0,1.0,1.0,,,,,0.0,,,,,0.0,,,,,0.0,,,,,1.0,1,0.0,1.0,-1.0,0.0,1.0,1.0,1.0,0.0,1.0,0.0,0.0,0.0,0.0,0.0,0.0,1.0,0.0,2012-11-11,-0.731622295,0.0,0.0,0.0,0.0,-0.731622295,-0.731622295,-0.731622295
2012-11-12,,,,,1.0,1.0,,,,,0.0,,,,,0.0,,,,,0.0,0.0,1.0,0.0,1.0,1.0,1,0.0,1.0,-1.0,0.0,1.0,0.0,2.0,0.0,1.0,0.0,0.0,0.0,0.0,0.0,0.0,0.0,1.0,2012-11-12,0.0,0.0,0.0,0.0,-0.541855,-0.541855,-0.541855,-0.541855
2012-11-13,,,,,1.0,1.0,,,,,0.0,,,,,0.0,,,,,0.0,,,,,1.0,0,0.0,0.0,0.0,,,0.0,2.0,0.0,1.0,0.0,0.0,0.0,0.0,0.0,0.0,0.0,1.0,2012-11-13,0.0,0.0,0.0,0.0,0.0,0.0,,
2012-11-14,,,,,1.0,1.0,,,,,0.0,,,,,0.0,,,,,0.0,1.0,0.0,0.0,1.0,1.0,1,1.0,0.0,1.0,1.0,0.0,1.0,1.0,0.0,1.0,0.0,0.0,0.0,0.0,0.0,0.0,1.0,0.0,2012-11-14,0.0,0.0,0.0,0.0,0.5123305,0.5123305,0.5123305,0.5123305
2012-11-15,,,,,1.0,1.0,,,,,0.0,,,,,0.0,,,,,0.0,,,,,1.0,0,0.0,0.0,0.0,,,1.0,1.0,0.0,1.0,0.0,0.0,0.0,0.0,0.0,0.0,1.0,0.0,2012-11-15,0.0,0.0,0.0,0.0,0.0,0.0,,
2012-11-16,,,,,1.0,1.0,,,,,0.0,,,,,0.0,,,,,0.0,,,,,1.0,0,0.0,0.0,0.0,,,1.0,1.0,0.0,1.0,0.0,0.0,0.0,0.0,0.0,0.0,1.0,0.0,2012-11-16,0.0,0.0,0.0,0.0,0.0,0.0,,
2012-11-17,,,,,1.0,1.0,,,,,0.0,,,,,0.0,,,,,0.0,0.0,1.0,0.0,1.0,1.0,1,0.0,1.0,-1.0,0.0,1.0,0.0,2.0,0.0,1.0,0.0,0.0,0.0,0.0,0.0,0.0,0.0,1.0,2012-11-17,0.0,0.0,0.0,0.0,-0.53890255,-0.53890255,-0.53890255,-0.53890255
2012-11-18,,,,,1.0,1.0,,,,,0.0,,,,,0.0,,,,,0.0,0.0,1.0,0.0,1.0,1.0,1,0.0,1.0,-1.0,0.0,1.0,0.0,3.0,0.0,1.0,0.0,0.0,0.0,0.0,0.0,0.0,0.0,2.0,2012-11-18,0.0,0.0,0.0,0.0,-0.485012295,-0.485012295,-0.485012295,-0.485012295
2012-11-19,0.0,1.0,0.0,1.0,1.0,1.0,,,,,0.0,,,,,0.0,,,,,0.0,,,,,1.0,1,0.0,1.0,-1.0,0.0,1.0,0.0,4.0,0.0,2.0,0.0,0.0,0.0,0.0,0.0,0.0,0.0,2.0,2012-11-19,-0.6584600655,0.0,0.0,0.0,0.0,-0.6584600655,-0.6584600655,-0.6584600655
2012-11-20,,,,,1.0,1.0,,,,,0.0,,,,,0.0,,,,,0.0,,,,,1.0,0,0.0,0.0,0.0,,,0.0,4.0,0.0,2.0,0.0,0.0,0.0,0.0,0.0,0.0,0.0,2.0,2012-11-20,0.0,0.0,0.0,0.0,0.0,0.0,,
2012-11-21,,,,,1.0,1.0,,,,,0.0,,,,,0.0,,,,,0.0,0.0,1.0,0.0,1.0,1.0,1,0.0,1.0,-1.0,0.0,1.0,0.0,5.0,0.0,2.0,0.0,0.0,0.0,0.0,0.0,0.0,0.0,3.0,2012-11-21,0.0,0.0,0.0,0.0,-0.4365110655,-0.4365110655,-0.4365110655,-0.4365110655
2012-11-22,,,,,1.0,1.0,,,,,0.0,,,,,0.0,,,,,0.0,,,,,1.0,0,0.0,0.0,0.0,,,0.0,5.0,0.0,2.0,0.0,0.0,0.0,0.0,0.0,0.0,0.0,3.0,2012-11-22,0.0,0.0,0.0,0.0,0.0,0.0,,
2012-11-23,,,,,1.0,1.0,,,,,0.0,,,,,0.0,,,,,0.0,,,,,1.0,0,0.0,0.0,0.0,,,0.0,5.0,0.0,2.0,0.0,0.0,0.0,0.0,0.0,0.0,0.0,3.0,2012-11-23,0.0,0.0,0.0,0.0,0.0,0.0,,
2012-11-24,,,,,1.0,1.0,,,,,0.0,,,,,0.0,,,,,0.0,1.0,0.0,0.0,1.0,1.0,1,1.0,0.0,1.0,1.0,0.0,1.0,2.0,0.0,2.0,0.0,0.0,0.0,0.0,0.0,0.0,1.0,0.0,2012-11-24,0.0,0.0,0.0,0.0,0.60714004105,0.60714004105,0.60714004105,0.60714004105
2012-11-25,1.0,0.0,0.0,1.0,1.0,1.0,,,,,0.0,,,,,0.0,,,,,0.0,,,,,1.0,1,1.0,0.0,1.0,1.0,0.0,2.0,0.0,1.0,0.0,0.0,0.0,0.0,0.0,0.0,0.0,1.0,0.0,2012-11-25,0.40738594105,0.0,0.0,0.0,0.0,0.40738594105,0.40738594105,0.40738594105
2012-11-26,,,,,1.0,1.0,,,,,0.0,,,,,0.0,,,,,0.0,0.0,1.0,0.0,1.0,1.0,1,0.0,1.0,-1.0,0.0,1.0,1.0,1.0,1.0,0.0,0.0,0.0,0.0,0.0,0.0,0.0,0.0,1.0,2012-11-26,0.0,0.0,0.0,0.0,-0.453573963055,-0.453573963055,-0.453573963055,-0.453573963055
2012-11-27,,,,,1.0,1.0,,,,,0.0,,,,,0.0,,,,,0.0,,,,,1.0,0,0.0,0.0,0.0,,,1.0,1.0,1.0,0.0,0.0,0.0,0.0,0.0,0.0,0.0,0.0,1.0,2012-11-27,0.0,0.0,0.0,0.0,0.0,0.0,,
2012-11-28,,,,,1.0,1.0,,,,,0.0,,,,,0.0,,,,,0.0,1.0,0.0,0.0,1.0,1.0,1,1.0,0.0,1.0,1.0,0.0,2.0,0.0,1.0,0.0,0.0,0.0,0.0,0.0,0.0,0.0,1.0,0.0,2012-11-28,0.0,0.0,0.0,0.0,0.59178343325,0.59178343325,0.59178343325,0.59178343325
2012-11-29,,,,,1.0,1.0,,,,,0.0,,,,,0.0,,,,,0.0,,,,,1.0,0,0.0,0.0,0.0,,,2.0,0.0,1.0,0.0,0.0,0.0,0.0,0.0,0.0,0.0,1.0,0.0,2012-11-29,0.0,0.0,0.0,0.0,0.0,0.0,,
2012-11-30,,,,,1.0,1.0,,,,,0.0,,,,,0.0,,,,,0.0,,,,,1.0,0,0.0,0.0,0.0,,,2.0,0.0,1.0,0.0,0.0,0.0,0.0,0.0,0.0,0.0,1.0,0.0,2012-11-30,0.0,0.0,0.0,0.0,0.0,0.0,,
2012-12-01,,,,,1.0,1.0,,,,,0.0,,,,,0.0,,,,,0.0,1.0,0.0,0.0,1.0,1.0,1,1.0,0.0,1.0,1.0,0.0,3.0,0.0,1.0,0.0,0.0,0.0,0.0,0.0,0.0,0.0,2.0,0.0,2012-12-01,0.0,0.0,0.0,0.0,0.532605089925,0.532605089925,0.532605089925,0.532605089925
2012-12-02,0.0,1.0,0.0,1.0,1.0,1.0,,,,,0.0,,,,,0.0,,,,,0.0,,,,,1.0,1,0.0,1.0,-1.0,0.0,1.0,2.0,1.0,0.0,1.0,0.0,0.0,0.0,0.0,0.0,0.0,2.0,0.0,2012-12-02,-0.633352653055,0.0,0.0,0.0,0.0,-0.633352653055,-0.633352653055,-0.633352653055
2012-12-03,,,,,1.0,1.0,,,,,0.0,,,,,0.0,,,,,0.0,,,,,1.0,0,0.0,0.0,0.0,,,2.0,1.0,0.0,1.0,0.0,0.0,0.0,0.0,0.0,0.0,2.0,0.0,2012-12-03,0.0,0.0,0.0,0.0,0.0,0.0,,
2012-12-04,,,,,1.0,1.0,,,,,0.0,,,,,0.0,,,,,0.0,0.0,1.0,0.0,1.0,1.0,1,0.0,1.0,-1.0,0.0,1.0,0.0,2.0,0.0,1.0,0.0,0.0,0.0,0.0,0.0,0.0,0.0,1.0,2012-12-04,0.0,0.0,0.0,0.0,-0.520655419067,-0.520655419067,-0.520655419067,-0.520655419067
2012-12-05,,,,,1.0,1.0,,,,,0.0,,,,,0.0,,,,,0.0,1.0,0.0,0.0,1.0,1.0,1,1.0,0.0,1.0,1.0,0.0,1.0,1.0,0.0,1.0,0.0,0.0,0.0,0.0,0.0,0.0,1.0,0.0,2012-12-05,0.0,0.0,0.0,0.0,0.53141012284,0.53141012284,0.53141012284,0.53141012284
2012-12-06,,,,,1.0,1.0,,,,,0.0,,,,,0.0,,,,,0.0,,,,,1.0,0,0.0,0.0,0.0,,,1.0,1.0,0.0,1.0,0.0,0.0,0.0,0.0,0.0,0.0,1.0,0.0,2012-12-06,0.0,0.0,0.0,0.0,0.0,0.0,,
2012-12-07,,,,,1.0,1.0,,,,,0.0,,,,,0.0,,,,,0.0,1.0,0.0,0.0,1.0,1.0,1,1.0,0.0,1.0,1.0,0.0,2.0,1.0,0.0,1.0,0.0,0.0,0.0,0.0,0.0,0.0,2.0,0.0,2012-12-07,0.0,0.0,0.0,0.0,0.478269110556,0.478269110556,0.478269110556,0.478269110556
2012-12-08,,,,,1.0,1.0,,,,,0.0,,,,,0.0,,,,,0.0,1.0,0.0,0.0,1.0,1.0,1,1.0,0.0,1.0,1.0,0.0,3.0,1.0,0.0,1.0,0.0,0.0,0.0,0.0,0.0,0.0,3.0,0.0,2012-12-08,0.0,0.0,0.0,0.0,0.4304421995,0.4304421995,0.4304421995,0.4304421995
2012-12-09,0.0,1.0,0.0,1.0,1.0,1.0,,,,,0.0,,,,,0.0,,,,,0.0,,,,,1.0,1,0.0,1.0,-1.0,0.0,1.0,3.0,2.0,0.0,2.0,0.0,0.0,0.0,0.0,0.0,0.0,3.0,0.0,2012-12-09,-0.570017387749,0.0,0.0,0.0,0.0,-0.570017387749,-0.570017387749,-0.570017387749
2012-12-10,,,,,1.0,1.0,,,,,0.0,,,,,0.0,,,,,0.0,,,,,1.0,0,0.0,0.0,0.0,,,3.0,2.0,0.0,2.0,0.0,0.0,0.0,0.0,0.0,0.0,3.0,0.0,2012-12-10,0.0,0.0,0.0,0.0,0.0,0.0,,
2012-12-11,,,,,1.0,1.0,,,,,0.0,,,,,0.0,,,,,0.0,0.0,1.0,0.0,1.0,1.0,1,0.0,1.0,-1.0,0.0,1.0,0.0,3.0,0.0,2.0,0.0,0.0,0.0,0.0,0.0,0.0,0.0,1.0,2012-12-11,0.0,0.0,0.0,0.0,-0.61260202045,-0.61260202045,-0.61260202045,-0.61260202045
2012-12-12,,,,,1.0,1.0,,,,,0.0,,,,,0.0,,,,,0.0,1.0,0.0,0.0,1.0,1.0,1,1.0,0.0,1.0,1.0,0.0,1.0,2.0,0.0,2.0,0.0,0.0,0.0,0.0,0.0,0.0,1.0,0.0,2012-12-12,0.0,0.0,0.0,0.0,0.448658181595,0.448658181595,0.448658181595,0.448658181595
2012-12-13,,,,,1.0,1.0,,,,,0.0,,,,,0.0,,,,,0.0,,,,,1.0,0,0.0,0.0,0.0,,,1.0,2.0,0.0,2.0,0.0,0.0,0.0,0.0,0.0,0.0,1.0,0.0,2012-12-13,0.0,0.0,0.0,0.0,0.0,0.0,,
2012-12-14,,,,,1.0,1.0,,,,,0.0,,,,,0.0,,,,,0.0,,,,,1.0,0,0.0,0.0,0.0,,,1.0,2.0,0.0,2.0,0.0,0.0,0.0,0.0,0.0,0.0,1.0,0.0,2012-12-14,0.0,0.0,0.0,0.0,0.0,0.0,,
2012-12-15,,,,,1.0,1.0,,,,,0.0,,,,,0.0,,,,,0.0,1.0,0.0,0.0,1.0,1.0,1,1.0,0.0,1.0,1.0,0.0,2.0,2.0,0.0,2.0,0.0,0.0,0.0,0.0,0.0,0.0,2.0,0.0,2012-12-15,0.0,0.0,0.0,0.0,0.403792363436,0.403792363436,0.403792363436,0.403792363436
2012-12-16,0.0,1.0,0.0,1.0,1.0,1.0,,,,,0.0,,,,,0.0,,,,,0.0,,,,,1.0,1,0.0,1.0,-1.0,0.0,1.0,2.0,3.0,0.0,3.0,0.0,0.0,0.0,0.0,0.0,0.0,2.0,0.0,2012-12-16,-0.513015648975,0.0,0.0,0.0,0.0,-0.513015648975,-0.513015648975,-0.513015648975
2012-12-17,,,,,1.0,1.0,,,,,0.0,,,,,0.0,,,,,0.0,0.0,1.0,0.0,1.0,1.0,1,0.0,1.0,-1.0,0.0,1.0,0.0,4.0,0.0,3.0,0.0,0.0,0.0,0.0,0.0,0.0,0.0,1.0,2012-12-17,0.0,0.0,0.0,0.0,-0.636586872908,-0.636586872908,-0.636586872908,-0.636586872908
2012-12-18,,,,,1.0,1.0,,,,,0.0,,,,,0.0,,,,,0.0,1.0,0.0,0.0,1.0,1.0,1,1.0,0.0,1.0,1.0,0.0,1.0,3.0,0.0,3.0,0.0,0.0,0.0,0.0,0.0,0.0,1.0,0.0,2012-12-18,0.0,0.0,0.0,0.0,0.427071814383,0.427071814383,0.427071814383,0.427071814383
2012-12-19,,,,,1.0,1.0,,,,,0.0,,,,,0.0,,,,,0.0,,,,,1.0,0,0.0,0.0,0.0,,,1.0,3.0,0.0,3.0,0.0,0.0,0.0,0.0,0.0,0.0,1.0,0.0,2012-12-19,0.0,0.0,0.0,0.0,0.0,0.0,,
2012-12-20,,,,,1.0,1.0,,,,,0.0,,,,,0.0,,,,,0.0,,,,,1.0,0,0.0,0.0,0.0,,,1.0,3.0,0.0,3.0,0.0,0.0,0.0,0.0,0.0,0.0,1.0,0.0,2012-12-20,0.0,0.0,0.0,0.0,0.0,0.0,,
2012-12-21,,,,,1.0,1.0,,,,,0.0,,,,,0.0,,,,,0.0,1.0,0.0,0.0,1.0,1.0,1,1.0,0.0,1.0,1.0,0.0,2.0,3.0,0.0,3.0,0.0,0.0,0.0,0.0,0.0,0.0,2.0,0.0,2012-12-21,0.0,0.0,0.0,0.0,0.384364632945,0.384364632945,0.384364632945,0.384364632945
2012-12-22,,,,,1.0,1.0,,,,,0.0,,,,,0.0,,,,,0.0,0.0,1.0,0.0,1.0,1.0,1,0.0,1.0,-1.0,0.0,1.0,0.0,4.0,0.0,3.0,0.0,0.0,0.0,0.0,0.0,0.0,0.0,1.0,2012-12-22,0.0,0.0,0.0,0.0,-0.65407183035,-0.65407183035,-0.65407183035,-0.65407183035
2012-12-23,1.0,0.0,0.0,1.0,1.0,1.0,,,,,0.0,,,,,0.0,,,,,0.0,,,,,1.0,1,1.0,0.0,1.0,1.0,0.0,1.0,1.0,1.0,0.0,0.0,0.0,0.0,0.0,0.0,0.0,0.0,1.0,2012-12-23,0.538285915923,0.0,0.0,0.0,0.0,0.538285915923,0.538285915923,0.538285915923
2012-12-24,,,,,1.0,1.0,,,,,0.0,,,,,0.0,,,,,0.0,,,,,1.0,0,0.0,0.0,0.0,,,1.0,1.0,1.0,0.0,0.0,0.0,0.0,0.0,0.0,0.0,0.0,1.0,2012-12-24,0.0,0.0,0.0,0.0,0.0,0.0,,
2012-12-25,,,,,1.0,1.0,,,,,0.0,,,,,0.0,,,,,0.0,0.0,1.0,0.0,1.0,1.0,1,0.0,1.0,-1.0,0.0,1.0,1.0,2.0,1.0,0.0,0.0,0.0,0.0,0.0,0.0,0.0,0.0,2.0,2012-12-25,0.0,0.0,0.0,0.0,-0.588664647315,-0.588664647315,-0.588664647315,-0.588664647315
2012-12-26,,,,,1.0,1.0,,,,,0.0,,,,,0.0,,,,,0.0,,,,,1.0,0,0.0,0.0,0.0,,,1.0,2.0,1.0,0.0,0.0,0.0,0.0,0.0,0.0,0.0,0.0,2.0,2012-12-26,0.0,0.0,0.0,0.0,0.0,0.0,,
2012-12-27,,,,,1.0,1.0,,,,,0.0,,,,,0.0,,,,,0.0,,,,,1.0,0,0.0,0.0,0.0,,,1.0,2.0,1.0,0.0,0.0,0.0,0.0,0.0,0.0,0.0,0.0,2.0,2012-12-27,0.0,0.0,0.0,0.0,0.0,0.0,,
2012-12-28,,,,,1.0,1.0,,,,,0.0,,,,,0.0,,,,,0.0,,,,,1.0,0,0.0,0.0,0.0,,,1.0,2.0,1.0,0.0,0.0,0.0,0.0,0.0,0.0,0.0,0.0,2.0,2012-12-28,0.0,0.0,0.0,0.0,0.0,0.0,,
2012-12-29,,,,,1.0,1.0,,,,,0.0,,,,,0.0,,,,,0.0,1.0,0.0,0.0,1.0,1.0,1,1.0,0.0,1.0,1.0,0.0,2.0,0.0,1.0,0.0,0.0,0.0,0.0,0.0,0.0,0.0,1.0,0.0,2012-12-29,0.0,0.0,0.0,0.0,0.470201817417,0.470201817417,0.470201817417,0.470201817417
2012-12-30,1.0,0.0,0.0,1.0,1.0,1.0,,,,,0.0,,,,,0.0,,,,,0.0,,,,,1.0,1,1.0,0.0,1.0,1.0,0.0,3.0,0.0,2.0,0.0,0.0,0.0,0.0,0.0,0.0,0.0,1.0,0.0,2012-12-30,0.484457324331,0.0,0.0,0.0,0.0,0.484457324331,0.484457324331,0.484457324331
2012-12-31,,,,,0.0,1.0,,,,,0.0,,,,,0.0,,,,,0.0,0.0,1.0,0.0,1.0,1.0,1,0.0,1.0,-1.0,0.0,1.0,0.0,1.0,0.0,0.0,0.0,0.0,0.0,0.0,0.0,0.0,0.0,1.0,2012-12-31,0.0,0.0,0.0,0.0,-0.576818364325,-0.576818364325,-0.576818364325,-0.576818364325
