,rangers_wins,rangers_losses,rangers_ties,rangers_num_events,rangers_mask,temp,stars_wins,stars_losses,stars_ties,stars_num_events,stars_mask,mavericks_wins,mavericks_losses,mavericks_ties,mavericks_num_events,mavericks_mask,cowboys_wins,cowboys_losses,cowboys_ties,cowboys_num_events,cowboys_mask,num_events,sum_wins,sum_losses,sports_composite,p_win,p_loss,sum_streak,sum_loss_streak,rangers_streak,rangers_loss_streak,stars_streak,stars_loss_streak,mavericks_streak,mavericks_loss_streak,cowboys_streak,cowboys_loss_streak,date,rangers_pe,stars_pe,mavericks_pe,cowboys_pe,sum_pe,sum_pe_with_na,mean_pe
2012-01-01,,,,,0.0,0.0,,,,,0.0,0.0,1.0,0.0,1.0,1.0,,,,,0.0,1,0.0,1.0,-1.0,0.0,1.0,0.0,1.0,0.0,0.0,0.0,0.0,0.0,1.0,0.0,0.0,2012-01-01,0.0,0.0,-0.5,0.0,-0.5,-0.5,-0.5
2012-01-02,,,,,0.0,0.0,,,,,0.0,1.0,0.0,0.0,1.0,1.0,,,,,0.0,1,1.0,0.0,1.0,1.0,0.0,1.0,0.0,0.0,0.0,0.0,0.0,1.0,0.0,0.0,0.0,2012-01-02,0.0,0.0,0.55,0.0,0.55,0.55,0.55
2012-01-03,,,,,0.0,0.0,0.0,1.0,0.0,1.0,1.0,,,,,1.0,,,,,0.0,1,0.0,1.0,-1.0,0.0,1.0,1.0,1.0,0.0,0.0,0.0,1.0,1.0,0.0,0.0,0.0,2012-01-03,0.0,-0.5,0.0,0.0,-0.5,-0.5,-0.5
2012-01-04,,,,,0.0,0.0,,,,,1.0,1.0,0.0,0.0,1.0,1.0,,,,,0.0,1,1.0,0.0,1.0,1.0,0.0,2.0,1.0,0.0,0.0,0.0,1.0,2.0,0.0,0.0,0.0,2012-01-04,0.0,0.0,0.495,0.0,0.495,0.495,0.495
2012-01-05,,,,,0.0,0.0,1.0,0.0,0.0,1.0,1.0,0.0,1.0,0.0,1.0,1.0,,,,,0.0,2,1.0,1.0,0.0,0.5,0.5,1.0,1.0,0.0,0.0,1.0,0.0,0.0,1.0,0.0,0.0,2012-01-05,0.0,0.55,-0.5545,0.0,-0.0045,-0.0045,-0.00225
2012-01-06,,,,,0.0,0.0,,,,,1.0,,,,,1.0,,,,,0.0,0,0.0,0.0,0.0,,,1.0,1.0,0.0,0.0,1.0,0.0,0.0,1.0,0.0,0.0,2012-01-06,0.0,0.0,0.0,0.0,0.0,,
2012-01-07,,,,,0.0,0.0,1.0,0.0,0.0,1.0,1.0,1.0,0.0,0.0,1.0,1.0,,,,,0.0,2,2.0,0.0,2.0,1.0,0.0,3.0,0.0,0.0,0.0,2.0,0.0,1.0,0.0,0.0,0.0,2012-01-07,0.0,0.495,0.50095,0.0,0.99595,0.99595,0.497975
2012-01-08,,,,,0.0,0.0,,,,,1.0,,,,,1.0,,,,,0.0,0,0.0,0.0,0.0,,,3.0,0.0,0.0,0.0,2.0,0.0,1.0,0.0,0.0,0.0,2012-01-08,0.0,0.0,0.0,0.0,0.0,,
2012-01-09,,,,,0.0,0.0,,,,,1.0,,,,,1.0,,,,,0.0,0,0.0,0.0,0.0,,,3.0,0.0,0.0,0.0,2.0,0.0,1.0,0.0,0.0,0.0,2012-01-09,0.0,0.0,0.0,0.0,0.0,,
2012-01-10,,,,,0.0,0.0,0.0,1.0,0.0,1.0,1.0,1.0,0.0,0.0,1.0,1.0,,,,,0.0,2,1.0,1.0,0.0,0.5,0.5,2.0,1.0,0.0,0.0,0.0,1.0,2.0,0.0,0.0,0.0,2012-01-10,0.0,-0.5545,0.450855,0.0,-0.103645,-0.103645,-0.0518225
2012-01-11,,,,,0.0,0.0,,,,,1.0,1.0,0.0,0.0,1.0,1.0,,,,,0.0,1,1.0,0.0,1.0,1.0,0.0,3.0,1.0,0.0,0.0,0.0,1.0,3.0,0.0,0.0,0.0,2012-01-11,0.0,0.0,0.4057695,0.0,0.4057695,0.4057695,0.4057695
2012-01-12,,,,,0.0,0.0,1.0,0.0,0.0,1.0,1.0,,,,,1.0,,,,,0.0,1,1.0,0.0,1.0,1.0,0.0,4.0,0.0,0.0,0.0,1.0,0.0,3.0,0.0,0.0,0.0,2012-01-12,0.0,0.50095,0.0,0.0,0.50095,0.50095,0.50095
2012-01-13,,,,,0.0,0.0,,,,,1.0,1.0,0.0,0.0,1.0,1.0,,,,,0.0,1,1.0,0.0,1.0,1.0,0.0,5.0,0.0,0.0,0.0,1.0,0.0,4.0,0.0,0.0,0.0,2012-01-13,0.0,0.0,0.36519255,0.0,0.36519255,0.36519255,0.36519255
2012-01-14,,,,,0.0,0.0,0.0,1.0,0.0,1.0,1.0,1.0,0.0,0.0,1.0,1.0,,,,,0.0,2,1.0,1.0,0.0,0.5,0.5,5.0,1.0,0.0,0.0,0.0,1.0,5.0,0.0,0.0,0.0,2012-01-14,0.0,-0.549145,0.328673295,0.0,-0.220471705,-0.220471705,-0.1102358525
2012-01-15,,,,,0.0,0.0,,,,,1.0,,,,,1.0,,,,,0.0,0,0.0,0.0,0.0,,,5.0,1.0,0.0,0.0,0.0,1.0,5.0,0.0,0.0,0.0,2012-01-15,0.0,0.0,0.0,0.0,0.0,,
2012-01-16,,,,,0.0,0.0,0.0,1.0,0.0,1.0,1.0,0.0,1.0,0.0,1.0,1.0,,,,,0.0,2,0.0,2.0,-2.0,0.0,1.0,0.0,3.0,0.0,0.0,0.0,2.0,0.0,1.0,0.0,0.0,2012-01-16,0.0,-0.4942305,-0.7041940345,0.0,-1.1984245345,-1.1984245345,-0.59921226725
2012-01-17,,,,,0.0,0.0,0.0,1.0,0.0,1.0,1.0,,,,,1.0,,,,,0.0,1,0.0,1.0,-1.0,0.0,1.0,0.0,4.0,0.0,0.0,0.0,3.0,0.0,1.0,0.0,0.0,2012-01-17,0.0,-0.44480745,0.0,0.0,-0.44480745,-0.44480745,-0.44480745
2012-01-18,,,,,0.0,0.0,,,,,1.0,0.0,1.0,0.0,1.0,1.0,,,,,0.0,1,0.0,1.0,-1.0,0.0,1.0,0.0,5.0,0.0,0.0,0.0,3.0,0.0,2.0,0.0,0.0,2012-01-18,0.0,0.0,-0.63377463105,0.0,-0.63377463105,-0.63377463105,-0.63377463105
2012-01-19,,,,,0.0,0.0,,,,,1.0,1.0,0.0,0.0,1.0,1.0,,,,,0.0,1,1.0,0.0,1.0,1.0,0.0,1.0,3.0,0.0,0.0,0.0,3.0,1.0,0.0,0.0,0.0,2012-01-19,0.0,0.0,0.429602832055,0.0,0.429602832055,0.429602832055,0.429602832055
2012-01-20,,,,,0.0,0.0,0.0,1.0,0.0,1.0,1.0,,,,,1.0,,,,,0.0,1,0.0,1.0,-1.0,0.0,1.0,1.0,4.0,0.0,0.0,0.0,4.0,1.0,0.0,0.0,0.0,2012-01-20,0.0,-0.400326705,0.0,0.0,-0.400326705,-0.400326705,-0.400326705
2012-01-21,,,,,0.0,0.0,0.0,1.0,0.0,1.0,1.0,1.0,0.0,0.0,1.0,1.0,,,,,0.0,2,1.0,1.0,0.0,0.5,0.5,2.0,5.0,0.0,0.0,0.0,5.0,2.0,0.0,0.0,0.0,2012-01-21,0.0,-0.3602940345,0.38664254885,0.0,0.0263485143495,0.0263485143495,0.0131742571748
2012-01-22,,,,,0.0,0.0,,,,,1.0,,,,,1.0,,,,,0.0,0,0.0,0.0,0.0,,,2.0,5.0,0.0,0.0,0.0,5.0,2.0,0.0,0.0,0.0,2012-01-22,0.0,0.0,0.0,0.0,0.0,,
2012-01-23,,,,,0.0,0.0,,,,,1.0,1.0,0.0,0.0,1.0,1.0,,,,,0.0,1,1.0,0.0,1.0,1.0,0.0,3.0,5.0,0.0,0.0,0.0,5.0,3.0,0.0,0.0,0.0,2012-01-23,0.0,0.0,0.347978293965,0.0,0.347978293965,0.347978293965,0.347978293965
2012-01-24,,,,,0.0,0.0,1.0,0.0,0.0,1.0,1.0,,,,,1.0,,,,,0.0,1,1.0,0.0,1.0,1.0,0.0,4.0,0.0,0.0,0.0,1.0,0.0,3.0,0.0,0.0,0.0,2012-01-24,0.0,0.67573536895,0.0,0.0,0.67573536895,0.67573536895,0.67573536895
2012-01-25,,,,,0.0,0.0,,,,,1.0,0.0,1.0,0.0,1.0,1.0,,,,,0.0,1,0.0,1.0,-1.0,0.0,1.0,1.0,1.0,0.0,0.0,1.0,0.0,0.0,1.0,0.0,0.0,2012-01-25,0.0,0.0,-0.686819535432,0.0,-0.686819535432,-0.686819535432,-0.686819535432
2012-01-26,,,,,0.0,0.0,,,,,1.0,,,,,1.0,,,,,0.0,0,0.0,0.0,0.0,,,1.0,1.0,0.0,0.0,1.0,0.0,0.0,1.0,0.0,0.0,2012-01-26,0.0,0.0,0.0,0.0,0.0,,
2012-01-27,,,,,0.0,0.0,,,,,1.0,1.0,0.0,0.0,1.0,1.0,,,,,0.0,1,1.0,0.0,1.0,1.0,0.0,2.0,0.0,0.0,0.0,1.0,0.0,1.0,0.0,0.0,0.0,2012-01-27,0.0,0.0,0.381862418111,0.0,0.381862418111,0.381862418111,0.381862418111
2012-01-28,,,,,0.0,0.0,,,,,1.0,,,,,1.0,,,,,0.0,0,0.0,0.0,0.0,,,2.0,0.0,0.0,0.0,1.0,0.0,1.0,0.0,0.0,0.0,2012-01-28,0.0,0.0,0.0,0.0,0.0,,
2012-01-29,,,,,0.0,0.0,,,,,1.0,1.0,0.0,0.0,1.0,1.0,,,,,0.0,1,1.0,0.0,1.0,1.0,0.0,3.0,0.0,0.0,0.0,1.0,0.0,2.0,0.0,0.0,0.0,2012-01-29,0.0,0.0,0.3436761763,0.0,0.3436761763,0.3436761763,0.3436761763
2012-01-30,,,,,0.0,0.0,,,,,1.0,1.0,0.0,0.0,1.0,1.0,,,,,0.0,1,1.0,0.0,1.0,1.0,0.0,4.0,0.0,0.0,0.0,1.0,0.0,3.0,0.0,0.0,0.0,2012-01-30,0.0,0.0,0.30930855867,0.0,0.30930855867,0.30930855867,0.30930855867
2012-01-31,,,,,0.0,0.0,,,,,1.0,,,,,1.0,,,,,0.0,0,0.0,0.0,0.0,,,4.0,0.0,0.0,0.0,1.0,0.0,3.0,0.0,0.0,0.0,2012-01-31,0.0,0.0,0.0,0.0,0.0,,
2012-02-01,,,,,0.0,0.0,1.0,0.0,0.0,1.0,1.0,0.0,1.0,0.0,1.0,1.0,,,,,0.0,2,1.0,1.0,0.0,0.5,0.5,2.0,1.0,0.0,0.0,2.0,0.0,0.0,1.0,0.0,0.0,2012-02-01,0.0,0.608161832055,-0.721622297197,0.0,-0.113460465142,-0.113460465142,-0.0567302325709
2012-02-02,,,,,0.0,0.0,0.0,1.0,0.0,1.0,1.0,,,,,1.0,,,,,0.0,1,0.0,1.0,-1.0,0.0,1.0,0.0,2.0,0.0,0.0,0.0,1.0,0.0,1.0,0.0,0.0,2012-02-02,0.0,-0.452654351151,0.0,0.0,-0.452654351151,-0.452654351151,-0.452654351151
2012-02-03,,,,,0.0,0.0,,,,,1.0,0.0,1.0,0.0,1.0,1.0,,,,,0.0,1,0.0,1.0,-1.0,0.0,1.0,0.0,3.0,0.0,0.0,0.0,1.0,0.0,2.0,0.0,0.0,2012-02-03,0.0,0.0,-0.649460067477,0.0,-0.649460067477,-0.649460067477,-0.649460067477
2012-02-04,,,,,0.0,0.0,1.0,0.0,0.0,1.0,1.0,0.0,1.0,0.0,1.0,1.0,,,,,0.0,2,1.0,1.0,0.0,0.5,0.5,1.0,3.0,0.0,0.0,1.0,0.0,0.0,3.0,0.0,0.0,2012-02-04,0.0,0.592611083965,-0.584514060729,0.0,0.00809702323508,0.00809702323508,0.00404851161754
2012-02-05,,,,,0.0,0.0,,,,,1.0,,,,,1.0,,,,,0.0,0,0.0,0.0,0.0,,,1.0,3.0,0.0,0.0,1.0,0.0,0.0,3.0,0.0,0.0,2012-02-05,0.0,0.0,0.0,0.0,0.0,,
2012-02-06,,,,,0.0,0.0,,,,,1.0,,,,,1.0,,,,,0.0,0,0.0,0.0,0.0,,,1.0,3.0,0.0,0.0,1.0,0.0,0.0,3.0,0.0,0.0,2012-02-06,0.0,0.0,0.0,0.0,0.0,,
2012-02-07,,,,,0.0,0.0,0.0,1.0,0.0,1.0,1.0,,,,,1.0,,,,,0.0,1,0.0,1.0,-1.0,0.0,1.0,0.0,4.0,0.0,0.0,0.0,1.0,0.0,3.0,0.0,0.0,2012-02-07,0.0,-0.466650024432,0.0,0.0,-0.466650024432,-0.466650024432,-0.466650024432
2012-02-08,,,,,0.0,0.0,,,,,1.0,1.0,0.0,0.0,1.0,1.0,,,,,0.0,1,1.0,0.0,1.0,1.0,0.0,1.0,1.0,0.0,0.0,0.0,1.0,1.0,0.0,0.0,0.0,2012-02-08,0.0,0.0,0.473937345343,0.0,0.473937345343,0.473937345343,0.473937345343
2012-02-09,,,,,0.0,0.0,1.0,0.0,0.0,1.0,1.0,,,,,1.0,,,,,0.0,1,1.0,0.0,1.0,1.0,0.0,2.0,0.0,0.0,0.0,1.0,0.0,1.0,0.0,0.0,0.0,2012-02-09,0.0,0.580014978011,0.0,0.0,0.580014978011,0.580014978011,0.580014978011
2012-02-10,,,,,0.0,0.0,0.0,1.0,0.0,1.0,1.0,1.0,0.0,0.0,1.0,1.0,,,,,0.0,2,1.0,1.0,0.0,0.5,0.5,2.0,1.0,0.0,0.0,0.0,1.0,2.0,0.0,0.0,0.0,2012-02-10,0.0,-0.47798651979,0.426543610809,0.0,-0.0514429089807,-0.0514429089807,-0.0257214544904
2012-02-11,,,,,0.0,0.0,,,,,1.0,1.0,0.0,0.0,1.0,1.0,,,,,0.0,1,1.0,0.0,1.0,1.0,0.0,3.0,1.0,0.0,0.0,0.0,1.0,3.0,0.0,0.0,0.0,2012-02-11,0.0,0.0,0.383889249728,0.0,0.383889249728,0.383889249728,0.383889249728
2012-02-12,,,,,0.0,0.0,0.0,1.0,0.0,1.0,1.0,,,,,1.0,,,,,0.0,1,0.0,1.0,-1.0,0.0,1.0,3.0,2.0,0.0,0.0,0.0,2.0,3.0,0.0,0.0,0.0,2012-02-12,0.0,-0.430187867811,0.0,0.0,-0.430187867811,-0.430187867811,-0.430187867811
2012-02-13,,,,,0.0,0.0,,,,,1.0,1.0,0.0,0.0,1.0,1.0,,,,,0.0,1,1.0,0.0,1.0,1.0,0.0,4.0,2.0,0.0,0.0,0.0,2.0,4.0,0.0,0.0,0.0,2012-02-13,0.0,0.0,0.345500324755,0.0,0.345500324755,0.345500324755,0.345500324755
2012-02-14,,,,,0.0,0.0,0.0,1.0,0.0,1.0,1.0,,,,,1.0,,,,,0.0,1,0.0,1.0,-1.0,0.0,1.0,4.0,3.0,0.0,0.0,0.0,3.0,4.0,0.0,0.0,0.0,2012-02-14,0.0,-0.38716908103,0.0,0.0,-0.38716908103,-0.38716908103,-0.38716908103
2012-02-15,,,,,0.0,0.0,,,,,1.0,1.0,0.0,0.0,1.0,1.0,,,,,0.0,1,1.0,0.0,1.0,1.0,0.0,5.0,3.0,0.0,0.0,0.0,3.0,5.0,0.0,0.0,0.0,2012-02-15,0.0,0.0,0.31095029228,0.0,0.31095029228,0.31095029228,0.31095029228
2012-02-16,,,,,0.0,0.0,1.0,0.0,0.0,1.0,1.0,,,,,1.0,,,,,0.0,1,1.0,0.0,1.0,1.0,0.0,6.0,0.0,0.0,0.0,1.0,0.0,5.0,0.0,0.0,0.0,2012-02-16,0.0,0.651547827073,0.0,0.0,0.651547827073,0.651547827073,0.651547827073
2012-02-17,,,,,0.0,0.0,,,,,1.0,1.0,0.0,0.0,1.0,1.0,,,,,0.0,1,1.0,0.0,1.0,1.0,0.0,7.0,0.0,0.0,0.0,1.0,0.0,6.0,0.0,0.0,0.0,2012-02-17,0.0,0.0,0.279855263052,0.0,0.279855263052,0.279855263052,0.279855263052
2012-02-18,,,,,0.0,0.0,0.0,1.0,0.0,1.0,1.0,,,,,1.0,,,,,0.0,1,0.0,1.0,-1.0,0.0,1.0,6.0,1.0,0.0,0.0,0.0,1.0,6.0,0.0,0.0,0.0,2012-02-18,0.0,-0.413606955634,0.0,0.0,-0.413606955634,-0.413606955634,-0.413606955634
2012-02-19,,,,,0.0,0.0,0.0,1.0,0.0,1.0,1.0,0.0,1.0,0.0,1.0,1.0,,,,,0.0,2,0.0,2.0,-2.0,0.0,1.0,0.0,3.0,0.0,0.0,0.0,2.0,0.0,1.0,0.0,0.0,2012-02-19,0.0,-0.372246260071,-0.748130263253,0.0,-1.12037652332,-1.12037652332,-0.560188261662
2012-02-20,,,,,0.0,0.0,,,,,1.0,1.0,0.0,0.0,1.0,1.0,,,,,0.0,1,1.0,0.0,1.0,1.0,0.0,1.0,2.0,0.0,0.0,0.0,2.0,1.0,0.0,0.0,0.0,2012-02-20,0.0,0.0,0.326682763072,0.0,0.326682763072,0.326682763072,0.326682763072
2012-02-21,,,,,0.0,0.0,1.0,0.0,0.0,1.0,1.0,,,,,1.0,,,,,0.0,1,1.0,0.0,1.0,1.0,0.0,2.0,0.0,0.0,0.0,1.0,0.0,1.0,0.0,0.0,0.0,2012-02-21,0.0,0.664978365936,0.0,0.0,0.664978365936,0.664978365936,0.664978365936
2012-02-22,,,,,0.0,0.0,,,,,1.0,0.0,1.0,0.0,1.0,1.0,,,,,0.0,1,0.0,1.0,-1.0,0.0,1.0,1.0,1.0,0.0,0.0,1.0,0.0,0.0,1.0,0.0,0.0,2012-02-22,0.0,0.0,-0.705985513235,0.0,-0.705985513235,-0.705985513235,-0.705985513235
2012-02-23,,,,,0.0,0.0,1.0,0.0,0.0,1.0,1.0,,,,,1.0,,,,,0.0,1,1.0,0.0,1.0,1.0,0.0,2.0,1.0,0.0,0.0,2.0,0.0,0.0,1.0,0.0,0.0,2012-02-23,0.0,0.598480529343,0.0,0.0,0.598480529343,0.598480529343,0.598480529343
2012-02-24,,,,,0.0,0.0,1.0,0.0,0.0,1.0,1.0,,,,,1.0,,,,,0.0,1,1.0,0.0,1.0,1.0,0.0,3.0,1.0,0.0,0.0,3.0,0.0,0.0,1.0,0.0,0.0,2012-02-24,0.0,0.538632476408,0.0,0.0,0.538632476408,0.538632476408,0.538632476408
2012-02-25,,,,,0.0,0.0,,,,,1.0,,,,,1.0,,,,,0.0,0,0.0,0.0,0.0,,,3.0,1.0,0.0,0.0,3.0,0.0,0.0,1.0,0.0,0.0,2012-02-25,0.0,0.0,0.0,0.0,0.0,,
2012-02-26,,,,,0.0,0.0,1.0,0.0,0.0,1.0,1.0,,,,,1.0,,,,,0.0,1,1.0,0.0,1.0,1.0,0.0,4.0,1.0,0.0,0.0,4.0,0.0,0.0,1.0,0.0,0.0,2012-02-26,0.0,0.484769228768,0.0,0.0,0.484769228768,0.484769228768,0.484769228768
2012-02-27,,,,,0.0,0.0,,,,,1.0,,,,,1.0,,,,,0.0,0,0.0,0.0,0.0,,,4.0,1.0,0.0,0.0,4.0,0.0,0.0,1.0,0.0,0.0,2012-02-27,0.0,0.0,0.0,0.0,0.0,,
2012-02-28,,,,,0.0,0.0,,,,,1.0,0.0,1.0,0.0,1.0,1.0,,,,,0.0,1,0.0,1.0,-1.0,0.0,1.0,4.0,2.0,0.0,0.0,4.0,0.0,0.0,2.0,0.0,0.0,2012-02-28,0.0,0.0,-0.635386961912,0.0,-0.635386961912,-0.635386961912,-0.635386961912
2012-02-29,,,,,0.0,0.0,0.0,1.0,0.0,1.0,1.0,0.0,1.0,0.0,1.0,1.0,,,,,0.0,2,0.0,2.0,-2.0,0.0,1.0,0.0,4.0,0.0,0.0,0.0,1.0,0.0,3.0,0.0,0.0,2012-02-29,0.0,-0.563707694109,-0.571848265721,0.0,-1.13555595983,-1.13555595983,-0.567777979915
2012-03-01,,,,,0.0,0.0,,,,,1.0,,,,,1.0,,,,,0.0,0,0.0,0.0,0.0,,,0.0,4.0,0.0,0.0,0.0,1.0,0.0,3.0,0.0,0.0,2012-03-01,0.0,0.0,0.0,0.0,0.0,,
2012-03-02,,,,,0.0,0.0,1.0,0.0,0.0,1.0,1.0,0.0,1.0,0.0,1.0,1.0,,,,,0.0,2,1.0,1.0,0.0,0.5,0.5,1.0,4.0,0.0,0.0,1.0,0.0,0.0,4.0,0.0,0.0,2012-03-02,0.0,0.492663075302,-0.514663439148,0.0,-0.0220003638467,-0.0220003638467,-0.0110001819233
2012-03-03,,,,,0.0,0.0,,,,,1.0,1.0,0.0,0.0,1.0,1.0,,,,,0.0,1,1.0,0.0,1.0,1.0,0.0,2.0,0.0,0.0,0.0,1.0,0.0,1.0,0.0,0.0,0.0,2012-03-03,0.0,0.0,0.536802904766,0.0,0.536802904766,0.536802904766,0.536802904766
2012-03-04,,,,,0.0,0.0,1.0,0.0,0.0,1.0,1.0,,,,,1.0,,,,,0.0,1,1.0,0.0,1.0,1.0,0.0,3.0,0.0,0.0,0.0,2.0,0.0,1.0,0.0,0.0,0.0,2012-03-04,0.0,0.443396767772,0.0,0.0,0.443396767772,0.443396767772,0.443396767772
2012-03-05,,,,,0.0,0.0,,,,,1.0,0.0,1.0,0.0,1.0,1.0,,,,,0.0,1,0.0,1.0,-1.0,0.0,1.0,2.0,1.0,0.0,0.0,2.0,0.0,0.0,1.0,0.0,0.0,2012-03-05,0.0,0.0,-0.51687738571,0.0,-0.51687738571,-0.51687738571,-0.51687738571
2012-03-06,,,,,0.0,0.0,1.0,0.0,0.0,1.0,1.0,1.0,0.0,0.0,1.0,1.0,,,,,0.0,2,2.0,0.0,2.0,1.0,0.0,4.0,0.0,0.0,0.0,3.0,0.0,1.0,0.0,0.0,0.0,2012-03-06,0.0,0.399057090994,0.534810352861,0.0,0.933867443855,0.933867443855,0.466933721928
2012-03-07,,,,,0.0,0.0,,,,,1.0,,,,,1.0,,,,,0.0,0,0.0,0.0,0.0,,,4.0,0.0,0.0,0.0,3.0,0.0,1.0,0.0,0.0,0.0,2012-03-07,0.0,0.0,0.0,0.0,0.0,,
2012-03-08,,,,,0.0,0.0,1.0,0.0,0.0,1.0,1.0,0.0,1.0,0.0,1.0,1.0,,,,,0.0,2,1.0,1.0,0.0,0.5,0.5,4.0,1.0,0.0,0.0,4.0,0.0,0.0,1.0,0.0,0.0,2012-03-08,0.0,0.359151381895,-0.518670682425,0.0,-0.15951930053,-0.15951930053,-0.0797596502652
2012-03-09,,,,,0.0,0.0,,,,,1.0,0.0,1.0,0.0,1.0,1.0,,,,,0.0,1,0.0,1.0,-1.0,0.0,1.0,4.0,2.0,0.0,0.0,4.0,0.0,0.0,2.0,0.0,0.0,2012-03-09,0.0,0.0,-0.466803614183,0.0,-0.466803614183,-0.466803614183,-0.466803614183
2012-03-10,,,,,0.0,0.0,1.0,0.0,0.0,1.0,1.0,0.0,1.0,0.0,1.0,1.0,,,,,0.0,2,1.0,1.0,0.0,0.5,0.5,5.0,3.0,0.0,0.0,5.0,0.0,0.0,3.0,0.0,0.0,2012-03-10,0.0,0.323236243705,-0.420123252764,0.0,-0.096887009059,-0.096887009059,-0.0484435045295
2012-03-11,,,,,0.0,0.0,,,,,1.0,,,,,1.0,,,,,0.0,0,0.0,0.0,0.0,,,5.0,3.0,0.0,0.0,5.0,0.0,0.0,3.0,0.0,0.0,2012-03-11,0.0,0.0,0.0,0.0,0.0,,
2012-03-12,,,,,0.0,0.0,,,,,1.0,,,,,1.0,,,,,0.0,0,0.0,0.0,0.0,,,5.0,3.0,0.0,0.0,5.0,0.0,0.0,3.0,0.0,0.0,2012-03-12,0.0,0.0,0.0,0.0,0.0,,
2012-03-13,,,,,0.0,0.0,1.0,0.0,0.0,1.0,1.0,1.0,0.0,0.0,1.0,1.0,,,,,0.0,2,2.0,0.0,2.0,1.0,0.0,7.0,0.0,0.0,0.0,6.0,0.0,1.0,0.0,0.0,0.0,2012-03-13,0.0,0.290912619335,0.621889072512,0.0,0.912801691847,0.912801691847,0.456400845923
2012-03-14,,,,,0.0,0.0,0.0,1.0,0.0,1.0,1.0,,,,,1.0,,,,,0.0,1,0.0,1.0,-1.0,0.0,1.0,1.0,1.0,0.0,0.0,0.0,1.0,1.0,0.0,0.0,0.0,2012-03-14,0.0,-0.738178642599,0.0,0.0,-0.738178642599,-0.738178642599,-0.738178642599
2012-03-15,,,,,0.0,0.0,,,,,1.0,1.0,0.0,0.0,1.0,1.0,,,,,0.0,1,1.0,0.0,1.0,1.0,0.0,2.0,1.0,0.0,0.0,0.0,1.0,2.0,0.0,0.0,0.0,2012-03-15,0.0,0.0,0.559700165261,0.0,0.559700165261,0.559700165261,0.559700165261
2012-03-16,,,,,0.0,0.0,0.0,1.0,0.0,1.0,1.0,,,,,1.0,,,,,0.0,1,0.0,1.0,-1.0,0.0,1.0,2.0,2.0,0.0,0.0,0.0,2.0,2.0,0.0,0.0,0.0,2012-03-16,0.0,-0.664360778339,0.0,0.0,-0.664360778339,-0.664360778339,-0.664360778339
2012-03-17,,,,,0.0,0.0,,,,,1.0,1.0,0.0,0.0,1.0,1.0,,,,,0.0,1,1.0,0.0,1.0,1.0,0.0,3.0,2.0,0.0,0.0,0.0,2.0,3.0,0.0,0.0,0.0,2012-03-17,0.0,0.0,0.503730148735,0.0,0.503730148735,0.503730148735,0.503730148735
2012-03-18,,,,,0.0,0.0,,,,,1.0,,,,,1.0,,,,,0.0,0,0.0,0.0,0.0,,,3.0,2.0,0.0,0.0,0.0,2.0,3.0,0.0,0.0,0.0,2012-03-18,0.0,0.0,0.0,0.0,0.0,,
2012-03-19,,,,,0.0,0.0,,,,,1.0,1.0,0.0,0.0,1.0,1.0,,,,,0.0,1,1.0,0.0,1.0,1.0,0.0,4.0,2.0,0.0,0.0,0.0,2.0,4.0,0.0,0.0,0.0,2012-03-19,0.0,0.0,0.453357133861,0.0,0.453357133861,0.453357133861,0.453357133861
2012-03-20,,,,,0.0,0.0,1.0,0.0,0.0,1.0,1.0,,,,,1.0,,,,,0.0,1,1.0,0.0,1.0,1.0,0.0,5.0,0.0,0.0,0.0,1.0,0.0,4.0,0.0,0.0,0.0,2012-03-20,0.0,0.402075299495,0.0,0.0,0.402075299495,0.402075299495,0.402075299495
2012-03-21,,,,,0.0,0.0,,,,,1.0,0.0,1.0,0.0,1.0,1.0,,,,,0.0,1,0.0,1.0,-1.0,0.0,1.0,1.0,1.0,0.0,0.0,1.0,0.0,0.0,1.0,0.0,0.0,2012-03-21,0.0,0.0,-0.591978579525,0.0,-0.591978579525,-0.591978579525,-0.591978579525
2012-03-22,,,,,0.0,0.0,0.0,1.0,0.0,1.0,1.0,,,,,1.0,,,,,0.0,1,0.0,1.0,-1.0,0.0,1.0,0.0,2.0,0.0,0.0,0.0,1.0,0.0,1.0,0.0,0.0,2012-03-22,0.0,-0.638132230454,0.0,0.0,-0.638132230454,-0.638132230454,-0.638132230454
2012-03-23,,,,,0.0,0.0,,,,,1.0,0.0,1.0,0.0,1.0,1.0,,,,,0.0,1,0.0,1.0,-1.0,0.0,1.0,0.0,3.0,0.0,0.0,0.0,1.0,0.0,2.0,0.0,0.0,2012-03-23,0.0,0.0,-0.532780721572,0.0,-0.532780721572,-0.532780721572,-0.532780721572
2012-03-24,,,,,0.0,0.0,1.0,0.0,0.0,1.0,1.0,1.0,0.0,0.0,1.0,1.0,,,,,0.0,2,2.0,0.0,2.0,1.0,0.0,2.0,0.0,0.0,0.0,1.0,0.0,1.0,0.0,0.0,0.0,2012-03-24,0.0,0.425680992591,0.520497350585,0.0,0.946178343176,0.946178343176,0.473089171588
2012-03-25,,,,,0.0,0.0,,,,,1.0,,,,,1.0,,,,,0.0,0,0.0,0.0,0.0,,,2.0,0.0,0.0,0.0,1.0,0.0,1.0,0.0,0.0,0.0,2012-03-25,0.0,0.0,0.0,0.0,0.0,,
2012-03-26,,,,,0.0,0.0,0.0,1.0,0.0,1.0,1.0,,,,,1.0,,,,,0.0,1,0.0,1.0,-1.0,0.0,1.0,1.0,1.0,0.0,0.0,0.0,1.0,1.0,0.0,0.0,0.0,2012-03-26,0.0,-0.616887106668,0.0,0.0,-0.616887106668,-0.616887106668,-0.616887106668
2012-03-27,,,,,0.0,0.0,,,,,1.0,1.0,0.0,0.0,1.0,1.0,,,,,0.0,1,1.0,0.0,1.0,1.0,0.0,2.0,1.0,0.0,0.0,0.0,1.0,2.0,0.0,0.0,0.0,2012-03-27,0.0,0.0,0.468447615526,0.0,0.468447615526,0.468447615526,0.468447615526
2012-03-28,,,,,0.0,0.0,1.0,0.0,0.0,1.0,1.0,,,,,1.0,,,,,0.0,1,1.0,0.0,1.0,1.0,0.0,3.0,0.0,0.0,0.0,1.0,0.0,2.0,0.0,0.0,0.0,2012-03-28,0.0,0.444801603999,0.0,0.0,0.444801603999,0.444801603999,0.444801603999
2012-03-29,,,,,0.0,0.0,,,,,1.0,0.0,1.0,0.0,1.0,1.0,,,,,0.0,1,0.0,1.0,-1.0,0.0,1.0,1.0,1.0,0.0,0.0,1.0,0.0,0.0,1.0,0.0,0.0,2012-03-29,0.0,0.0,-0.578397146026,0.0,-0.578397146026,-0.578397146026,-0.578397146026
2012-03-30,,,,,0.0,0.0,0.0,1.0,0.0,1.0,1.0,1.0,0.0,0.0,1.0,1.0,,,,,0.0,2,1.0,1.0,0.0,0.5,0.5,1.0,1.0,0.0,0.0,0.0,1.0,1.0,0.0,0.0,0.0,2012-03-30,0.0,-0.599678556401,0.479442568576,0.0,-0.120235987825,-0.120235987825,-0.0601179939124
2012-03-31,,,,,0.0,0.0,0.0,1.0,0.0,1.0,1.0,,,,,1.0,,,,,0.0,1,0.0,1.0,-1.0,0.0,1.0,1.0,2.0,0.0,0.0,0.0,2.0,1.0,0.0,0.0,0.0,2012-03-31,0.0,-0.539710700761,0.0,0.0,-0.539710700761,-0.539710700761,-0.539710700761
2012-04-01,,,,,0.0,0.0,,,,,1.0,,,,,1.0,,,,,0.0,0,0.0,0.0,0.0,,,1.0,2.0,0.0,0.0,0.0,2.0,1.0,0.0,0.0,0.0,2012-04-01,0.0,0.0,0.0,0.0,0.0,,
2012-04-02,,,,,0.0,0.0,,,,,1.0,0.0,1.0,0.0,1.0,1.0,,,,,0.0,1,0.0,1.0,-1.0,0.0,1.0,0.0,3.0,0.0,0.0,0.0,2.0,0.0,1.0,0.0,0.0,2012-04-02,0.0,0.0,-0.568501688281,0.0,-0.568501688281,-0.568501688281,-0.568501688281
2012-04-03,,,,,0.0,0.0,0.0,1.0,0.0,1.0,1.0,,,,,1.0,,,,,0.0,1,0.0,1.0,-1.0,0.0,1.0,0.0,4.0,0.0,0.0,0.0,3.0,0.0,1.0,0.0,0.0,2012-04-03,0.0,-0.485739630685,0.0,0.0,-0.485739630685,-0.485739630685,-0.485739630685
2012-04-04,,,,,0.0,0.0,,,,,1.0,1.0,0.0,0.0,1.0,1.0,,,,,0.0,1,1.0,0.0,1.0,1.0,0.0,1.0,3.0,0.0,0.0,0.0,3.0,1.0,0.0,0.0,0.0,2012-04-04,0.0,0.0,0.488348480547,0.0,0.488348480547,0.488348480547,0.488348480547
2012-04-05,,,,,0.0,0.0,0.0,1.0,0.0,1.0,1.0,,,,,1.0,,,,,0.0,1,0.0,1.0,-1.0,0.0,1.0,1.0,4.0,0.0,0.0,0.0,4.0,1.0,0.0,0.0,0.0,2012-04-05,0.0,-0.437165667616,0.0,0.0,-0.437165667616,-0.437165667616,-0.437165667616
2012-04-06,1.0,0.0,0.0,1.0,1.0,0.0,,,,,1.0,0.0,1.0,0.0,1.0,1.0,,,,,0.0,2,1.0,1.0,0.0,0.5,0.5,1.0,5.0,1.0,0.0,0.0,4.0,0.0,1.0,0.0,0.0,2012-04-06,0.5,0.0,-0.560486367508,0.0,-0.0604863675078,-0.0604863675078,-0.0302431837539
2012-04-07,0.0,1.0,0.0,1.0,1.0,0.0,0.0,1.0,0.0,1.0,1.0,0.0,1.0,0.0,1.0,1.0,,,,,0.0,3,0.0,3.0,-3.0,0.0,1.0,0.0,8.0,0.0,1.0,0.0,5.0,0.0,2.0,0.0,0.0,2012-04-07,-0.55,-0.393449100855,-0.504437730757,0.0,-1.44788683161,-1.44788683161,-0.482628943871
2012-04-08,1.0,0.0,0.0,1.0,1.0,0.0,,,,,0.0,,,,,1.0,,,,,0.0,1,1.0,0.0,1.0,1.0,0.0,1.0,2.0,1.0,0.0,0.0,0.0,0.0,2.0,0.0,0.0,2012-04-08,0.505,0.0,0.0,0.0,0.505,0.505,0.505
2012-04-09,1.0,0.0,0.0,1.0,1.0,0.0,,,,,0.0,,,,,1.0,,,,,0.0,1,1.0,0.0,1.0,1.0,0.0,2.0,2.0,2.0,0.0,0.0,0.0,0.0,2.0,0.0,0.0,2012-04-09,0.4545,0.0,0.0,0.0,0.4545,0.4545,0.4545
2012-04-10,1.0,0.0,0.0,1.0,1.0,0.0,,,,,0.0,1.0,0.0,0.0,1.0,1.0,,,,,0.0,2,2.0,0.0,2.0,1.0,0.0,4.0,0.0,3.0,0.0,0.0,0.0,1.0,0.0,0.0,0.0,2012-04-10,0.40905,0.0,0.546006042319,0.0,0.955056042319,0.955056042319,0.477528021159
2012-04-11,0.0,1.0,0.0,1.0,1.0,0.0,,,,,0.0,,,,,1.0,,,,,0.0,1,0.0,1.0,-1.0,0.0,1.0,1.0,1.0,0.0,1.0,0.0,0.0,1.0,0.0,0.0,0.0,2012-04-11,-0.631855,0.0,0.0,0.0,-0.631855,-0.631855,-0.631855
2012-04-12,1.0,0.0,0.0,1.0,1.0,0.0,,,,,0.0,1.0,0.0,0.0,1.0,1.0,,,,,0.0,2,2.0,0.0,2.0,1.0,0.0,3.0,0.0,1.0,0.0,0.0,0.0,2.0,0.0,0.0,0.0,2012-04-12,0.4313305,0.0,0.491405438087,0.0,0.922735938087,0.922735938087,0.461367969043
2012-04-13,1.0,0.0,0.0,1.0,1.0,0.0,,,,,0.0,1.0,0.0,0.0,1.0,1.0,,,,,0.0,2,2.0,0.0,2.0,1.0,0.0,5.0,0.0,2.0,0.0,0.0,0.0,3.0,0.0,0.0,0.0,2012-04-13,0.38819745,0.0,0.442264894278,0.0,0.830462344278,0.830462344278,0.415231172139
2012-04-14,1.0,0.0,0.0,1.0,1.0,0.0,,,,,0.0,,,,,1.0,,,,,0.0,1,1.0,0.0,1.0,1.0,0.0,6.0,0.0,3.0,0.0,0.0,0.0,3.0,0.0,0.0,0.0,2012-04-14,0.349377705,0.0,0.0,0.0,0.349377705,0.349377705,0.349377705
2012-04-15,1.0,0.0,0.0,1.0,1.0,0.0,,,,,0.0,0.0,1.0,0.0,1.0,1.0,,,,,0.0,2,1.0,1.0,0.0,0.5,0.5,4.0,1.0,4.0,0.0,0.0,0.0,0.0,1.0,0.0,0.0,2012-04-15,0.3144399345,0.0,-0.60196159515,0.0,-0.28752166065,-0.28752166065,-0.143760830325
2012-04-16,,,,,1.0,0.0,,,,,0.0,0.0,1.0,0.0,1.0,1.0,,,,,0.0,1,0.0,1.0,-1.0,0.0,1.0,4.0,2.0,4.0,0.0,0.0,0.0,0.0,2.0,0.0,0.0,2012-04-16,0.0,0.0,-0.541765435635,0.0,-0.541765435635,-0.541765435635,-0.541765435635
2012-04-17,1.0,0.0,0.0,1.0,1.0,0.0,,,,,0.0,,,,,1.0,,,,,0.0,1,1.0,0.0,1.0,1.0,0.0,5.0,2.0,5.0,0.0,0.0,0.0,0.0,2.0,0.0,0.0,2012-04-17,0.28299594105,0.0,0.0,0.0,0.28299594105,0.28299594105,0.28299594105
2012-04-18,1.0,0.0,0.0,1.0,1.0,0.0,,,,,0.0,1.0,0.0,0.0,1.0,1.0,,,,,0.0,2,2.0,0.0,2.0,1.0,0.0,7.0,0.0,6.0,0.0,0.0,0.0,1.0,0.0,0.0,0.0,2012-04-18,0.254696346945,0.0,0.512411107929,0.0,0.767107454874,0.767107454874,0.383553727437
2012-04-19,1.0,0.0,0.0,1.0,1.0,0.0,,,,,0.0,,,,,1.0,,,,,0.0,1,1.0,0.0,1.0,1.0,0.0,8.0,0.0,7.0,0.0,0.0,0.0,1.0,0.0,0.0,0.0,2012-04-19,0.22922671225,0.0,0.0,0.0,0.22922671225,0.22922671225,0.22922671225
2012-04-20,,,,,1.0,0.0,,,,,0.0,1.0,0.0,0.0,1.0,1.0,,,,,0.0,1,1.0,0.0,1.0,1.0,0.0,9.0,0.0,7.0,0.0,0.0,0.0,2.0,0.0,0.0,0.0,2012-04-20,0.0,0.0,0.461169997136,0.0,0.461169997136,0.461169997136,0.461169997136
2012-04-21,1.0,1.0,0.0,2.0,1.0,0.0,,,,,0.0,0.0,1.0,0.0,1.0,1.0,,,,,0.0,2,1.0,2.0,-1.0,0.333333333333,0.666666666667,8.0,2.0,8.0,1.0,0.0,0.0,0.0,1.0,0.0,0.0,2012-04-21,-0.293695958975,0.0,-0.584947002578,0.0,-0.878642961552,-0.878642961552,-0.439321480776
2012-04-22,1.0,0.0,0.0,1.0,1.0,0.0,,,,,0.0,,,,,1.0,,,,,0.0,1,1.0,0.0,1.0,1.0,0.0,9.0,1.0,9.0,0.0,0.0,0.0,0.0,1.0,0.0,0.0,2012-04-22,0.235673636923,0.0,0.0,0.0,0.235673636923,0.235673636923,0.235673636923
2012-04-23,0.0,1.0,0.0,1.0,1.0,0.0,,,,,0.0,,,,,1.0,,,,,0.0,1,0.0,1.0,-1.0,0.0,1.0,0.0,2.0,0.0,1.0,0.0,0.0,0.0,1.0,0.0,0.0,2012-04-23,-0.787893726769,0.0,0.0,0.0,-0.787893726769,-0.787893726769,-0.787893726769
2012-04-24,1.0,0.0,0.0,1.0,1.0,0.0,,,,,0.0,,,,,1.0,,,,,0.0,1,1.0,0.0,1.0,1.0,0.0,1.0,1.0,1.0,0.0,0.0,0.0,0.0,1.0,0.0,0.0,2012-04-24,0.290895645908,0.0,0.0,0.0,0.290895645908,0.290895645908,0.290895645908
2012-04-25,1.0,0.0,0.0,1.0,1.0,0.0,,,,,0.0,,,,,1.0,,,,,0.0,1,1.0,0.0,1.0,1.0,0.0,2.0,1.0,2.0,0.0,0.0,0.0,0.0,1.0,0.0,0.0,2012-04-25,0.261806081317,0.0,0.0,0.0,0.261806081317,0.261806081317,0.261806081317
2012-04-26,,,,,1.0,0.0,,,,,0.0,0.0,1.0,0.0,1.0,1.0,,,,,0.0,1,0.0,1.0,-1.0,0.0,1.0,2.0,2.0,2.0,0.0,0.0,0.0,0.0,2.0,0.0,0.0,2012-04-26,0.0,0.0,-0.52645230232,0.0,-0.52645230232,-0.52645230232,-0.52645230232
2012-04-27,0.0,1.0,0.0,1.0,1.0,0.0,,,,,0.0,,,,,0.0,,,,,0.0,1,0.0,1.0,-1.0,0.0,1.0,0.0,1.0,0.0,1.0,0.0,0.0,0.0,0.0,0.0,0.0,2012-04-27,-0.764374526815,0.0,0.0,0.0,-0.764374526815,-0.764374526815,-0.764374526815
2012-04-28,1.0,0.0,0.0,1.0,1.0,0.0,,,,,0.0,,,,,0.0,,,,,0.0,1,1.0,0.0,1.0,1.0,0.0,1.0,0.0,1.0,0.0,0.0,0.0,0.0,0.0,0.0,0.0,2012-04-28,0.312062925867,0.0,0.0,0.0,0.312062925867,0.312062925867,0.312062925867
2012-04-29,0.0,1.0,0.0,1.0,1.0,0.0,,,,,0.0,,,,,0.0,,,,,0.0,1,0.0,1.0,-1.0,0.0,1.0,0.0,1.0,0.0,1.0,0.0,0.0,0.0,0.0,0.0,0.0,2012-04-29,-0.71914336672,0.0,0.0,0.0,-0.71914336672,-0.71914336672,-0.71914336672
2012-04-30,1.0,0.0,0.0,1.0,1.0,0.0,,,,,0.0,,,,,0.0,,,,,0.0,1,1.0,0.0,1.0,1.0,0.0,1.0,0.0,1.0,0.0,0.0,0.0,0.0,0.0,0.0,0.0,2012-04-30,0.352770969952,0.0,0.0,0.0,0.352770969952,0.352770969952,0.352770969952
2012-05-01,0.0,1.0,0.0,1.0,1.0,0.0,,,,,0.0,,,,,0.0,,,,,0.0,1,0.0,1.0,-1.0,0.0,1.0,0.0,1.0,0.0,1.0,0.0,0.0,0.0,0.0,0.0,0.0,2012-05-01,-0.682506127043,0.0,0.0,0.0,-0.682506127043,-0.682506127043,-0.682506127043
2012-05-02,0.0,1.0,0.0,1.0,1.0,0.0,,,,,0.0,,,,,0.0,,,,,0.0,1,0.0,1.0,-1.0,0.0,1.0,0.0,2.0,0.0,2.0,0.0,0.0,0.0,0.0,0.0,0.0,2012-05-02,-0.614255514339,0.0,0.0,0.0,-0.614255514339,-0.614255514339,-0.614255514339
2012-05-03,,,,,1.0,0.0,,,,,0.0,,,,,0.0,,,,,0.0,0,0.0,0.0,0.0,,,0.0,2.0,0.0,2.0,0.0,0.0,0.0,0.0,0.0,0.0,2012-05-03,0.0,0.0,0.0,0.0,0.0,,
2012-05-04,0.0,1.0,0.0,1.0,1.0,0.0,,,,,0.0,,,,,0.0,,,,,0.0,1,0.0,1.0,-1.0,0.0,1.0,0.0,3.0,0.0,3.0,0.0,0.0,0.0,0.0,0.0,0.0,2012-05-04,-0.552829962905,0.0,0.0,0.0,-0.552829962905,-0.552829962905,-0.552829962905
2012-05-05,1.0,0.0,0.0,1.0,1.0,0.0,,,,,0.0,,,,,0.0,,,,,0.0,1,1.0,0.0,1.0,1.0,0.0,1.0,0.0,1.0,0.0,0.0,0.0,0.0,0.0,0.0,0.0,2012-05-05,0.502453033385,0.0,0.0,0.0,0.502453033385,0.502453033385,0.502453033385
2012-05-06,0.0,1.0,0.0,1.0,1.0,0.0,,,,,0.0,,,,,0.0,,,,,0.0,1,0.0,1.0,-1.0,0.0,1.0,0.0,1.0,0.0,1.0,0.0,0.0,0.0,0.0,0.0,0.0,2012-05-06,-0.547792269953,0.0,0.0,0.0,-0.547792269953,-0.547792269953,-0.547792269953
2012-05-07,1.0,0.0,0.0,1.0,1.0,0.0,,,,,0.0,,,,,0.0,,,,,0.0,1,1.0,0.0,1.0,1.0,0.0,1.0,0.0,1.0,0.0,0.0,0.0,0.0,0.0,0.0,0.0,2012-05-07,0.506986957042,0.0,0.0,0.0,0.506986957042,0.506986957042,0.506986957042
2012-05-08,1.0,0.0,0.0,1.0,1.0,0.0,,,,,0.0,,,,,0.0,,,,,0.0,1,1.0,0.0,1.0,1.0,0.0,2.0,0.0,2.0,0.0,0.0,0.0,0.0,0.0,0.0,0.0,2012-05-08,0.456288261338,0.0,0.0,0.0,0.456288261338,0.456288261338,0.456288261338
2012-05-09,,,,,1.0,0.0,,,,,0.0,,,,,0.0,,,,,0.0,0,0.0,0.0,0.0,,,2.0,0.0,2.0,0.0,0.0,0.0,0.0,0.0,0.0,0.0,2012-05-09,0.0,0.0,0.0,0.0,0.0,,
2012-05-10,1.0,1.0,0.0,2.0,1.0,0.0,,,,,0.0,,,,,0.0,,,,,0.0,1,1.0,1.0,0.0,0.5,0.5,3.0,1.0,3.0,1.0,0.0,0.0,0.0,0.0,0.0,0.0,2012-05-10,-0.0893405647958,0.0,0.0,0.0,-0.0893405647958,-0.0893405647958,-0.0893405647958
2012-05-11,1.0,0.0,0.0,1.0,1.0,0.0,,,,,0.0,,,,,0.0,,,,,0.0,1,1.0,0.0,1.0,1.0,0.0,4.0,0.0,4.0,0.0,0.0,0.0,0.0,0.0,0.0,0.0,2012-05-11,0.419593491684,0.0,0.0,0.0,0.419593491684,0.419593491684,0.419593491684
2012-05-12,0.0,1.0,0.0,1.0,1.0,0.0,,,,,0.0,,,,,0.0,,,,,0.0,1,0.0,1.0,-1.0,0.0,1.0,0.0,1.0,0.0,1.0,0.0,0.0,0.0,0.0,0.0,0.0,2012-05-12,-0.622365857485,0.0,0.0,0.0,-0.622365857485,-0.622365857485,-0.622365857485
2012-05-13,1.0,0.0,0.0,1.0,1.0,0.0,,,,,0.0,,,,,0.0,,,,,0.0,1,1.0,0.0,1.0,1.0,0.0,1.0,0.0,1.0,0.0,0.0,0.0,0.0,0.0,0.0,0.0,2012-05-13,0.439870728264,0.0,0.0,0.0,0.439870728264,0.439870728264,0.439870728264
2012-05-14,0.0,1.0,0.0,1.0,1.0,0.0,,,,,0.0,,,,,0.0,,,,,0.0,1,0.0,1.0,-1.0,0.0,1.0,0.0,1.0,0.0,1.0,0.0,0.0,0.0,0.0,0.0,0.0,2012-05-14,-0.604116344563,0.0,0.0,0.0,-0.604116344563,-0.604116344563,-0.604116344563
2012-05-15,0.0,1.0,0.0,1.0,1.0,0.0,,,,,0.0,,,,,0.0,,,,,0.0,1,0.0,1.0,-1.0,0.0,1.0,0.0,2.0,0.0,2.0,0.0,0.0,0.0,0.0,0.0,0.0,2012-05-15,-0.543704710106,0.0,0.0,0.0,-0.543704710106,-0.543704710106,-0.543704710106
2012-05-16,1.0,0.0,0.0,1.0,1.0,0.0,,,,,0.0,,,,,0.0,,,,,0.0,1,1.0,0.0,1.0,1.0,0.0,1.0,0.0,1.0,0.0,0.0,0.0,0.0,0.0,0.0,0.0,2012-05-16,0.510665760904,0.0,0.0,0.0,0.510665760904,0.510665760904,0.510665760904
2012-05-17,0.0,1.0,0.0,1.0,1.0,0.0,,,,,0.0,,,,,0.0,,,,,0.0,1,0.0,1.0,-1.0,0.0,1.0,0.0,1.0,0.0,1.0,0.0,0.0,0.0,0.0,0.0,0.0,2012-05-17,-0.540400815186,0.0,0.0,0.0,-0.540400815186,-0.540400815186,-0.540400815186
2012-05-18,1.0,0.0,0.0,1.0,1.0,0.0,,,,,0.0,,,,,0.0,,,,,0.0,1,1.0,0.0,1.0,1.0,0.0,1.0,0.0,1.0,0.0,0.0,0.0,0.0,0.0,0.0,0.0,2012-05-18,0.513639266333,0.0,0.0,0.0,0.513639266333,0.513639266333,0.513639266333
2012-05-19,0.0,1.0,0.0,1.0,1.0,0.0,,,,,0.0,,,,,0.0,,,,,0.0,1,0.0,1.0,-1.0,0.0,1.0,0.0,1.0,0.0,1.0,0.0,0.0,0.0,0.0,0.0,0.0,2012-05-19,-0.537724660301,0.0,0.0,0.0,-0.537724660301,-0.537724660301,-0.537724660301
2012-05-20,1.0,0.0,0.0,1.0,1.0,0.0,,,,,0.0,,,,,0.0,,,,,0.0,1,1.0,0.0,1.0,1.0,0.0,1.0,0.0,1.0,0.0,0.0,0.0,0.0,0.0,0.0,0.0,2012-05-20,0.516047805729,0.0,0.0,0.0,0.516047805729,0.516047805729,0.516047805729
2012-05-21,0.0,1.0,0.0,1.0,1.0,0.0,,,,,0.0,,,,,0.0,,,,,0.0,1,0.0,1.0,-1.0,0.0,1.0,0.0,1.0,0.0,1.0,0.0,0.0,0.0,0.0,0.0,0.0,2012-05-21,-0.535556974844,0.0,0.0,0.0,-0.535556974844,-0.535556974844,-0.535556974844
2012-05-22,1.0,0.0,0.0,1.0,1.0,0.0,,,,,0.0,,,,,0.0,,,,,0.0,1,1.0,0.0,1.0,1.0,0.0,1.0,0.0,1.0,0.0,0.0,0.0,0.0,0.0,0.0,0.0,2012-05-22,0.517998722641,0.0,0.0,0.0,0.517998722641,0.517998722641,0.517998722641
2012-05-23,0.0,1.0,0.0,1.0,1.0,0.0,,,,,0.0,,,,,0.0,,,,,0.0,1,0.0,1.0,-1.0,0.0,1.0,0.0,1.0,0.0,1.0,0.0,0.0,0.0,0.0,0.0,0.0,2012-05-23,-0.533801149623,0.0,0.0,0.0,-0.533801149623,-0.533801149623,-0.533801149623
2012-05-24,,,,,1.0,0.0,,,,,0.0,,,,,0.0,,,,,0.0,0,0.0,0.0,0.0,,,0.0,1.0,0.0,1.0,0.0,0.0,0.0,0.0,0.0,0.0,2012-05-24,0.0,0.0,0.0,0.0,0.0,,
2012-05-25,1.0,0.0,0.0,1.0,1.0,0.0,,,,,0.0,,,,,0.0,,,,,0.0,1,1.0,0.0,1.0,1.0,0.0,1.0,0.0,1.0,0.0,0.0,0.0,0.0,0.0,0.0,0.0,2012-05-25,0.519578965339,0.0,0.0,0.0,0.519578965339,0.519578965339,0.519578965339
2012-05-26,1.0,0.0,0.0,1.0,1.0,0.0,,,,,0.0,,,,,0.0,,,,,0.0,1,1.0,0.0,1.0,1.0,0.0,2.0,0.0,2.0,0.0,0.0,0.0,0.0,0.0,0.0,0.0,2012-05-26,0.467621068805,0.0,0.0,0.0,0.467621068805,0.467621068805,0.467621068805
2012-05-27,1.0,0.0,0.0,1.0,1.0,0.0,,,,,0.0,,,,,0.0,,,,,0.0,1,1.0,0.0,1.0,1.0,0.0,3.0,0.0,3.0,0.0,0.0,0.0,0.0,0.0,0.0,0.0,2012-05-27,0.420858961925,0.0,0.0,0.0,0.420858961925,0.420858961925,0.420858961925
2012-05-28,1.0,0.0,0.0,1.0,1.0,0.0,,,,,0.0,,,,,0.0,,,,,0.0,1,1.0,0.0,1.0,1.0,0.0,4.0,0.0,4.0,0.0,0.0,0.0,0.0,0.0,0.0,0.0,2012-05-28,0.378773065732,0.0,0.0,0.0,0.378773065732,0.378773065732,0.378773065732
2012-05-29,0.0,1.0,0.0,1.0,1.0,0.0,,,,,0.0,,,,,0.0,,,,,0.0,1,0.0,1.0,-1.0,0.0,1.0,0.0,1.0,0.0,1.0,0.0,0.0,0.0,0.0,0.0,0.0,2012-05-29,-0.659104240841,0.0,0.0,0.0,-0.659104240841,-0.659104240841,-0.659104240841
2012-05-30,0.0,1.0,0.0,1.0,1.0,0.0,,,,,0.0,,,,,0.0,,,,,0.0,1,0.0,1.0,-1.0,0.0,1.0,0.0,2.0,0.0,2.0,0.0,0.0,0.0,0.0,0.0,0.0,2012-05-30,-0.593193816757,0.0,0.0,0.0,-0.593193816757,-0.593193816757,-0.593193816757
2012-05-31,,,,,1.0,0.0,,,,,0.0,,,,,0.0,,,,,0.0,0,0.0,0.0,0.0,,,0.0,2.0,0.0,2.0,0.0,0.0,0.0,0.0,0.0,0.0,2012-05-31,0.0,0.0,0.0,0.0,0.0,,
2012-06-01,0.0,1.0,0.0,1.0,1.0,0.0,,,,,0.0,,,,,0.0,,,,,0.0,1,0.0,1.0,-1.0,0.0,1.0,0.0,3.0,0.0,3.0,0.0,0.0,0.0,0.0,0.0,0.0,2012-06-01,-0.533874435081,0.0,0.0,0.0,-0.533874435081,-0.533874435081,-0.533874435081
2012-06-02,0.0,1.0,0.0,1.0,1.0,0.0,,,,,0.0,,,,,0.0,,,,,0.0,1,0.0,1.0,-1.0,0.0,1.0,0.0,4.0,0.0,4.0,0.0,0.0,0.0,0.0,0.0,0.0,2012-06-02,-0.480486991573,0.0,0.0,0.0,-0.480486991573,-0.480486991573,-0.480486991573
2012-06-03,1.0,0.0,0.0,1.0,1.0,0.0,,,,,0.0,,,,,0.0,,,,,0.0,1,1.0,0.0,1.0,1.0,0.0,1.0,0.0,1.0,0.0,0.0,0.0,0.0,0.0,0.0,0.0,2012-06-03,0.567561707584,0.0,0.0,0.0,0.567561707584,0.567561707584,0.567561707584
2012-06-04,0.0,1.0,0.0,1.0,1.0,0.0,,,,,0.0,,,,,0.0,,,,,0.0,1,0.0,1.0,-1.0,0.0,1.0,0.0,1.0,0.0,1.0,0.0,0.0,0.0,0.0,0.0,0.0,2012-06-04,-0.489194463174,0.0,0.0,0.0,-0.489194463174,-0.489194463174,-0.489194463174
2012-06-05,1.0,0.0,0.0,1.0,1.0,0.0,,,,,0.0,,,,,0.0,,,,,0.0,1,1.0,0.0,1.0,1.0,0.0,1.0,0.0,1.0,0.0,0.0,0.0,0.0,0.0,0.0,0.0,2012-06-05,0.559724983143,0.0,0.0,0.0,0.559724983143,0.559724983143,0.559724983143
2012-06-06,0.0,1.0,0.0,1.0,1.0,0.0,,,,,0.0,,,,,0.0,,,,,0.0,1,0.0,1.0,-1.0,0.0,1.0,0.0,1.0,0.0,1.0,0.0,0.0,0.0,0.0,0.0,0.0,2012-06-06,-0.496247515171,0.0,0.0,0.0,-0.496247515171,-0.496247515171,-0.496247515171
2012-06-07,0.0,1.0,0.0,1.0,1.0,0.0,,,,,0.0,,,,,0.0,,,,,0.0,1,0.0,1.0,-1.0,0.0,1.0,0.0,2.0,0.0,2.0,0.0,0.0,0.0,0.0,0.0,0.0,2012-06-07,-0.446622763654,0.0,0.0,0.0,-0.446622763654,-0.446622763654,-0.446622763654
2012-06-08,1.0,0.0,0.0,1.0,1.0,0.0,,,,,0.0,,,,,0.0,,,,,0.0,1,1.0,0.0,1.0,1.0,0.0,1.0,0.0,1.0,0.0,0.0,0.0,0.0,0.0,0.0,0.0,2012-06-08,0.598039512711,0.0,0.0,0.0,0.598039512711,0.598039512711,0.598039512711
2012-06-09,0.0,1.0,0.0,1.0,1.0,0.0,,,,,0.0,,,,,0.0,,,,,0.0,1,0.0,1.0,-1.0,0.0,1.0,0.0,1.0,0.0,1.0,0.0,0.0,0.0,0.0,0.0,0.0,2012-06-09,-0.46176443856,0.0,0.0,0.0,-0.46176443856,-0.46176443856,-0.46176443856
2012-06-10,1.0,0.0,0.0,1.0,1.0,0.0,,,,,0.0,,,,,0.0,,,,,0.0,1,1.0,0.0,1.0,1.0,0.0,1.0,0.0,1.0,0.0,0.0,0.0,0.0,0.0,0.0,0.0,2012-06-10,0.584412005296,0.0,0.0,0.0,0.584412005296,0.584412005296,0.584412005296
2012-06-11,,,,,1.0,0.0,,,,,0.0,,,,,0.0,,,,,0.0,0,0.0,0.0,0.0,,,1.0,0.0,1.0,0.0,0.0,0.0,0.0,0.0,0.0,0.0,2012-06-11,0.0,0.0,0.0,0.0,0.0,,
2012-06-12,1.0,0.0,0.0,1.0,1.0,0.0,,,,,0.0,,,,,0.0,,,,,0.0,1,1.0,0.0,1.0,1.0,0.0,2.0,0.0,2.0,0.0,0.0,0.0,0.0,0.0,0.0,0.0,2012-06-12,0.525970804767,0.0,0.0,0.0,0.525970804767,0.525970804767,0.525970804767
2012-06-13,1.0,0.0,0.0,1.0,1.0,0.0,,,,,0.0,,,,,0.0,,,,,0.0,1,1.0,0.0,1.0,1.0,0.0,3.0,0.0,3.0,0.0,0.0,0.0,0.0,0.0,0.0,0.0,2012-06-13,0.47337372429,0.0,0.0,0.0,0.47337372429,0.47337372429,0.47337372429
2012-06-14,0.0,1.0,0.0,1.0,1.0,0.0,,,,,0.0,,,,,0.0,,,,,0.0,1,0.0,1.0,-1.0,0.0,1.0,0.0,1.0,0.0,1.0,0.0,0.0,0.0,0.0,0.0,0.0,2012-06-14,-0.573963648139,0.0,0.0,0.0,-0.573963648139,-0.573963648139,-0.573963648139
2012-06-15,1.0,0.0,0.0,1.0,1.0,0.0,,,,,0.0,,,,,0.0,,,,,0.0,1,1.0,0.0,1.0,1.0,0.0,1.0,0.0,1.0,0.0,0.0,0.0,0.0,0.0,0.0,0.0,2012-06-15,0.483432716675,0.0,0.0,0.0,0.483432716675,0.483432716675,0.483432716675
2012-06-16,1.0,0.0,0.0,1.0,1.0,0.0,,,,,0.0,,,,,0.0,,,,,0.0,1,1.0,0.0,1.0,1.0,0.0,2.0,0.0,2.0,0.0,0.0,0.0,0.0,0.0,0.0,0.0,2012-06-16,0.435089445007,0.0,0.0,0.0,0.435089445007,0.435089445007,0.435089445007
2012-06-17,1.0,0.0,0.0,1.0,1.0,0.0,,,,,0.0,,,,,0.0,,,,,0.0,1,1.0,0.0,1.0,1.0,0.0,3.0,0.0,3.0,0.0,0.0,0.0,0.0,0.0,0.0,0.0,2012-06-17,0.391580500507,0.0,0.0,0.0,0.391580500507,0.391580500507,0.391580500507
2012-06-18,1.0,0.0,0.0,1.0,1.0,0.0,,,,,0.0,,,,,0.0,,,,,0.0,1,1.0,0.0,1.0,1.0,0.0,4.0,0.0,4.0,0.0,0.0,0.0,0.0,0.0,0.0,0.0,2012-06-18,0.352422450456,0.0,0.0,0.0,0.352422450456,0.352422450456,0.352422450456
2012-06-19,1.0,0.0,0.0,1.0,1.0,0.0,,,,,0.0,,,,,0.0,,,,,0.0,1,1.0,0.0,1.0,1.0,0.0,5.0,0.0,5.0,0.0,0.0,0.0,0.0,0.0,0.0,0.0,2012-06-19,0.31718020541,0.0,0.0,0.0,0.31718020541,0.31718020541,0.31718020541
2012-06-20,1.0,0.0,0.0,1.0,1.0,0.0,,,,,0.0,,,,,0.0,,,,,0.0,1,1.0,0.0,1.0,1.0,0.0,6.0,0.0,6.0,0.0,0.0,0.0,0.0,0.0,0.0,0.0,2012-06-20,0.285462184869,0.0,0.0,0.0,0.285462184869,0.285462184869,0.285462184869
2012-06-21,,,,,1.0,0.0,,,,,0.0,,,,,0.0,,,,,0.0,0,0.0,0.0,0.0,,,6.0,0.0,6.0,0.0,0.0,0.0,0.0,0.0,0.0,0.0,2012-06-21,0.0,0.0,0.0,0.0,0.0,,
2012-06-22,1.0,0.0,0.0,1.0,1.0,0.0,,,,,0.0,,,,,0.0,,,,,0.0,1,1.0,0.0,1.0,1.0,0.0,7.0,0.0,7.0,0.0,0.0,0.0,0.0,0.0,0.0,0.0,2012-06-22,0.256915966382,0.0,0.0,0.0,0.256915966382,0.256915966382,0.256915966382
2012-06-23,0.0,1.0,0.0,1.0,1.0,0.0,,,,,0.0,,,,,0.0,,,,,0.0,1,0.0,1.0,-1.0,0.0,1.0,0.0,1.0,0.0,1.0,0.0,0.0,0.0,0.0,0.0,0.0,2012-06-23,-0.768775630256,0.0,0.0,0.0,-0.768775630256,-0.768775630256,-0.768775630256
2012-06-24,1.0,0.0,0.0,1.0,1.0,0.0,,,,,0.0,,,,,0.0,,,,,0.0,1,1.0,0.0,1.0,1.0,0.0,1.0,0.0,1.0,0.0,0.0,0.0,0.0,0.0,0.0,0.0,2012-06-24,0.30810193277,0.0,0.0,0.0,0.30810193277,0.30810193277,0.30810193277
2012-06-25,0.0,1.0,0.0,1.0,1.0,0.0,,,,,0.0,,,,,0.0,,,,,0.0,1,0.0,1.0,-1.0,0.0,1.0,0.0,1.0,0.0,1.0,0.0,0.0,0.0,0.0,0.0,0.0,2012-06-25,-0.722708260507,0.0,0.0,0.0,-0.722708260507,-0.722708260507,-0.722708260507
2012-06-26,1.0,0.0,0.0,1.0,1.0,0.0,,,,,0.0,,,,,0.0,,,,,0.0,1,1.0,0.0,1.0,1.0,0.0,1.0,0.0,1.0,0.0,0.0,0.0,0.0,0.0,0.0,0.0,2012-06-26,0.349562565543,0.0,0.0,0.0,0.349562565543,0.349562565543,0.349562565543
2012-06-27,1.0,0.0,0.0,1.0,1.0,0.0,,,,,0.0,,,,,0.0,,,,,0.0,1,1.0,0.0,1.0,1.0,0.0,2.0,0.0,2.0,0.0,0.0,0.0,0.0,0.0,0.0,0.0,2012-06-27,0.314606308989,0.0,0.0,0.0,0.314606308989,0.314606308989,0.314606308989
2012-06-28,1.0,0.0,0.0,1.0,1.0,0.0,,,,,0.0,,,,,0.0,,,,,0.0,1,1.0,0.0,1.0,1.0,0.0,3.0,0.0,3.0,0.0,0.0,0.0,0.0,0.0,0.0,0.0,2012-06-28,0.28314567809,0.0,0.0,0.0,0.28314567809,0.28314567809,0.28314567809
2012-06-29,1.0,0.0,0.0,1.0,1.0,0.0,,,,,0.0,,,,,0.0,,,,,0.0,1,1.0,0.0,1.0,1.0,0.0,4.0,0.0,4.0,0.0,0.0,0.0,0.0,0.0,0.0,0.0,2012-06-29,0.254831110281,0.0,0.0,0.0,0.254831110281,0.254831110281,0.254831110281
2012-06-30,1.0,0.0,0.0,1.0,1.0,0.0,,,,,0.0,,,,,0.0,,,,,0.0,1,1.0,0.0,1.0,1.0,0.0,5.0,0.0,5.0,0.0,0.0,0.0,0.0,0.0,0.0,0.0,2012-06-30,0.229347999253,0.0,0.0,0.0,0.229347999253,0.229347999253,0.229347999253
2012-07-01,0.0,1.0,0.0,1.0,1.0,0.0,,,,,0.0,,,,,0.0,,,,,0.0,1,0.0,1.0,-1.0,0.0,1.0,0.0,1.0,0.0,1.0,0.0,0.0,0.0,0.0,0.0,0.0,2012-07-01,-0.793586800672,0.0,0.0,0.0,-0.793586800672,-0.793586800672,-0.793586800672
2012-07-02,,,,,1.0,0.0,,,,,0.0,,,,,0.0,,,,,0.0,0,0.0,0.0,0.0,,,0.0,1.0,0.0,1.0,0.0,0.0,0.0,0.0,0.0,0.0,2012-07-02,0.0,0.0,0.0,0.0,0.0,,
2012-07-03,0.0,1.0,0.0,1.0,1.0,0.0,,,,,0.0,,,,,0.0,,,,,0.0,1,0.0,1.0,-1.0,0.0,1.0,0.0,2.0,0.0,2.0,0.0,0.0,0.0,0.0,0.0,0.0,2012-07-03,-0.714228120605,0.0,0.0,0.0,-0.714228120605,-0.714228120605,-0.714228120605
2012-07-04,0.0,1.0,0.0,1.0,1.0,0.0,,,,,0.0,,,,,0.0,,,,,0.0,1,0.0,1.0,-1.0,0.0,1.0,0.0,3.0,0.0,3.0,0.0,0.0,0.0,0.0,0.0,0.0,2012-07-04,-0.642805308545,0.0,0.0,0.0,-0.642805308545,-0.642805308545,-0.642805308545
2012-07-05,0.0,1.0,0.0,1.0,1.0,0.0,,,,,0.0,,,,,0.0,,,,,0.0,1,0.0,1.0,-1.0,0.0,1.0,0.0,4.0,0.0,4.0,0.0,0.0,0.0,0.0,0.0,0.0,2012-07-05,-0.57852477769,0.0,0.0,0.0,-0.57852477769,-0.57852477769,-0.57852477769
2012-07-06,0.0,1.0,0.0,1.0,1.0,0.0,,,,,0.0,,,,,0.0,,,,,0.0,1,0.0,1.0,-1.0,0.0,1.0,0.0,5.0,0.0,5.0,0.0,0.0,0.0,0.0,0.0,0.0,2012-07-06,-0.520672299921,0.0,0.0,0.0,-0.520672299921,-0.520672299921,-0.520672299921
2012-07-07,1.0,0.0,0.0,1.0,1.0,0.0,,,,,0.0,,,,,0.0,,,,,0.0,1,1.0,0.0,1.0,1.0,0.0,1.0,0.0,1.0,0.0,0.0,0.0,0.0,0.0,0.0,0.0,2012-07-07,0.531394930071,0.0,0.0,0.0,0.531394930071,0.531394930071,0.531394930071
2012-07-08,1.0,0.0,0.0,1.0,1.0,0.0,,,,,0.0,,,,,0.0,,,,,0.0,1,1.0,0.0,1.0,1.0,0.0,2.0,0.0,2.0,0.0,0.0,0.0,0.0,0.0,0.0,0.0,2012-07-08,0.478255437064,0.0,0.0,0.0,0.478255437064,0.478255437064,0.478255437064
2012-07-09,,,,,1.0,0.0,,,,,0.0,,,,,0.0,,,,,0.0,0,0.0,0.0,0.0,,,2.0,0.0,2.0,0.0,0.0,0.0,0.0,0.0,0.0,0.0,2012-07-09,0.0,0.0,0.0,0.0,0.0,,
2012-07-10,,,,,1.0,0.0,,,,,0.0,,,,,0.0,,,,,0.0,0,0.0,0.0,0.0,,,2.0,0.0,2.0,0.0,0.0,0.0,0.0,0.0,0.0,0.0,2012-07-10,0.0,0.0,0.0,0.0,0.0,,
2012-07-11,,,,,1.0,0.0,,,,,0.0,,,,,0.0,,,,,0.0,0,0.0,0.0,0.0,,,2.0,0.0,2.0,0.0,0.0,0.0,0.0,0.0,0.0,0.0,2012-07-11,0.0,0.0,0.0,0.0,0.0,,
2012-07-12,,,,,1.0,0.0,,,,,0.0,,,,,0.0,,,,,0.0,0,0.0,0.0,0.0,,,2.0,0.0,2.0,0.0,0.0,0.0,0.0,0.0,0.0,0.0,2012-07-12,0.0,0.0,0.0,0.0,0.0,,
2012-07-13,1.0,0.0,0.0,1.0,1.0,0.0,,,,,0.0,,,,,0.0,,,,,0.0,1,1.0,0.0,1.0,1.0,0.0,3.0,0.0,3.0,0.0,0.0,0.0,0.0,0.0,0.0,0.0,2012-07-13,0.430429893358,0.0,0.0,0.0,0.430429893358,0.430429893358,0.430429893358
2012-07-14,0.0,1.0,0.0,1.0,1.0,0.0,,,,,0.0,,,,,0.0,,,,,0.0,1,0.0,1.0,-1.0,0.0,1.0,0.0,1.0,0.0,1.0,0.0,0.0,0.0,0.0,0.0,0.0,2012-07-14,-0.612613095978,0.0,0.0,0.0,-0.612613095978,-0.612613095978,-0.612613095978
2012-07-15,1.0,0.0,0.0,1.0,1.0,0.0,,,,,0.0,,,,,0.0,,,,,0.0,1,1.0,0.0,1.0,1.0,0.0,1.0,0.0,1.0,0.0,0.0,0.0,0.0,0.0,0.0,0.0,2012-07-15,0.44864821362,0.0,0.0,0.0,0.44864821362,0.44864821362,0.44864821362
2012-07-16,,,,,1.0,0.0,,,,,0.0,,,,,0.0,,,,,0.0,0,0.0,0.0,0.0,,,1.0,0.0,1.0,0.0,0.0,0.0,0.0,0.0,0.0,0.0,2012-07-16,0.0,0.0,0.0,0.0,0.0,,
2012-07-17,1.0,0.0,0.0,1.0,1.0,0.0,,,,,0.0,,,,,0.0,,,,,0.0,1,1.0,0.0,1.0,1.0,0.0,2.0,0.0,2.0,0.0,0.0,0.0,0.0,0.0,0.0,0.0,2012-07-17,0.403783392258,0.0,0.0,0.0,0.403783392258,0.403783392258,0.403783392258
2012-07-18,0.0,1.0,0.0,1.0,1.0,0.0,,,,,0.0,,,,,0.0,,,,,0.0,1,0.0,1.0,-1.0,0.0,1.0,0.0,1.0,0.0,1.0,0.0,0.0,0.0,0.0,0.0,0.0,2012-07-18,-0.636594946968,0.0,0.0,0.0,-0.636594946968,-0.636594946968,-0.636594946968
2012-07-19,,,,,1.0,0.0,,,,,0.0,,,,,0.0,,,,,0.0,0,0.0,0.0,0.0,,,0.0,1.0,0.0,1.0,0.0,0.0,0.0,0.0,0.0,0.0,2012-07-19,0.0,0.0,0.0,0.0,0.0,,
2012-07-20,0.0,1.0,0.0,1.0,1.0,0.0,,,,,0.0,,,,,0.0,,,,,0.0,1,0.0,1.0,-1.0,0.0,1.0,0.0,2.0,0.0,2.0,0.0,0.0,0.0,0.0,0.0,0.0,2012-07-20,-0.572935452271,0.0,0.0,0.0,-0.572935452271,-0.572935452271,-0.572935452271
2012-07-21,1.0,0.0,0.0,1.0,1.0,0.0,,,,,0.0,,,,,0.0,,,,,0.0,1,1.0,0.0,1.0,1.0,0.0,1.0,0.0,1.0,0.0,0.0,0.0,0.0,0.0,0.0,0.0,2012-07-21,0.484358092956,0.0,0.0,0.0,0.484358092956,0.484358092956,0.484358092956
2012-07-22,0.0,1.0,0.0,1.0,1.0,0.0,,,,,0.0,,,,,0.0,,,,,0.0,1,0.0,1.0,-1.0,0.0,1.0,0.0,1.0,0.0,1.0,0.0,0.0,0.0,0.0,0.0,0.0,2012-07-22,-0.56407771634,0.0,0.0,0.0,-0.56407771634,-0.56407771634,-0.56407771634
2012-07-23,1.0,0.0,0.0,1.0,1.0,0.0,,,,,0.0,,,,,0.0,,,,,0.0,1,1.0,0.0,1.0,1.0,0.0,1.0,0.0,1.0,0.0,0.0,0.0,0.0,0.0,0.0,0.0,2012-07-23,0.492330055294,0.0,0.0,0.0,0.492330055294,0.492330055294,0.492330055294
2012-07-24,0.0,1.0,0.0,1.0,1.0,0.0,,,,,0.0,,,,,0.0,,,,,0.0,1,0.0,1.0,-1.0,0.0,1.0,0.0,1.0,0.0,1.0,0.0,0.0,0.0,0.0,0.0,0.0,2012-07-24,-0.556902950235,0.0,0.0,0.0,-0.556902950235,-0.556902950235,-0.556902950235
2012-07-25,1.0,0.0,0.0,1.0,1.0,0.0,,,,,0.0,,,,,0.0,,,,,0.0,1,1.0,0.0,1.0,1.0,0.0,1.0,0.0,1.0,0.0,0.0,0.0,0.0,0.0,0.0,0.0,2012-07-25,0.498787344788,0.0,0.0,0.0,0.498787344788,0.498787344788,0.498787344788
2012-07-26,,,,,1.0,0.0,,,,,0.0,,,,,0.0,,,,,0.0,0,0.0,0.0,0.0,,,1.0,0.0,1.0,0.0,0.0,0.0,0.0,0.0,0.0,0.0,2012-07-26,0.0,0.0,0.0,0.0,0.0,,
2012-07-27,0.0,1.0,0.0,1.0,1.0,0.0,,,,,0.0,,,,,0.0,,,,,0.0,1,0.0,1.0,-1.0,0.0,1.0,0.0,1.0,0.0,1.0,0.0,0.0,0.0,0.0,0.0,0.0,2012-07-27,-0.551091389691,0.0,0.0,0.0,-0.551091389691,-0.551091389691,-0.551091389691
2012-07-28,0.0,1.0,0.0,1.0,1.0,0.0,,,,,0.0,,,,,0.0,,,,,0.0,1,0.0,1.0,-1.0,0.0,1.0,0.0,2.0,0.0,2.0,0.0,0.0,0.0,0.0,0.0,0.0,2012-07-28,-0.495982250721,0.0,0.0,0.0,-0.495982250721,-0.495982250721,-0.495982250721
2012-07-29,1.0,0.0,0.0,1.0,1.0,0.0,,,,,0.0,,,,,0.0,,,,,0.0,1,1.0,0.0,1.0,1.0,0.0,1.0,0.0,1.0,0.0,0.0,0.0,0.0,0.0,0.0,0.0,2012-07-29,0.553615974351,0.0,0.0,0.0,0.553615974351,0.553615974351,0.553615974351
2012-07-30,0.0,1.0,0.0,1.0,1.0,0.0,,,,,0.0,,,,,0.0,,,,,0.0,1,0.0,1.0,-1.0,0.0,1.0,0.0,1.0,0.0,1.0,0.0,0.0,0.0,0.0,0.0,0.0,2012-07-30,-0.501745623084,0.0,0.0,0.0,-0.501745623084,-0.501745623084,-0.501745623084
2012-07-31,0.0,1.0,0.0,1.0,1.0,0.0,,,,,0.0,,,,,0.0,,,,,0.0,1,0.0,1.0,-1.0,0.0,1.0,0.0,2.0,0.0,2.0,0.0,0.0,0.0,0.0,0.0,0.0,2012-07-31,-0.451571060776,0.0,0.0,0.0,-0.451571060776,-0.451571060776,-0.451571060776
2012-08-01,1.0,0.0,0.0,1.0,1.0,0.0,,,,,0.0,,,,,0.0,,,,,0.0,1,1.0,0.0,1.0,1.0,0.0,1.0,0.0,1.0,0.0,0.0,0.0,0.0,0.0,0.0,0.0,2012-08-01,0.593586045302,0.0,0.0,0.0,0.593586045302,0.593586045302,0.593586045302
2012-08-02,1.0,0.0,0.0,1.0,1.0,0.0,,,,,0.0,,,,,0.0,,,,,0.0,1,1.0,0.0,1.0,1.0,0.0,2.0,0.0,2.0,0.0,0.0,0.0,0.0,0.0,0.0,0.0,2012-08-02,0.534227440771,0.0,0.0,0.0,0.534227440771,0.534227440771,0.534227440771
2012-08-03,1.0,0.0,0.0,1.0,1.0,0.0,,,,,0.0,,,,,0.0,,,,,0.0,1,1.0,0.0,1.0,1.0,0.0,3.0,0.0,3.0,0.0,0.0,0.0,0.0,0.0,0.0,0.0,2012-08-03,0.480804696694,0.0,0.0,0.0,0.480804696694,0.480804696694,0.480804696694
2012-08-04,1.0,0.0,0.0,1.0,1.0,0.0,,,,,0.0,,,,,0.0,,,,,0.0,1,1.0,0.0,1.0,1.0,0.0,4.0,0.0,4.0,0.0,0.0,0.0,0.0,0.0,0.0,0.0,2012-08-04,0.432724227025,0.0,0.0,0.0,0.432724227025,0.432724227025,0.432724227025
2012-08-05,0.0,1.0,0.0,1.0,1.0,0.0,,,,,0.0,,,,,0.0,,,,,0.0,1,0.0,1.0,-1.0,0.0,1.0,0.0,1.0,0.0,1.0,0.0,0.0,0.0,0.0,0.0,0.0,2012-08-05,-0.610548195678,0.0,0.0,0.0,-0.610548195678,-0.610548195678,-0.610548195678
2012-08-06,0.0,1.0,0.0,1.0,1.0,0.0,,,,,0.0,,,,,0.0,,,,,0.0,1,0.0,1.0,-1.0,0.0,1.0,0.0,2.0,0.0,2.0,0.0,0.0,0.0,0.0,0.0,0.0,2012-08-06,-0.54949337611,0.0,0.0,0.0,-0.54949337611,-0.54949337611,-0.54949337611
2012-08-07,1.0,0.0,0.0,1.0,1.0,0.0,,,,,0.0,,,,,0.0,,,,,0.0,1,1.0,0.0,1.0,1.0,0.0,1.0,0.0,1.0,0.0,0.0,0.0,0.0,0.0,0.0,0.0,2012-08-07,0.505455961501,0.0,0.0,0.0,0.505455961501,0.505455961501,0.505455961501
2012-08-08,1.0,0.0,0.0,1.0,1.0,0.0,,,,,0.0,,,,,0.0,,,,,0.0,1,1.0,0.0,1.0,1.0,0.0,2.0,0.0,2.0,0.0,0.0,0.0,0.0,0.0,0.0,0.0,2012-08-08,0.454910365351,0.0,0.0,0.0,0.454910365351,0.454910365351,0.454910365351
2012-08-09,,,,,1.0,0.0,,,,,0.0,,,,,0.0,,,,,0.0,0,0.0,0.0,0.0,,,2.0,0.0,2.0,0.0,0.0,0.0,0.0,0.0,0.0,0.0,2012-08-09,0.0,0.0,0.0,0.0,0.0,,
2012-08-10,0.0,1.0,0.0,1.0,1.0,0.0,,,,,0.0,,,,,0.0,,,,,0.0,1,0.0,1.0,-1.0,0.0,1.0,0.0,1.0,0.0,1.0,0.0,0.0,0.0,0.0,0.0,0.0,2012-08-10,-0.590580671184,0.0,0.0,0.0,-0.590580671184,-0.590580671184,-0.590580671184
2012-08-11,1.0,0.0,0.0,1.0,1.0,0.0,,,,,0.0,,,,,0.0,,,,,0.0,1,1.0,0.0,1.0,1.0,0.0,1.0,0.0,1.0,0.0,0.0,0.0,0.0,0.0,0.0,0.0,2012-08-11,0.468477395934,0.0,0.0,0.0,0.468477395934,0.468477395934,0.468477395934
2012-08-12,1.0,0.0,0.0,1.0,1.0,0.0,,,,,0.0,,,,,0.0,,,,,0.0,1,1.0,0.0,1.0,1.0,0.0,2.0,0.0,2.0,0.0,0.0,0.0,0.0,0.0,0.0,0.0,2012-08-12,0.421629656341,0.0,0.0,0.0,0.421629656341,0.421629656341,0.421629656341
2012-08-13,0.0,1.0,0.0,1.0,1.0,0.0,,,,,0.0,,,,,0.0,,,,,0.0,1,0.0,1.0,-1.0,0.0,1.0,0.0,1.0,0.0,1.0,0.0,0.0,0.0,0.0,0.0,0.0,2012-08-13,-0.620533309293,0.0,0.0,0.0,-0.620533309293,-0.620533309293,-0.620533309293
2012-08-14,0.0,1.0,0.0,1.0,1.0,0.0,,,,,0.0,,,,,0.0,,,,,0.0,1,0.0,1.0,-1.0,0.0,1.0,0.0,2.0,0.0,2.0,0.0,0.0,0.0,0.0,0.0,0.0,2012-08-14,-0.558479978364,0.0,0.0,0.0,-0.558479978364,-0.558479978364,-0.558479978364
2012-08-15,0.0,1.0,0.0,1.0,1.0,0.0,,,,,0.0,,,,,0.0,,,,,0.0,1,0.0,1.0,-1.0,0.0,1.0,0.0,3.0,0.0,3.0,0.0,0.0,0.0,0.0,0.0,0.0,2012-08-15,-0.502631980527,0.0,0.0,0.0,-0.502631980527,-0.502631980527,-0.502631980527
2012-08-16,1.0,0.0,0.0,1.0,1.0,0.0,,,,,0.0,,,,,0.0,,,,,0.0,1,1.0,0.0,1.0,1.0,0.0,1.0,0.0,1.0,0.0,0.0,0.0,0.0,0.0,0.0,0.0,2012-08-16,0.547631217525,0.0,0.0,0.0,0.547631217525,0.547631217525,0.547631217525
2012-08-17,0.0,1.0,0.0,1.0,1.0,0.0,,,,,0.0,,,,,0.0,,,,,0.0,1,0.0,1.0,-1.0,0.0,1.0,0.0,1.0,0.0,1.0,0.0,0.0,0.0,0.0,0.0,0.0,2012-08-17,-0.507131904227,0.0,0.0,0.0,-0.507131904227,-0.507131904227,-0.507131904227
2012-08-18,1.0,0.0,0.0,1.0,1.0,0.0,,,,,0.0,,,,,0.0,,,,,0.0,1,1.0,0.0,1.0,1.0,0.0,1.0,0.0,1.0,0.0,0.0,0.0,0.0,0.0,0.0,0.0,2012-08-18,0.543581286195,0.0,0.0,0.0,0.543581286195,0.543581286195,0.543581286195
2012-08-19,1.0,0.0,0.0,1.0,1.0,0.0,,,,,0.0,,,,,0.0,,,,,0.0,1,1.0,0.0,1.0,1.0,0.0,2.0,0.0,2.0,0.0,0.0,0.0,0.0,0.0,0.0,0.0,2012-08-19,0.489223157576,0.0,0.0,0.0,0.489223157576,0.489223157576,0.489223157576
2012-08-20,1.0,0.0,0.0,1.0,1.0,0.0,,,,,0.0,,,,,0.0,,,,,0.0,1,1.0,0.0,1.0,1.0,0.0,3.0,0.0,3.0,0.0,0.0,0.0,0.0,0.0,0.0,0.0,2012-08-20,0.440300841818,0.0,0.0,0.0,0.440300841818,0.440300841818,0.440300841818
2012-08-21,0.0,1.0,0.0,1.0,1.0,0.0,,,,,0.0,,,,,0.0,,,,,0.0,1,0.0,1.0,-1.0,0.0,1.0,0.0,1.0,0.0,1.0,0.0,0.0,0.0,0.0,0.0,0.0,2012-08-21,-0.603729242364,0.0,0.0,0.0,-0.603729242364,-0.603729242364,-0.603729242364
2012-08-22,1.0,0.0,0.0,1.0,1.0,0.0,,,,,0.0,,,,,0.0,,,,,0.0,1,1.0,0.0,1.0,1.0,0.0,1.0,0.0,1.0,0.0,0.0,0.0,0.0,0.0,0.0,0.0,2012-08-22,0.456643681873,0.0,0.0,0.0,0.456643681873,0.456643681873,0.456643681873
2012-08-23,1.0,0.0,0.0,1.0,1.0,0.0,,,,,0.0,,,,,0.0,,,,,0.0,1,1.0,0.0,1.0,1.0,0.0,2.0,0.0,2.0,0.0,0.0,0.0,0.0,0.0,0.0,0.0,2012-08-23,0.410979313686,0.0,0.0,0.0,0.410979313686,0.410979313686,0.410979313686
2012-08-24,1.0,0.0,0.0,1.0,1.0,0.0,,,,,0.0,,,,,0.0,,,,,0.0,1,1.0,0.0,1.0,1.0,0.0,3.0,0.0,3.0,0.0,0.0,0.0,0.0,0.0,0.0,0.0,2012-08-24,0.369881382317,0.0,0.0,0.0,0.369881382317,0.369881382317,0.369881382317
2012-08-25,1.0,0.0,0.0,1.0,1.0,0.0,,,,,0.0,,,,,0.0,,,,,0.0,1,1.0,0.0,1.0,1.0,0.0,4.0,0.0,4.0,0.0,0.0,0.0,0.0,0.0,0.0,0.0,2012-08-25,0.332893244085,0.0,0.0,0.0,0.332893244085,0.332893244085,0.332893244085
2012-08-26,0.0,1.0,0.0,1.0,1.0,0.0,,,,,0.0,,,,,0.0,,,,,0.0,1,0.0,1.0,-1.0,0.0,1.0,0.0,1.0,0.0,1.0,0.0,0.0,0.0,0.0,0.0,0.0,2012-08-26,-0.700396080323,0.0,0.0,0.0,-0.700396080323,-0.700396080323,-0.700396080323
2012-08-27,1.0,0.0,0.0,1.0,1.0,0.0,,,,,0.0,,,,,0.0,,,,,0.0,1,1.0,0.0,1.0,1.0,0.0,1.0,0.0,1.0,0.0,0.0,0.0,0.0,0.0,0.0,0.0,2012-08-27,0.369643527709,0.0,0.0,0.0,0.369643527709,0.369643527709,0.369643527709
2012-08-28,1.0,0.0,0.0,1.0,1.0,0.0,,,,,0.0,,,,,0.0,,,,,0.0,1,1.0,0.0,1.0,1.0,0.0,2.0,0.0,2.0,0.0,0.0,0.0,0.0,0.0,0.0,0.0,2012-08-28,0.332679174938,0.0,0.0,0.0,0.332679174938,0.332679174938,0.332679174938
2012-08-29,0.0,1.0,0.0,1.0,1.0,0.0,,,,,0.0,,,,,0.0,,,,,0.0,1,0.0,1.0,-1.0,0.0,1.0,0.0,1.0,0.0,1.0,0.0,0.0,0.0,0.0,0.0,0.0,2012-08-29,-0.700588742556,0.0,0.0,0.0,-0.700588742556,-0.700588742556,-0.700588742556
2012-08-30,,,,,1.0,0.0,,,,,0.0,,,,,0.0,,,,,0.0,0,0.0,0.0,0.0,,,0.0,1.0,0.0,1.0,0.0,0.0,0.0,0.0,0.0,0.0,2012-08-30,0.0,0.0,0.0,0.0,0.0,,
2012-08-31,1.0,0.0,0.0,1.0,1.0,0.0,,,,,0.0,,,,,0.0,,,,,0.0,1,1.0,0.0,1.0,1.0,0.0,1.0,0.0,1.0,0.0,0.0,0.0,0.0,0.0,0.0,0.0,2012-08-31,0.3694701317,0.0,0.0,0.0,0.3694701317,0.3694701317,0.3694701317
2012-09-01,0.0,1.0,0.0,1.0,1.0,0.0,,,,,0.0,,,,,0.0,,,,,0.0,1,0.0,1.0,-1.0,0.0,1.0,0.0,1.0,0.0,1.0,0.0,0.0,0.0,0.0,0.0,0.0,2012-09-01,-0.66747688147,0.0,0.0,0.0,-0.66747688147,-0.66747688147,-0.66747688147
2012-09-02,1.0,0.0,0.0,1.0,1.0,0.0,,,,,0.0,,,,,0.0,,,,,0.0,1,1.0,0.0,1.0,1.0,0.0,1.0,0.0,1.0,0.0,0.0,0.0,0.0,0.0,0.0,0.0,2012-09-02,0.399270806677,0.0,0.0,0.0,0.399270806677,0.399270806677,0.399270806677
2012-09-03,1.0,0.0,0.0,1.0,1.0,0.0,,,,,0.0,,,,,0.0,,,,,0.0,1,1.0,0.0,1.0,1.0,0.0,2.0,0.0,2.0,0.0,0.0,0.0,0.0,0.0,0.0,0.0,2012-09-03,0.359343726009,0.0,0.0,0.0,0.359343726009,0.359343726009,0.359343726009
2012-09-04,0.0,1.0,0.0,1.0,1.0,0.0,,,,,0.0,,,,,0.0,,,,,0.0,1,0.0,1.0,-1.0,0.0,1.0,0.0,1.0,0.0,1.0,0.0,0.0,0.0,0.0,0.0,0.0,2012-09-04,-0.676590646592,0.0,0.0,0.0,-0.676590646592,-0.676590646592,-0.676590646592
2012-09-05,1.0,0.0,0.0,1.0,1.0,1.0,,,,,0.0,,,,,0.0,1.0,0.0,0.0,1.0,1.0,2,2.0,0.0,2.0,1.0,0.0,2.0,0.0,1.0,0.0,0.0,0.0,0.0,0.0,1.0,0.0,2012-09-05,0.391068418067,0.0,0.0,0.5,0.891068418067,0.891068418067,0.445534209034
2012-09-06,1.0,0.0,0.0,1.0,1.0,1.0,,,,,0.0,,,,,0.0,,,,,1.0,1,1.0,0.0,1.0,1.0,0.0,3.0,0.0,2.0,0.0,0.0,0.0,0.0,0.0,1.0,0.0,2012-09-06,0.351961576261,0.0,0.0,0.0,0.351961576261,0.351961576261,0.351961576261
2012-09-07,0.0,1.0,0.0,1.0,1.0,1.0,,,,,0.0,,,,,0.0,,,,,1.0,1,0.0,1.0,-1.0,0.0,1.0,1.0,1.0,0.0,1.0,0.0,0.0,0.0,0.0,1.0,0.0,2012-09-07,-0.683234581365,0.0,0.0,0.0,-0.683234581365,-0.683234581365,-0.683234581365
2012-09-08,1.0,0.0,0.0,1.0,1.0,1.0,,,,,0.0,,,,,0.0,,,,,1.0,1,1.0,0.0,1.0,1.0,0.0,2.0,0.0,1.0,0.0,0.0,0.0,0.0,0.0,1.0,0.0,2012-09-08,0.385088876771,0.0,0.0,0.0,0.385088876771,0.385088876771,0.385088876771
2012-09-09,0.0,1.0,0.0,1.0,1.0,1.0,,,,,0.0,,,,,0.0,,,,,1.0,1,0.0,1.0,-1.0,0.0,1.0,1.0,1.0,0.0,1.0,0.0,0.0,0.0,0.0,1.0,0.0,2012-09-09,-0.653420010906,0.0,0.0,0.0,-0.653420010906,-0.653420010906,-0.653420010906
2012-09-10,,,,,1.0,1.0,,,,,0.0,,,,,0.0,,,,,1.0,0,0.0,0.0,0.0,,,1.0,1.0,0.0,1.0,0.0,0.0,0.0,0.0,1.0,0.0,2012-09-10,0.0,0.0,0.0,0.0,0.0,,
2012-09-11,1.0,0.0,0.0,1.0,1.0,1.0,,,,,0.0,,,,,0.0,,,,,1.0,1,1.0,0.0,1.0,1.0,0.0,2.0,0.0,1.0,0.0,0.0,0.0,0.0,0.0,1.0,0.0,2012-09-11,0.411921990185,0.0,0.0,0.0,0.411921990185,0.411921990185,0.411921990185
2012-09-12,1.0,0.0,0.0,1.0,1.0,1.0,,,,,0.0,,,,,0.0,,,,,1.0,1,1.0,0.0,1.0,1.0,0.0,3.0,0.0,2.0,0.0,0.0,0.0,0.0,0.0,1.0,0.0,2012-09-12,0.370729791166,0.0,0.0,0.0,0.370729791166,0.370729791166,0.370729791166
2012-09-13,0.0,1.0,0.0,1.0,1.0,1.0,,,,,0.0,,,,,0.0,,,,,1.0,1,0.0,1.0,-1.0,0.0,1.0,1.0,1.0,0.0,1.0,0.0,0.0,0.0,0.0,1.0,0.0,2012-09-13,-0.66634318795,0.0,0.0,0.0,-0.66634318795,-0.66634318795,-0.66634318795
2012-09-14,1.0,0.0,0.0,1.0,1.0,1.0,,,,,0.0,,,,,0.0,,,,,1.0,1,1.0,0.0,1.0,1.0,0.0,2.0,0.0,1.0,0.0,0.0,0.0,0.0,0.0,1.0,0.0,2012-09-14,0.400291130845,0.0,0.0,0.0,0.400291130845,0.400291130845,0.400291130845
2012-09-15,0.0,1.0,0.0,1.0,1.0,1.0,,,,,0.0,,,,,0.0,,,,,1.0,1,0.0,1.0,-1.0,0.0,1.0,1.0,1.0,0.0,1.0,0.0,0.0,0.0,0.0,1.0,0.0,2012-09-15,-0.63973798224,0.0,0.0,0.0,-0.63973798224,-0.63973798224,-0.63973798224
2012-09-16,1.0,0.0,0.0,1.0,1.0,1.0,,,,,0.0,,,,,0.0,0.0,1.0,0.0,1.0,1.0,2,1.0,1.0,0.0,0.5,0.5,1.0,1.0,1.0,0.0,0.0,0.0,0.0,0.0,0.0,1.0,2012-09-16,0.424235815984,0.0,0.0,-0.55,-0.125764184016,-0.125764184016,-0.0628820920079
2012-09-17,,,,,1.0,1.0,,,,,0.0,,,,,0.0,,,,,1.0,0,0.0,0.0,0.0,,,1.0,1.0,1.0,0.0,0.0,0.0,0.0,0.0,0.0,1.0,2012-09-17,0.0,0.0,0.0,0.0,0.0,,
2012-09-18,0.0,1.0,0.0,1.0,1.0,1.0,,,,,0.0,,,,,0.0,,,,,1.0,1,0.0,1.0,-1.0,0.0,1.0,0.0,2.0,0.0,1.0,0.0,0.0,0.0,0.0,0.0,1.0,2012-09-18,-0.618187765614,0.0,0.0,0.0,-0.618187765614,-0.618187765614,-0.618187765614
2012-09-19,1.0,0.0,0.0,1.0,1.0,1.0,,,,,0.0,,,,,0.0,,,,,1.0,1,1.0,0.0,1.0,1.0,0.0,1.0,1.0,1.0,0.0,0.0,0.0,0.0,0.0,0.0,1.0,2012-09-19,0.443631010947,0.0,0.0,0.0,0.443631010947,0.443631010947,0.443631010947
2012-09-20,1.0,0.0,0.0,1.0,1.0,1.0,,,,,0.0,,,,,0.0,,,,,1.0,1,1.0,0.0,1.0,1.0,0.0,2.0,1.0,2.0,0.0,0.0,0.0,0.0,0.0,0.0,1.0,2012-09-20,0.399267909852,0.0,0.0,0.0,0.399267909852,0.399267909852,0.399267909852
2012-09-21,0.0,1.0,0.0,1.0,1.0,1.0,,,,,0.0,,,,,0.0,,,,,1.0,1,0.0,1.0,-1.0,0.0,1.0,0.0,2.0,0.0,1.0,0.0,0.0,0.0,0.0,0.0,1.0,2012-09-21,-0.640658881133,0.0,0.0,0.0,-0.640658881133,-0.640658881133,-0.640658881133
2012-09-22,0.0,1.0,0.0,1.0,1.0,1.0,,,,,0.0,,,,,0.0,,,,,1.0,1,0.0,1.0,-1.0,0.0,1.0,0.0,3.0,0.0,2.0,0.0,0.0,0.0,0.0,0.0,1.0,2012-09-22,-0.57659299302,0.0,0.0,0.0,-0.57659299302,-0.57659299302,-0.57659299302
2012-09-23,1.0,0.0,0.0,1.0,1.0,1.0,,,,,0.0,,,,,0.0,1.0,0.0,0.0,1.0,1.0,2,2.0,0.0,2.0,1.0,0.0,2.0,0.0,1.0,0.0,0.0,0.0,0.0,0.0,1.0,0.0,2012-09-23,0.481066306282,0.0,0.0,0.505,0.986066306282,0.986066306282,0.493033153141
2012-09-24,1.0,0.0,0.0,1.0,1.0,1.0,,,,,0.0,,,,,0.0,,,,,1.0,1,1.0,0.0,1.0,1.0,0.0,3.0,0.0,2.0,0.0,0.0,0.0,0.0,0.0,1.0,0.0,2012-09-24,0.432959675654,0.0,0.0,0.0,0.432959675654,0.432959675654,0.432959675654
2012-09-25,0.0,1.0,0.0,1.0,1.0,1.0,,,,,0.0,,,,,0.0,,,,,1.0,1,0.0,1.0,-1.0,0.0,1.0,1.0,1.0,0.0,1.0,0.0,0.0,0.0,0.0,1.0,0.0,2012-09-25,-0.610336291911,0.0,0.0,0.0,-0.610336291911,-0.610336291911,-0.610336291911
2012-09-26,0.0,1.0,0.0,1.0,1.0,1.0,,,,,0.0,,,,,0.0,,,,,1.0,1,0.0,1.0,-1.0,0.0,1.0,1.0,2.0,0.0,2.0,0.0,0.0,0.0,0.0,1.0,0.0,2012-09-26,-0.54930266272,0.0,0.0,0.0,-0.54930266272,-0.54930266272,-0.54930266272
2012-09-27,1.0,0.0,0.0,1.0,1.0,1.0,,,,,0.0,,,,,0.0,,,,,1.0,1,1.0,0.0,1.0,1.0,0.0,2.0,0.0,1.0,0.0,0.0,0.0,0.0,0.0,1.0,0.0,2012-09-27,0.505627603552,0.0,0.0,0.0,0.505627603552,0.505627603552,0.505627603552
2012-09-28,0.0,1.0,0.0,1.0,1.0,1.0,,,,,0.0,,,,,0.0,,,,,1.0,1,0.0,1.0,-1.0,0.0,1.0,1.0,1.0,0.0,1.0,0.0,0.0,0.0,0.0,1.0,0.0,2012-09-28,-0.544935156803,0.0,0.0,0.0,-0.544935156803,-0.544935156803,-0.544935156803
2012-09-29,,,,,1.0,1.0,,,,,0.0,,,,,0.0,,,,,1.0,0,0.0,0.0,0.0,,,1.0,1.0,0.0,1.0,0.0,0.0,0.0,0.0,1.0,0.0,2012-09-29,0.0,0.0,0.0,0.0,0.0,,
2012-09-30,1.0,1.0,0.0,2.0,1.0,1.0,,,,,0.0,,,,,0.0,,,,,1.0,1,1.0,1.0,0.0,0.5,0.5,2.0,2.0,1.0,2.0,0.0,0.0,0.0,0.0,1.0,0.0,2012-09-30,0.00955835887704,0.0,0.0,0.0,0.00955835887704,0.00955835887704,0.00955835887704
2012-10-01,0.0,1.0,0.0,1.0,1.0,1.0,,,,,0.0,,,,,0.0,0.0,1.0,0.0,1.0,1.0,2,0.0,2.0,-2.0,0.0,1.0,0.0,4.0,0.0,3.0,0.0,0.0,0.0,0.0,0.0,1.0,2012-10-01,-0.491397477011,0.0,0.0,-0.5455,-1.03689747701,-1.03689747701,-0.518448738505
2012-10-02,0.0,1.0,0.0,1.0,1.0,1.0,,,,,0.0,,,,,0.0,,,,,1.0,1,0.0,1.0,-1.0,0.0,1.0,0.0,5.0,0.0,4.0,0.0,0.0,0.0,0.0,0.0,1.0,2012-10-02,-0.44225772931,0.0,0.0,0.0,-0.44225772931,-0.44225772931,-0.44225772931
2012-10-03,0.0,1.0,0.0,1.0,1.0,1.0,,,,,0.0,,,,,0.0,,,,,1.0,1,0.0,1.0,-1.0,0.0,1.0,0.0,6.0,0.0,5.0,0.0,0.0,0.0,0.0,0.0,1.0,2012-10-03,-0.398031956379,0.0,0.0,0.0,-0.398031956379,-0.398031956379,-0.398031956379
2012-10-04,,,,,1.0,1.0,,,,,0.0,,,,,0.0,,,,,1.0,0,0.0,0.0,0.0,,,0.0,6.0,0.0,5.0,0.0,0.0,0.0,0.0,0.0,1.0,2012-10-04,0.0,0.0,0.0,0.0,0.0,,
2012-10-05,0.0,1.0,0.0,1.0,1.0,1.0,,,,,0.0,,,,,0.0,,,,,1.0,1,0.0,1.0,-1.0,0.0,1.0,0.0,7.0,0.0,6.0,0.0,0.0,0.0,0.0,0.0,1.0,2012-10-05,-0.358228760741,0.0,0.0,0.0,-0.358228760741,-0.358228760741,-0.358228760741
2012-10-06,,,,,0.0,1.0,,,,,0.0,,,,,0.0,,,,,1.0,0,0.0,0.0,0.0,,,0.0,1.0,0.0,0.0,0.0,0.0,0.0,0.0,0.0,1.0,2012-10-06,0.0,0.0,0.0,0.0,0.0,,
2012-10-07,,,,,0.0,1.0,,,,,0.0,,,,,0.0,,,,,1.0,0,0.0,0.0,0.0,,,0.0,1.0,0.0,0.0,0.0,0.0,0.0,0.0,0.0,1.0,2012-10-07,0.0,0.0,0.0,0.0,0.0,,
2012-10-08,,,,,0.0,1.0,,,,,0.0,,,,,0.0,,,,,1.0,0,0.0,0.0,0.0,,,0.0,1.0,0.0,0.0,0.0,0.0,0.0,0.0,0.0,1.0,2012-10-08,0.0,0.0,0.0,0.0,0.0,,
2012-10-09,,,,,0.0,1.0,,,,,0.0,,,,,0.0,,,,,1.0,0,0.0,0.0,0.0,,,0.0,1.0,0.0,0.0,0.0,0.0,0.0,0.0,0.0,1.0,2012-10-09,0.0,0.0,0.0,0.0,0.0,,
2012-10-10,,,,,0.0,1.0,,,,,0.0,,,,,0.0,,,,,1.0,0,0.0,0.0,0.0,,,0.0,1.0,0.0,0.0,0.0,0.0,0.0,0.0,0.0,1.0,2012-10-10,0.0,0.0,0.0,0.0,0.0,,
2012-10-11,,,,,0.0,1.0,,,,,0.0,,,,,0.0,,,,,1.0,0,0.0,0.0,0.0,,,0.0,1.0,0.0,0.0,0.0,0.0,0.0,0.0,0.0,1.0,2012-10-11,0.0,0.0,0.0,0.0,0.0,,
2012-10-12,,,,,0.0,1.0,,,,,0.0,,,,,0.0,,,,,1.0,0,0.0,0.0,0.0,,,0.0,1.0,0.0,0.0,0.0,0.0,0.0,0.0,0.0,1.0,2012-10-12,0.0,0.0,0.0,0.0,0.0,,
2012-10-13,,,,,0.0,1.0,,,,,0.0,,,,,0.0,,,,,1.0,0,0.0,0.0,0.0,,,0.0,1.0,0.0,0.0,0.0,0.0,0.0,0.0,0.0,1.0,2012-10-13,0.0,0.0,0.0,0.0,0.0,,
2012-10-14,,,,,0.0,1.0,,,,,0.0,,,,,0.0,0.0,1.0,0.0,1.0,1.0,1,0.0,1.0,-1.0,0.0,1.0,0.0,2.0,0.0,0.0,0.0,0.0,0.0,0.0,0.0,2.0,2012-10-14,0.0,0.0,0.0,-0.49095,-0.49095,-0.49095,-0.49095
2012-10-15,,,,,0.0,1.0,,,,,0.0,,,,,0.0,,,,,1.0,0,0.0,0.0,0.0,,,0.0,2.0,0.0,0.0,0.0,0.0,0.0,0.0,0.0,2.0,2012-10-15,0.0,0.0,0.0,0.0,0.0,,
2012-10-16,,,,,0.0,1.0,,,,,0.0,,,,,0.0,,,,,1.0,0,0.0,0.0,0.0,,,0.0,2.0,0.0,0.0,0.0,0.0,0.0,0.0,0.0,2.0,2012-10-16,0.0,0.0,0.0,0.0,0.0,,
2012-10-17,,,,,0.0,1.0,,,,,0.0,,,,,0.0,,,,,1.0,0,0.0,0.0,0.0,,,0.0,2.0,0.0,0.0,0.0,0.0,0.0,0.0,0.0,2.0,2012-10-17,0.0,0.0,0.0,0.0,0.0,,
2012-10-18,,,,,0.0,1.0,,,,,0.0,,,,,0.0,,,,,1.0,0,0.0,0.0,0.0,,,0.0,2.0,0.0,0.0,0.0,0.0,0.0,0.0,0.0,2.0,2012-10-18,0.0,0.0,0.0,0.0,0.0,,
2012-10-19,,,,,0.0,1.0,,,,,0.0,,,,,0.0,,,,,1.0,0,0.0,0.0,0.0,,,0.0,2.0,0.0,0.0,0.0,0.0,0.0,0.0,0.0,2.0,2012-10-19,0.0,0.0,0.0,0.0,0.0,,
2012-10-20,,,,,0.0,1.0,,,,,0.0,,,,,0.0,,,,,1.0,0,0.0,0.0,0.0,,,0.0,2.0,0.0,0.0,0.0,0.0,0.0,0.0,0.0,2.0,2012-10-20,0.0,0.0,0.0,0.0,0.0,,
2012-10-21,,,,,0.0,1.0,,,,,0.0,,,,,0.0,1.0,0.0,0.0,1.0,1.0,1,1.0,0.0,1.0,1.0,0.0,1.0,0.0,0.0,0.0,0.0,0.0,0.0,0.0,1.0,0.0,2012-10-21,0.0,0.0,0.0,0.558145,0.558145,0.558145,0.558145
2012-10-22,,,,,0.0,1.0,,,,,0.0,,,,,0.0,,,,,1.0,0,0.0,0.0,0.0,,,1.0,0.0,0.0,0.0,0.0,0.0,0.0,0.0,1.0,0.0,2012-10-22,0.0,0.0,0.0,0.0,0.0,,
2012-10-23,,,,,0.0,1.0,,,,,0.0,,,,,0.0,,,,,1.0,0,0.0,0.0,0.0,,,1.0,0.0,0.0,0.0,0.0,0.0,0.0,0.0,1.0,0.0,2012-10-23,0.0,0.0,0.0,0.0,0.0,,
2012-10-24,,,,,0.0,1.0,,,,,0.0,,,,,0.0,,,,,1.0,0,0.0,0.0,0.0,,,1.0,0.0,0.0,0.0,0.0,0.0,0.0,0.0,1.0,0.0,2012-10-24,0.0,0.0,0.0,0.0,0.0,,
2012-10-25,,,,,0.0,1.0,,,,,0.0,,,,,0.0,,,,,1.0,0,0.0,0.0,0.0,,,1.0,0.0,0.0,0.0,0.0,0.0,0.0,0.0,1.0,0.0,2012-10-25,0.0,0.0,0.0,0.0,0.0,,
2012-10-26,,,,,0.0,1.0,,,,,0.0,,,,,0.0,,,,,1.0,0,0.0,0.0,0.0,,,1.0,0.0,0.0,0.0,0.0,0.0,0.0,0.0,1.0,0.0,2012-10-26,0.0,0.0,0.0,0.0,0.0,,
2012-10-27,,,,,0.0,1.0,,,,,0.0,,,,,0.0,,,,,1.0,0,0.0,0.0,0.0,,,1.0,0.0,0.0,0.0,0.0,0.0,0.0,0.0,1.0,0.0,2012-10-27,0.0,0.0,0.0,0.0,0.0,,
2012-10-28,,,,,0.0,1.0,,,,,0.0,,,,,0.0,0.0,1.0,0.0,1.0,1.0,1,0.0,1.0,-1.0,0.0,1.0,0.0,1.0,0.0,0.0,0.0,0.0,0.0,0.0,0.0,1.0,2012-10-28,0.0,0.0,0.0,-0.4976695,-0.4976695,-0.4976695,-0.4976695
2012-10-29,,,,,0.0,1.0,,,,,0.0,,,,,0.0,,,,,1.0,0,0.0,0.0,0.0,,,0.0,1.0,0.0,0.0,0.0,0.0,0.0,0.0,0.0,1.0,2012-10-29,0.0,0.0,0.0,0.0,0.0,,
2012-10-30,,,,,0.0,1.0,,,,,0.0,,,,,0.0,,,,,1.0,0,0.0,0.0,0.0,,,0.0,1.0,0.0,0.0,0.0,0.0,0.0,0.0,0.0,1.0,2012-10-30,0.0,0.0,0.0,0.0,0.0,,
2012-10-31,,,,,0.0,1.0,,,,,0.0,,,,,0.0,,,,,1.0,0,0.0,0.0,0.0,,,0.0,1.0,0.0,0.0,0.0,0.0,0.0,0.0,0.0,1.0,2012-10-31,0.0,0.0,0.0,0.0,0.0,,
2012-11-01,,,,,0.0,1.0,,,,,0.0,,,,,0.0,,,,,1.0,0,0.0,0.0,0.0,,,0.0,1.0,0.0,0.0,0.0,0.0,0.0,0.0,0.0,1.0,2012-11-01,0.0,0.0,0.0,0.0,0.0,,
2012-11-02,,,,,0.0,1.0,,,,,0.0,,,,,0.0,,,,,1.0,0,0.0,0.0,0.0,,,0.0,1.0,0.0,0.0,0.0,0.0,0.0,0.0,0.0,1.0,2012-11-02,0.0,0.0,0.0,0.0,0.0,,
2012-11-03,,,,,0.0,1.0,,,,,0.0,1.0,0.0,0.0,1.0,1.0,,,,,1.0,1,1.0,0.0,1.0,1.0,0.0,1.0,1.0,0.0,0.0,0.0,0.0,1.0,0.0,0.0,1.0,2012-11-03,0.0,0.0,0.5,0.0,0.5,0.5,0.5
2012-11-04,,,,,0.0,1.0,,,,,0.0,,,,,1.0,0.0,1.0,0.0,1.0,1.0,1,0.0,1.0,-1.0,0.0,1.0,1.0,2.0,0.0,0.0,0.0,0.0,1.0,0.0,0.0,2.0,2012-11-04,0.0,0.0,0.0,-0.44790255,-0.44790255,-0.44790255,-0.44790255
2012-11-05,,,,,0.0,1.0,,,,,0.0,1.0,0.0,0.0,1.0,1.0,,,,,1.0,1,1.0,0.0,1.0,1.0,0.0,2.0,2.0,0.0,0.0,0.0,0.0,2.0,0.0,0.0,2.0,2012-11-05,0.0,0.0,0.45,0.0,0.45,0.45,0.45
2012-11-06,,,,,0.0,1.0,,,,,0.0,,,,,1.0,,,,,1.0,0,0.0,0.0,0.0,,,2.0,2.0,0.0,0.0,0.0,0.0,2.0,0.0,0.0,2.0,2012-11-06,0.0,0.0,0.0,0.0,0.0,,
2012-11-07,,,,,0.0,1.0,,,,,0.0,1.0,0.0,0.0,1.0,1.0,,,,,1.0,1,1.0,0.0,1.0,1.0,0.0,3.0,2.0,0.0,0.0,0.0,0.0,3.0,0.0,0.0,2.0,2012-11-07,0.0,0.0,0.405,0.0,0.405,0.405,0.405
2012-11-08,,,,,0.0,1.0,,,,,0.0,,,,,1.0,,,,,1.0,0,0.0,0.0,0.0,,,3.0,2.0,0.0,0.0,0.0,0.0,3.0,0.0,0.0,2.0,2012-11-08,0.0,0.0,0.0,0.0,0.0,,
2012-11-09,,,,,0.0,1.0,,,,,0.0,0.0,1.0,0.0,1.0,1.0,,,,,1.0,1,0.0,1.0,-1.0,0.0,1.0,0.0,3.0,0.0,0.0,0.0,0.0,0.0,1.0,0.0,2.0,2012-11-09,0.0,0.0,-0.6355,0.0,-0.6355,-0.6355,-0.6355
2012-11-10,,,,,0.0,1.0,,,,,0.0,0.0,1.0,0.0,1.0,1.0,,,,,1.0,1,0.0,1.0,-1.0,0.0,1.0,0.0,4.0,0.0,0.0,0.0,0.0,0.0,2.0,0.0,2.0,2012-11-10,0.0,0.0,-0.57195,0.0,-0.57195,-0.57195,-0.57195
2012-11-11,,,,,0.0,1.0,,,,,0.0,,,,,1.0,1.0,0.0,0.0,1.0,1.0,1,1.0,0.0,1.0,1.0,0.0,1.0,2.0,0.0,0.0,0.0,0.0,0.0,2.0,1.0,0.0,2012-11-11,0.0,0.0,0.0,0.596887705,0.596887705,0.596887705,0.596887705
2012-11-12,,,,,0.0,1.0,,,,,0.0,0.0,1.0,0.0,1.0,1.0,,,,,1.0,1,0.0,1.0,-1.0,0.0,1.0,1.0,3.0,0.0,0.0,0.0,0.0,0.0,3.0,1.0,0.0,2012-11-12,0.0,0.0,-0.514755,0.0,-0.514755,-0.514755,-0.514755
2012-11-13,,,,,0.0,1.0,,,,,0.0,,,,,1.0,,,,,1.0,0,0.0,0.0,0.0,,,1.0,3.0,0.0,0.0,0.0,0.0,0.0,3.0,1.0,0.0,2012-11-13,0.0,0.0,0.0,0.0,0.0,,
2012-11-14,,,,,0.0,1.0,,,,,0.0,1.0,0.0,0.0,1.0,1.0,,,,,1.0,1,1.0,0.0,1.0,1.0,0.0,2.0,0.0,0.0,0.0,0.0,0.0,1.0,0.0,1.0,0.0,2012-11-14,0.0,0.0,0.5367205,0.0,0.5367205,0.5367205,0.5367205
2012-11-15,,,,,0.0,1.0,,,,,0.0,,,,,1.0,,,,,1.0,0,0.0,0.0,0.0,,,2.0,0.0,0.0,0.0,0.0,0.0,1.0,0.0,1.0,0.0,2012-11-15,0.0,0.0,0.0,0.0,0.0,,
2012-11-16,,,,,0.0,1.0,,,,,0.0,0.0,1.0,0.0,1.0,1.0,,,,,1.0,1,0.0,1.0,-1.0,0.0,1.0,1.0,1.0,0.0,0.0,0.0,0.0,0.0,1.0,1.0,0.0,2012-11-16,0.0,0.0,-0.51695155,0.0,-0.51695155,-0.51695155,-0.51695155
2012-11-17,,,,,0.0,1.0,,,,,0.0,1.0,0.0,0.0,1.0,1.0,,,,,1.0,1,1.0,0.0,1.0,1.0,0.0,2.0,0.0,0.0,0.0,0.0,0.0,1.0,0.0,1.0,0.0,2012-11-17,0.0,0.0,0.534743605,0.0,0.534743605,0.534743605,0.534743605
2012-11-18,,,,,0.0,1.0,,,,,0.0,,,,,1.0,1.0,0.0,0.0,1.0,1.0,1,1.0,0.0,1.0,1.0,0.0,3.0,0.0,0.0,0.0,0.0,0.0,1.0,0.0,2.0,0.0,2012-11-18,0.0,0.0,0.0,0.5371989345,0.5371989345,0.5371989345,0.5371989345
2012-11-19,,,,,0.0,1.0,,,,,0.0,0.0,1.0,0.0,1.0,1.0,,,,,1.0,1,0.0,1.0,-1.0,0.0,1.0,2.0,1.0,0.0,0.0,0.0,0.0,0.0,1.0,2.0,0.0,2012-11-19,0.0,0.0,-0.5187307555,0.0,-0.5187307555,-0.5187307555,-0.5187307555
2012-11-20,,,,,0.0,1.0,,,,,0.0,,,,,1.0,,,,,1.0,0,0.0,0.0,0.0,,,2.0,1.0,0.0,0.0,0.0,0.0,0.0,1.0,2.0,0.0,2012-11-20,0.0,0.0,0.0,0.0,0.0,,
2012-11-21,,,,,0.0,1.0,,,,,0.0,1.0,0.0,0.0,1.0,1.0,,,,,1.0,1,1.0,0.0,1.0,1.0,0.0,3.0,0.0,0.0,0.0,0.0,0.0,1.0,0.0,2.0,0.0,2012-11-21,0.0,0.0,0.53314232005,0.0,0.53314232005,0.53314232005,0.53314232005
2012-11-22,,,,,0.0,1.0,,,,,0.0,,,,,1.0,0.0,1.0,0.0,1.0,1.0,1,0.0,1.0,-1.0,0.0,1.0,1.0,1.0,0.0,0.0,0.0,0.0,1.0,0.0,0.0,1.0,2012-11-22,0.0,0.0,0.0,-0.51652095895,-0.51652095895,-0.51652095895,-0.51652095895
2012-11-23,,,,,0.0,1.0,,,,,0.0,,,,,1.0,,,,,1.0,0,0.0,0.0,0.0,,,1.0,1.0,0.0,0.0,0.0,0.0,1.0,0.0,0.0,1.0,2012-11-23,0.0,0.0,0.0,0.0,0.0,,
2012-11-24,,,,,0.0,1.0,,,,,0.0,0.0,1.0,0.0,1.0,1.0,,,,,1.0,1,0.0,1.0,-1.0,0.0,1.0,0.0,2.0,0.0,0.0,0.0,0.0,0.0,1.0,0.0,1.0,2012-11-24,0.0,0.0,-0.520171911955,0.0,-0.520171911955,-0.520171911955,-0.520171911955
2012-11-25,,,,,0.0,1.0,,,,,0.0,,,,,1.0,,,,,1.0,0,0.0,0.0,0.0,,,0.0,2.0,0.0,0.0,0.0,0.0,0.0,1.0,0.0,1.0,2012-11-25,0.0,0.0,0.0,0.0,0.0,,
2012-11-26,,,,,0.0,1.0,,,,,0.0,,,,,1.0,,,,,1.0,0,0.0,0.0,0.0,,,0.0,2.0,0.0,0.0,0.0,0.0,0.0,1.0,0.0,1.0,2012-11-26,0.0,0.0,0.0,0.0,0.0,,
2012-11-27,,,,,0.0,1.0,,,,,0.0,0.0,1.0,0.0,1.0,1.0,,,,,1.0,1,0.0,1.0,-1.0,0.0,1.0,0.0,3.0,0.0,0.0,0.0,0.0,0.0,2.0,0.0,1.0,2012-11-27,0.0,0.0,-0.468154720759,0.0,-0.468154720759,-0.468154720759,-0.468154720759
2012-11-28,,,,,0.0,1.0,,,,,0.0,0.0,1.0,0.0,1.0,1.0,,,,,1.0,1,0.0,1.0,-1.0,0.0,1.0,0.0,4.0,0.0,0.0,0.0,0.0,0.0,3.0,0.0,1.0,2012-11-28,0.0,0.0,-0.421339248684,0.0,-0.421339248684,-0.421339248684,-0.421339248684
2012-11-29,,,,,0.0,1.0,,,,,0.0,,,,,1.0,,,,,1.0,0,0.0,0.0,0.0,,,0.0,4.0,0.0,0.0,0.0,0.0,0.0,3.0,0.0,1.0,2012-11-29,0.0,0.0,0.0,0.0,0.0,,
2012-11-30,,,,,0.0,1.0,,,,,0.0,,,,,1.0,,,,,1.0,0,0.0,0.0,0.0,,,0.0,4.0,0.0,0.0,0.0,0.0,0.0,3.0,0.0,1.0,2012-11-30,0.0,0.0,0.0,0.0,0.0,,
2012-12-01,,,,,0.0,1.0,,,,,0.0,1.0,0.0,0.0,1.0,1.0,,,,,1.0,1,1.0,0.0,1.0,1.0,0.0,1.0,1.0,0.0,0.0,0.0,0.0,1.0,0.0,0.0,1.0,2012-12-01,0.0,0.0,0.620794676185,0.0,0.620794676185,0.620794676185,0.620794676185
2012-12-02,,,,,0.0,1.0,,,,,0.0,,,,,1.0,1.0,0.0,0.0,1.0,1.0,1,1.0,0.0,1.0,1.0,0.0,2.0,0.0,0.0,0.0,0.0,0.0,1.0,0.0,1.0,0.0,2012-12-02,0.0,0.0,0.0,0.535131136945,0.535131136945,0.535131136945,0.535131136945
2012-12-03,,,,,0.0,1.0,,,,,0.0,,,,,1.0,,,,,1.0,0,0.0,0.0,0.0,,,2.0,0.0,0.0,0.0,0.0,0.0,1.0,0.0,1.0,0.0,2012-12-03,0.0,0.0,0.0,0.0,0.0,,
2012-12-04,,,,,0.0,1.0,,,,,0.0,,,,,1.0,,,,,1.0,0,0.0,0.0,0.0,,,2.0,0.0,0.0,0.0,0.0,0.0,1.0,0.0,1.0,0.0,2012-12-04,0.0,0.0,0.0,0.0,0.0,,
2012-12-05,,,,,0.0,1.0,,,,,0.0,0.0,1.0,0.0,1.0,1.0,,,,,1.0,1,0.0,1.0,-1.0,0.0,1.0,1.0,1.0,0.0,0.0,0.0,0.0,0.0,1.0,1.0,0.0,2012-12-05,0.0,0.0,-0.441284791434,0.0,-0.441284791434,-0.441284791434,-0.441284791434
2012-12-06,,,,,0.0,1.0,,,,,0.0,1.0,0.0,0.0,1.0,1.0,,,,,1.0,1,1.0,0.0,1.0,1.0,0.0,2.0,0.0,0.0,0.0,0.0,0.0,1.0,0.0,1.0,0.0,2012-12-06,0.0,0.0,0.60284368771,0.0,0.60284368771,0.60284368771,0.60284368771
2012-12-07,,,,,0.0,1.0,,,,,0.0,,,,,1.0,,,,,1.0,0,0.0,0.0,0.0,,,2.0,0.0,0.0,0.0,0.0,0.0,1.0,0.0,1.0,0.0,2012-12-07,0.0,0.0,0.0,0.0,0.0,,
2012-12-08,,,,,0.0,1.0,,,,,0.0,1.0,0.0,0.0,1.0,1.0,,,,,1.0,1,1.0,0.0,1.0,1.0,0.0,3.0,0.0,0.0,0.0,0.0,0.0,2.0,0.0,1.0,0.0,2012-12-08,0.0,0.0,0.542559318939,0.0,0.542559318939,0.542559318939,0.542559318939
2012-12-09,,,,,0.0,1.0,,,,,0.0,,,,,1.0,1.0,0.0,0.0,1.0,1.0,1,1.0,0.0,1.0,1.0,0.0,4.0,0.0,0.0,0.0,0.0,0.0,2.0,0.0,2.0,0.0,2012-12-09,0.0,0.0,0.0,0.48161802325,0.48161802325,0.48161802325,0.48161802325
2012-12-10,,,,,0.0,1.0,,,,,0.0,1.0,0.0,0.0,1.0,1.0,,,,,1.0,1,1.0,0.0,1.0,1.0,0.0,5.0,0.0,0.0,0.0,0.0,0.0,3.0,0.0,2.0,0.0,2012-12-10,0.0,0.0,0.488303387045,0.0,0.488303387045,0.488303387045,0.488303387045
2012-12-11,,,,,0.0,1.0,,,,,0.0,,,,,1.0,,,,,1.0,0,0.0,0.0,0.0,,,5.0,0.0,0.0,0.0,0.0,0.0,3.0,0.0,2.0,0.0,2012-12-11,0.0,0.0,0.0,0.0,0.0,,
2012-12-12,,,,,0.0,1.0,,,,,0.0,0.0,1.0,0.0,1.0,1.0,,,,,1.0,1,0.0,1.0,-1.0,0.0,1.0,2.0,1.0,0.0,0.0,0.0,0.0,0.0,1.0,2.0,0.0,2012-12-12,0.0,0.0,-0.56052695166,0.0,-0.56052695166,-0.56052695166,-0.56052695166
2012-12-13,,,,,0.0,1.0,,,,,0.0,,,,,1.0,,,,,1.0,0,0.0,0.0,0.0,,,2.0,1.0,0.0,0.0,0.0,0.0,0.0,1.0,2.0,0.0,2012-12-13,0.0,0.0,0.0,0.0,0.0,,
2012-12-14,,,,,0.0,1.0,,,,,0.0,0.0,1.0,0.0,1.0,1.0,,,,,1.0,1,0.0,1.0,-1.0,0.0,1.0,2.0,2.0,0.0,0.0,0.0,0.0,0.0,2.0,2.0,0.0,2012-12-14,0.0,0.0,-0.504474256494,0.0,-0.504474256494,-0.504474256494,-0.504474256494
2012-12-15,,,,,0.0,1.0,,,,,0.0,0.0,1.0,0.0,1.0,1.0,,,,,1.0,1,0.0,1.0,-1.0,0.0,1.0,2.0,3.0,0.0,0.0,0.0,0.0,0.0,3.0,2.0,0.0,2012-12-15,0.0,0.0,-0.454026830844,0.0,-0.454026830844,-0.454026830844,-0.454026830844
2012-12-16,,,,,0.0,1.0,,,,,0.0,,,,,1.0,1.0,0.0,0.0,1.0,1.0,1,1.0,0.0,1.0,1.0,0.0,3.0,3.0,0.0,0.0,0.0,0.0,0.0,3.0,3.0,0.0,2012-12-16,0.0,0.0,0.0,0.433456220925,0.433456220925,0.433456220925,0.433456220925
2012-12-17,,,,,0.0,1.0,,,,,0.0,,,,,1.0,,,,,1.0,0,0.0,0.0,0.0,,,3.0,3.0,0.0,0.0,0.0,0.0,0.0,3.0,3.0,0.0,2012-12-17,0.0,0.0,0.0,0.0,0.0,,
2012-12-18,,,,,0.0,1.0,,,,,0.0,1.0,0.0,0.0,1.0,1.0,,,,,1.0,1,1.0,0.0,1.0,1.0,0.0,4.0,0.0,0.0,0.0,0.0,0.0,1.0,0.0,3.0,0.0,2012-12-18,0.0,0.0,0.59137585224,0.0,0.59137585224,0.59137585224,0.59137585224
2012-12-19,,,,,0.0,1.0,,,,,0.0,,,,,1.0,,,,,1.0,0,0.0,0.0,0.0,,,4.0,0.0,0.0,0.0,0.0,0.0,1.0,0.0,3.0,0.0,2012-12-19,0.0,0.0,0.0,0.0,0.0,,
2012-12-20,,,,,0.0,1.0,,,,,0.0,0.0,1.0,0.0,1.0,1.0,,,,,1.0,1,0.0,1.0,-1.0,0.0,1.0,3.0,1.0,0.0,0.0,0.0,0.0,0.0,1.0,3.0,0.0,2012-12-20,0.0,0.0,-0.467761732984,0.0,-0.467761732984,-0.467761732984,-0.467761732984
2012-12-21,,,,,0.0,1.0,,,,,0.0,0.0,1.0,0.0,1.0,1.0,,,,,1.0,1,0.0,1.0,-1.0,0.0,1.0,3.0,2.0,0.0,0.0,0.0,0.0,0.0,2.0,3.0,0.0,2012-12-21,0.0,0.0,-0.420985559685,0.0,-0.420985559685,-0.420985559685,-0.420985559685
2012-12-22,,,,,0.0,1.0,,,,,0.0,,,,,1.0,,,,,1.0,0,0.0,0.0,0.0,,,3.0,2.0,0.0,0.0,0.0,0.0,0.0,2.0,3.0,0.0,2012-12-22,0.0,0.0,0.0,0.0,0.0,,
2012-12-23,,,,,0.0,1.0,,,,,0.0,0.0,1.0,0.0,1.0,1.0,0.0,1.0,0.0,1.0,1.0,2,0.0,2.0,-2.0,0.0,1.0,0.0,4.0,0.0,0.0,0.0,0.0,0.0,3.0,0.0,1.0,2012-12-23,0.0,0.0,-0.378887003717,-0.609889401167,-0.988776404884,-0.988776404884,-0.494388202442
2012-12-24,,,,,0.0,1.0,,,,,0.0,,,,,1.0,,,,,1.0,0,0.0,0.0,0.0,,,0.0,4.0,0.0,0.0,0.0,0.0,0.0,3.0,0.0,1.0,2012-12-24,0.0,0.0,0.0,0.0,0.0,,
2012-12-25,,,,,0.0,1.0,,,,,0.0,,,,,1.0,,,,,1.0,0,0.0,0.0,0.0,,,0.0,4.0,0.0,0.0,0.0,0.0,0.0,3.0,0.0,1.0,2012-12-25,0.0,0.0,0.0,0.0,0.0,,
2012-12-26,,,,,0.0,1.0,,,,,0.0,,,,,1.0,,,,,1.0,0,0.0,0.0,0.0,,,0.0,4.0,0.0,0.0,0.0,0.0,0.0,3.0,0.0,1.0,2012-12-26,0.0,0.0,0.0,0.0,0.0,,
2012-12-27,,,,,0.0,1.0,,,,,0.0,0.0,1.0,0.0,1.0,1.0,,,,,1.0,1,0.0,1.0,-1.0,0.0,1.0,0.0,5.0,0.0,0.0,0.0,0.0,0.0,4.0,0.0,1.0,2012-12-27,0.0,0.0,-0.340998303345,0.0,-0.340998303345,-0.340998303345,-0.340998303345
2012-12-28,,,,,0.0,1.0,,,,,0.0,0.0,1.0,0.0,1.0,1.0,,,,,1.0,1,0.0,1.0,-1.0,0.0,1.0,0.0,6.0,0.0,0.0,0.0,0.0,0.0,5.0,0.0,1.0,2012-12-28,0.0,0.0,-0.306898473011,0.0,-0.306898473011,-0.306898473011,-0.306898473011
2012-12-29,,,,,0.0,1.0,,,,,0.0,,,,,1.0,,,,,1.0,0,0.0,0.0,0.0,,,0.0,6.0,0.0,0.0,0.0,0.0,0.0,5.0,0.0,1.0,2012-12-29,0.0,0.0,0.0,0.0,0.0,,
2012-12-30,,,,,0.0,1.0,,,,,0.0,0.0,1.0,0.0,1.0,1.0,0.0,1.0,0.0,1.0,1.0,2,0.0,2.0,-2.0,0.0,1.0,0.0,8.0,0.0,0.0,0.0,0.0,0.0,6.0,0.0,2.0,2012-12-30,0.0,0.0,-0.27620862571,-0.54890046105,-0.82510908676,-0.82510908676,-0.41255454338
2012-12-31,,,,,0.0,0.0,,,,,0.0,,,,,0.0,,,,,0.0,0,0.0,0.0,0.0,,,0.0,0.0,0.0,0.0,0.0,0.0,0.0,0.0,0.0,0.0,2012-12-31,0.0,0.0,0.0,0.0,0.0,,
