,kings_wins,kings_losses,kings_ties,kings_num_events,temp,dodgers_wins,dodgers_losses,dodgers_ties,dodgers_num_events,angels_wins,angels_losses,angels_ties,angels_num_events,lakers_wins,lakers_losses,lakers_ties,lakers_num_events,clippers_wins,clippers_losses,clippers_ties,clippers_num_events,num_events,sum_wins,sum_losses,sports_composite,p_win,p_loss,sum_streak,sum_loss_streak,kings_streak,kings_loss_streak,dodgers_streak,dodgers_loss_streak,angels_streak,angels_loss_streak,lakers_streak,lakers_loss_streak,clippers_streak,clippers_loss_streak,date,kings_pe,dodgers_pe,angels_pe,lakers_pe,clippers_pe,sum_pe,sum_pe_with_na,mean_pe
2013-01-01,,,,,0.0,,,,,,,,,0.0,1.0,0.0,1.0,0.0,1.0,0.0,1.0,2,0.0,2.0,-2.0,0.0,1.0,0.0,2.0,0.0,0.0,0.0,0.0,0.0,0.0,0.0,1.0,0.0,1.0,2013-01-01,0.0,0.0,0.0,-0.5,-0.5,-1.0,-1.0,-0.5
2013-01-02,,,,,0.0,,,,,,,,,,,,,0.0,1.0,0.0,1.0,1,0.0,1.0,-1.0,0.0,1.0,0.0,3.0,0.0,0.0,0.0,0.0,0.0,0.0,0.0,1.0,0.0,2.0,2013-01-02,0.0,0.0,0.0,0.0,-0.45,-0.45,-0.45,-0.45
2013-01-03,,,,,0.0,,,,,,,,,,,,,,,,,0,0.0,0.0,0.0,,,0.0,3.0,0.0,0.0,0.0,0.0,0.0,0.0,0.0,1.0,0.0,2.0,2013-01-03,0.0,0.0,0.0,0.0,0.0,0.0,,
2013-01-04,,,,,0.0,,,,,,,,,0.0,1.0,0.0,1.0,1.0,0.0,0.0,1.0,2,1.0,1.0,0.0,0.5,0.5,1.0,2.0,0.0,0.0,0.0,0.0,0.0,0.0,0.0,2.0,1.0,0.0,2013-01-04,0.0,0.0,0.0,-0.45,0.595,0.145,0.145,0.0725
2013-01-05,,,,,0.0,,,,,,,,,,,,,1.0,0.0,0.0,1.0,1,1.0,0.0,1.0,1.0,0.0,2.0,2.0,0.0,0.0,0.0,0.0,0.0,0.0,0.0,2.0,2.0,0.0,2013-01-05,0.0,0.0,0.0,0.0,0.5355,0.5355,0.5355,0.5355
2013-01-06,,,,,0.0,,,,,,,,,0.0,1.0,0.0,1.0,,,,,1,0.0,1.0,-1.0,0.0,1.0,2.0,3.0,0.0,0.0,0.0,0.0,0.0,0.0,0.0,3.0,2.0,0.0,2013-01-06,0.0,0.0,0.0,-0.405,0.0,-0.405,-0.405,-0.405
2013-01-07,,,,,0.0,,,,,,,,,,,,,,,,,0,0.0,0.0,0.0,,,2.0,3.0,0.0,0.0,0.0,0.0,0.0,0.0,0.0,3.0,2.0,0.0,2013-01-07,0.0,0.0,0.0,0.0,0.0,0.0,,
2013-01-08,,,,,0.0,,,,,,,,,0.0,1.0,0.0,1.0,,,,,1,0.0,1.0,-1.0,0.0,1.0,2.0,4.0,0.0,0.0,0.0,0.0,0.0,0.0,0.0,4.0,2.0,0.0,2013-01-08,0.0,0.0,0.0,-0.3645,0.0,-0.3645,-0.3645,-0.3645
2013-01-09,,,,,0.0,,,,,,,,,0.0,1.0,0.0,1.0,1.0,0.0,0.0,1.0,2,1.0,1.0,0.0,0.5,0.5,3.0,5.0,0.0,0.0,0.0,0.0,0.0,0.0,0.0,5.0,3.0,0.0,2013-01-09,0.0,0.0,0.0,-0.32805,0.48195,0.1539,0.1539,0.07695
2013-01-10,,,,,0.0,,,,,,,,,,,,,,,,,0,0.0,0.0,0.0,,,3.0,5.0,0.0,0.0,0.0,0.0,0.0,0.0,0.0,5.0,3.0,0.0,2013-01-10,0.0,0.0,0.0,0.0,0.0,0.0,,
2013-01-11,,,,,0.0,,,,,,,,,0.0,1.0,0.0,1.0,,,,,1,0.0,1.0,-1.0,0.0,1.0,3.0,6.0,0.0,0.0,0.0,0.0,0.0,0.0,0.0,6.0,3.0,0.0,2013-01-11,0.0,0.0,0.0,-0.295245,0.0,-0.295245,-0.295245,-0.295245
2013-01-12,,,,,0.0,,,,,,,,,,,,,0.0,1.0,0.0,1.0,1,0.0,1.0,-1.0,0.0,1.0,0.0,7.0,0.0,0.0,0.0,0.0,0.0,0.0,0.0,6.0,0.0,1.0,2013-01-12,0.0,0.0,0.0,0.0,-0.566245,-0.566245,-0.566245,-0.566245
2013-01-13,,,,,0.0,,,,,,,,,1.0,0.0,0.0,1.0,,,,,1,1.0,0.0,1.0,1.0,0.0,1.0,1.0,0.0,0.0,0.0,0.0,0.0,0.0,1.0,0.0,0.0,1.0,2013-01-13,0.0,0.0,0.0,0.7342795,0.0,0.7342795,0.7342795,0.7342795
2013-01-14,,,,,0.0,,,,,,,,,,,,,1.0,0.0,0.0,1.0,1,1.0,0.0,1.0,1.0,0.0,2.0,0.0,0.0,0.0,0.0,0.0,0.0,0.0,1.0,0.0,1.0,0.0,2013-01-14,0.0,0.0,0.0,0.0,0.4903795,0.4903795,0.4903795,0.4903795
2013-01-15,,,,,0.0,,,,,,,,,1.0,0.0,0.0,1.0,1.0,0.0,0.0,1.0,2,2.0,0.0,2.0,1.0,0.0,4.0,0.0,0.0,0.0,0.0,0.0,0.0,0.0,2.0,0.0,2.0,0.0,2013-01-15,0.0,0.0,0.0,0.66085155,0.44134155,1.1021931,1.1021931,0.55109655
2013-01-16,,,,,0.0,,,,,,,,,,,,,,,,,0,0.0,0.0,0.0,,,4.0,0.0,0.0,0.0,0.0,0.0,0.0,0.0,2.0,0.0,2.0,0.0,2013-01-16,0.0,0.0,0.0,0.0,0.0,0.0,,
2013-01-17,,,,,0.0,,,,,,,,,0.0,1.0,0.0,1.0,1.0,0.0,0.0,1.0,2,1.0,1.0,0.0,0.5,0.5,3.0,1.0,0.0,0.0,0.0,0.0,0.0,0.0,0.0,1.0,3.0,0.0,2013-01-17,0.0,0.0,0.0,-0.405233605,0.397207395,-0.00802621,-0.00802621,-0.004013105
2013-01-18,,,,,0.0,,,,,,,,,,,,,,,,,0,0.0,0.0,0.0,,,3.0,1.0,0.0,0.0,0.0,0.0,0.0,0.0,0.0,1.0,3.0,0.0,2013-01-18,0.0,0.0,0.0,0.0,0.0,0.0,,
2013-01-19,0.0,1.0,0.0,1.0,0.0,,,,,,,,,,,,,1.0,0.0,0.0,1.0,2,1.0,1.0,0.0,0.5,0.5,4.0,2.0,0.0,1.0,0.0,0.0,0.0,0.0,0.0,1.0,4.0,0.0,2013-01-19,-0.5,0.0,0.0,0.0,0.3574866555,-0.1425133445,-0.1425133445,-0.07125667225
2013-01-20,,,,,0.0,,,,,,,,,0.0,1.0,0.0,1.0,,,,,1,0.0,1.0,-1.0,0.0,1.0,4.0,3.0,0.0,1.0,0.0,0.0,0.0,0.0,0.0,2.0,4.0,0.0,2013-01-20,0.0,0.0,0.0,-0.3647102445,0.0,-0.3647102445,-0.3647102445,-0.3647102445
2013-01-21,,,,,0.0,,,,,,,,,0.0,1.0,0.0,1.0,0.0,1.0,0.0,1.0,2,0.0,2.0,-2.0,0.0,1.0,0.0,5.0,0.0,1.0,0.0,0.0,0.0,0.0,0.0,3.0,0.0,1.0,2013-01-21,0.0,0.0,0.0,-0.32823922005,-0.67826201005,-1.0065012301,-1.0065012301,-0.50325061505
2013-01-22,0.0,1.0,0.0,1.0,0.0,,,,,,,,,,,,,0.0,1.0,0.0,1.0,2,0.0,2.0,-2.0,0.0,1.0,0.0,7.0,0.0,2.0,0.0,0.0,0.0,0.0,0.0,3.0,0.0,2.0,2013-01-22,-0.45,0.0,0.0,0.0,-0.610435809045,-1.06043580904,-1.06043580904,-0.530217904522
2013-01-23,,,,,0.0,,,,,,,,,0.0,1.0,0.0,1.0,,,,,1,0.0,1.0,-1.0,0.0,1.0,0.0,8.0,0.0,2.0,0.0,0.0,0.0,0.0,0.0,4.0,0.0,2.0,2013-01-23,0.0,0.0,0.0,-0.295415298045,0.0,-0.295415298045,-0.295415298045,-0.295415298045
2013-01-24,0.0,1.0,0.0,1.0,0.0,,,,,,,,,,,,,0.0,1.0,0.0,1.0,2,0.0,2.0,-2.0,0.0,1.0,0.0,10.0,0.0,3.0,0.0,0.0,0.0,0.0,0.0,4.0,0.0,3.0,2013-01-24,-0.405,0.0,0.0,0.0,-0.54939222814,-0.95439222814,-0.95439222814,-0.47719611407
2013-01-25,,,,,0.0,,,,,,,,,1.0,0.0,0.0,1.0,,,,,1,1.0,0.0,1.0,1.0,0.0,1.0,6.0,0.0,3.0,0.0,0.0,0.0,0.0,1.0,0.0,0.0,3.0,2013-01-25,0.0,0.0,0.0,0.734126231759,0.0,0.734126231759,0.734126231759,0.734126231759
2013-01-26,1.0,0.0,0.0,1.0,0.0,,,,,,,,,,,,,0.0,1.0,0.0,1.0,2,1.0,1.0,0.0,0.5,0.5,2.0,4.0,1.0,0.0,0.0,0.0,0.0,0.0,1.0,0.0,0.0,4.0,2013-01-26,0.6355,0.0,0.0,0.0,-0.494453005326,0.141046994674,0.141046994674,0.0705234973368
2013-01-27,,,,,0.0,,,,,,,,,1.0,0.0,0.0,1.0,1.0,0.0,0.0,1.0,2,2.0,0.0,2.0,1.0,0.0,4.0,0.0,1.0,0.0,0.0,0.0,0.0,0.0,2.0,0.0,1.0,0.0,2013-01-27,0.0,0.0,0.0,0.660713608584,0.554992295206,1.21570590379,1.21570590379,0.607852951895
2013-01-28,1.0,0.0,0.0,1.0,0.0,,,,,,,,,,,,,,,,,1,1.0,0.0,1.0,1.0,0.0,5.0,0.0,2.0,0.0,0.0,0.0,0.0,0.0,2.0,0.0,1.0,0.0,2013-01-28,0.57195,0.0,0.0,0.0,0.0,0.57195,0.57195,0.57195
2013-01-29,,,,,0.0,,,,,,,,,1.0,0.0,0.0,1.0,,,,,1,1.0,0.0,1.0,1.0,0.0,6.0,0.0,2.0,0.0,0.0,0.0,0.0,0.0,3.0,0.0,1.0,0.0,2013-01-29,0.0,0.0,0.0,0.594642247725,0.0,0.594642247725,0.594642247725,0.594642247725
2013-01-30,,,,,0.0,,,,,,,,,0.0,1.0,0.0,1.0,1.0,0.0,0.0,1.0,2,1.0,1.0,0.0,0.5,0.5,4.0,1.0,2.0,0.0,0.0,0.0,0.0,0.0,0.0,1.0,2.0,0.0,2013-01-30,0.0,0.0,0.0,-0.464821977047,0.499493065686,0.0346710886383,0.0346710886383,0.0173355443191
2013-01-31,0.0,1.0,0.0,1.0,0.0,,,,,,,,,,,,,,,,,1,0.0,1.0,-1.0,0.0,1.0,2.0,2.0,0.0,1.0,0.0,0.0,0.0,0.0,0.0,1.0,2.0,0.0,2013-01-31,-0.485245,0.0,0.0,0.0,0.0,-0.485245,-0.485245,-0.485245
2013-02-01,,,,,0.0,,,,,,,,,1.0,0.0,0.0,1.0,0.0,1.0,0.0,1.0,2,1.0,1.0,0.0,0.5,0.5,1.0,2.0,0.0,1.0,0.0,0.0,0.0,0.0,1.0,0.0,0.0,1.0,2013-02-01,0.0,0.0,0.0,0.581660220657,-0.550456240883,0.0312039797744,0.0312039797744,0.0156019898872
2013-02-02,0.0,1.0,0.0,1.0,0.0,,,,,,,,,,,,,,,,,1,0.0,1.0,-1.0,0.0,1.0,1.0,3.0,0.0,2.0,0.0,0.0,0.0,0.0,1.0,0.0,0.0,1.0,2013-02-02,-0.4367205,0.0,0.0,0.0,0.0,-0.4367205,-0.4367205,-0.4367205
2013-02-03,,,,,0.0,,,,,,,,,1.0,0.0,0.0,1.0,0.0,1.0,0.0,1.0,2,1.0,1.0,0.0,0.5,0.5,2.0,4.0,0.0,2.0,0.0,0.0,0.0,0.0,2.0,0.0,0.0,2.0,2013-02-03,0.0,0.0,0.0,0.523494198592,-0.495410616795,0.028083581797,0.028083581797,0.0140417908985
2013-02-04,,,,,0.0,,,,,,,,,,,,,0.0,1.0,0.0,1.0,1,0.0,1.0,-1.0,0.0,1.0,2.0,5.0,0.0,2.0,0.0,0.0,0.0,0.0,2.0,0.0,0.0,3.0,2013-02-04,0.0,0.0,0.0,0.0,-0.445869555115,-0.445869555115,-0.445869555115,-0.445869555115
2013-02-05,1.0,0.0,0.0,1.0,0.0,,,,,,,,,1.0,0.0,0.0,1.0,,,,,2,2.0,0.0,2.0,1.0,0.0,4.0,3.0,1.0,0.0,0.0,0.0,0.0,0.0,3.0,0.0,0.0,3.0,2013-02-05,0.60695155,0.0,0.0,0.471144778733,0.0,1.07809632873,1.07809632873,0.539048164366
2013-02-06,,,,,0.0,,,,,,,,,,,,,1.0,0.0,0.0,1.0,1,1.0,0.0,1.0,1.0,0.0,5.0,0.0,1.0,0.0,0.0,0.0,0.0,0.0,3.0,0.0,1.0,0.0,2013-02-06,0.0,0.0,0.0,0.0,0.598717400396,0.598717400396,0.598717400396,0.598717400396
2013-02-07,0.0,1.0,0.0,1.0,0.0,,,,,,,,,0.0,1.0,0.0,1.0,,,,,2,0.0,2.0,-2.0,0.0,1.0,1.0,2.0,0.0,1.0,0.0,0.0,0.0,0.0,0.0,1.0,1.0,0.0,2013-02-07,-0.453743605,0.0,0.0,-0.575969699141,0.0,-1.02971330414,-1.02971330414,-0.51485665207
2013-02-08,,,,,0.0,,,,,,,,,1.0,0.0,0.0,1.0,0.0,1.0,0.0,1.0,2,1.0,1.0,0.0,0.5,0.5,1.0,2.0,0.0,1.0,0.0,0.0,0.0,0.0,1.0,0.0,0.0,1.0,2013-02-08,0.0,0.0,0.0,0.481627270773,-0.461154339643,0.02047293113,0.02047293113,0.010236465565
2013-02-09,,,,,0.0,,,,,,,,,,,,,,,,,0,0.0,0.0,0.0,,,1.0,2.0,0.0,1.0,0.0,0.0,0.0,0.0,1.0,0.0,0.0,1.0,2013-02-09,0.0,0.0,0.0,0.0,0.0,0.0,,
2013-02-10,0.0,1.0,0.0,1.0,0.0,,,,,,,,,0.0,1.0,0.0,1.0,1.0,0.0,0.0,1.0,3,1.0,2.0,-1.0,0.333333333333,0.666666666667,1.0,3.0,0.0,2.0,0.0,0.0,0.0,0.0,0.0,1.0,1.0,0.0,2013-02-10,-0.4083692445,0.0,0.0,-0.566535456304,0.584961094321,-0.389943606483,-0.389943606483,-0.129981202161
2013-02-11,1.0,0.0,0.0,1.0,0.0,,,,,,,,,,,,,1.0,0.0,0.0,1.0,2,2.0,0.0,2.0,1.0,0.0,3.0,1.0,1.0,0.0,0.0,0.0,0.0,0.0,0.0,1.0,2.0,0.0,2013-02-11,0.63246767995,0.0,0.0,0.0,0.526464984889,1.15893266484,1.15893266484,0.579466332419
2013-02-12,,,,,0.0,,,,,,,,,1.0,0.0,0.0,1.0,,,,,1,1.0,0.0,1.0,1.0,0.0,4.0,0.0,1.0,0.0,0.0,0.0,0.0,0.0,1.0,0.0,2.0,0.0,2013-02-12,0.0,0.0,0.0,0.490118089326,0.0,0.490118089326,0.490118089326,0.490118089326
2013-02-13,,,,,0.0,,,,,,,,,,,,,1.0,0.0,0.0,1.0,1,1.0,0.0,1.0,1.0,0.0,5.0,0.0,1.0,0.0,0.0,0.0,0.0,0.0,1.0,0.0,3.0,0.0,2013-02-13,0.0,0.0,0.0,0.0,0.4738184864,0.4738184864,0.4738184864,0.4738184864
2013-02-14,,,,,0.0,,,,,,,,,0.0,1.0,0.0,1.0,1.0,0.0,0.0,1.0,2,1.0,1.0,0.0,0.5,0.5,5.0,1.0,1.0,0.0,0.0,0.0,0.0,0.0,0.0,1.0,4.0,0.0,2013-02-14,0.0,0.0,0.0,-0.558893719606,0.42643663776,-0.132457081846,-0.132457081846,-0.0662285409231
2013-02-15,1.0,0.0,0.0,1.0,0.0,,,,,,,,,,,,,,,,,1,1.0,0.0,1.0,1.0,0.0,6.0,1.0,2.0,0.0,0.0,0.0,0.0,0.0,0.0,1.0,4.0,0.0,2013-02-15,0.569220911955,0.0,0.0,0.0,0.0,0.569220911955,0.569220911955,0.569220911955
2013-02-16,,,,,0.0,,,,,,,,,,,,,,,,,0,0.0,0.0,0.0,,,6.0,1.0,2.0,0.0,0.0,0.0,0.0,0.0,0.0,1.0,4.0,0.0,2013-02-16,0.0,0.0,0.0,0.0,0.0,0.0,,
2013-02-17,0.0,1.0,0.0,1.0,0.0,,,,,,,,,,,,,,,,,1,0.0,1.0,-1.0,0.0,1.0,4.0,2.0,0.0,1.0,0.0,0.0,0.0,0.0,0.0,1.0,4.0,0.0,2013-02-17,-0.487701179241,0.0,0.0,0.0,0.0,-0.487701179241,-0.487701179241,-0.487701179241
2013-02-18,,,,,0.0,,,,,,,,,,,,,,,,,0,0.0,0.0,0.0,,,4.0,2.0,0.0,1.0,0.0,0.0,0.0,0.0,0.0,1.0,4.0,0.0,2013-02-18,0.0,0.0,0.0,0.0,0.0,0.0,,
2013-02-19,1.0,0.0,0.0,1.0,0.0,,,,,,,,,,,,,,,,,1,1.0,0.0,1.0,1.0,0.0,5.0,1.0,1.0,0.0,0.0,0.0,0.0,0.0,0.0,1.0,4.0,0.0,2013-02-19,0.561068938684,0.0,0.0,0.0,0.0,0.561068938684,0.561068938684,0.561068938684
2013-02-20,1.0,0.0,0.0,1.0,0.0,,,,,,,,,1.0,0.0,0.0,1.0,,,,,2,2.0,0.0,2.0,1.0,0.0,7.0,0.0,2.0,0.0,0.0,0.0,0.0,0.0,1.0,0.0,4.0,0.0,2013-02-20,0.504962044815,0.0,0.0,0.496995652354,0.0,1.00195769717,1.00195769717,0.500978848585
2013-02-21,,,,,0.0,,,,,,,,,,,,,0.0,1.0,0.0,1.0,1,0.0,1.0,-1.0,0.0,1.0,3.0,1.0,2.0,0.0,0.0,0.0,0.0,0.0,1.0,0.0,0.0,1.0,2013-02-21,0.0,0.0,0.0,0.0,-0.616207026016,-0.616207026016,-0.616207026016,-0.616207026016
2013-02-22,,,,,0.0,,,,,,,,,1.0,0.0,0.0,1.0,,,,,1,1.0,0.0,1.0,1.0,0.0,4.0,1.0,2.0,0.0,0.0,0.0,0.0,0.0,2.0,0.0,0.0,1.0,2013-02-22,0.0,0.0,0.0,0.447296087119,0.0,0.447296087119,0.447296087119,0.447296087119
2013-02-23,1.0,0.0,0.0,1.0,0.0,,,,,,,,,,,,,1.0,0.0,0.0,1.0,2,2.0,0.0,2.0,1.0,0.0,6.0,0.0,3.0,0.0,0.0,0.0,0.0,0.0,2.0,0.0,1.0,0.0,2013-02-23,0.454465840334,0.0,0.0,0.0,0.445413676586,0.899879516919,0.899879516919,0.44993975846
2013-02-24,,,,,0.0,,,,,,,,,1.0,0.0,0.0,1.0,,,,,1,1.0,0.0,1.0,1.0,0.0,7.0,0.0,3.0,0.0,0.0,0.0,0.0,0.0,3.0,0.0,1.0,0.0,2013-02-24,0.0,0.0,0.0,0.402566478407,0.0,0.402566478407,0.402566478407,0.402566478407
2013-02-25,1.0,0.0,0.0,1.0,0.0,,,,,,,,,0.0,1.0,0.0,1.0,,,,,2,1.0,1.0,0.0,0.5,0.5,5.0,1.0,4.0,0.0,0.0,0.0,0.0,0.0,0.0,1.0,1.0,0.0,2013-02-25,0.4090192563,0.0,0.0,-0.637690169434,0.0,-0.228670913133,-0.228670913133,-0.114335456567
2013-02-26,,,,,0.0,,,,,,,,,,,,,1.0,0.0,0.0,1.0,1,1.0,0.0,1.0,1.0,0.0,6.0,1.0,4.0,0.0,0.0,0.0,0.0,0.0,0.0,1.0,2.0,0.0,2013-02-26,0.0,0.0,0.0,0.0,0.400872308927,0.400872308927,0.400872308927,0.400872308927
2013-02-27,1.0,0.0,0.0,1.0,0.0,,,,,,,,,,,,,,,,,1,1.0,0.0,1.0,1.0,0.0,7.0,1.0,5.0,0.0,0.0,0.0,0.0,0.0,0.0,1.0,2.0,0.0,2013-02-27,0.36811733067,0.0,0.0,0.0,0.0,0.36811733067,0.36811733067,0.36811733067
2013-02-28,,,,,0.0,,,,,,,,,1.0,0.0,0.0,1.0,1.0,0.0,0.0,1.0,2,2.0,0.0,2.0,1.0,0.0,9.0,0.0,5.0,0.0,0.0,0.0,0.0,0.0,1.0,0.0,3.0,0.0,2013-02-28,0.0,0.0,0.0,0.42607884751,0.360785078034,0.786863925544,0.786863925544,0.393431962772
2013-03-01,,,,,0.0,,,,,,,,,,,,,1.0,0.0,0.0,1.0,1,1.0,0.0,1.0,1.0,0.0,10.0,0.0,5.0,0.0,0.0,0.0,0.0,0.0,1.0,0.0,4.0,0.0,2013-03-01,0.0,0.0,0.0,0.0,0.324706570231,0.324706570231,0.324706570231,0.324706570231
2013-03-02,0.0,1.0,0.0,1.0,0.0,,,,,,,,,,,,,,,,,1,0.0,1.0,-1.0,0.0,1.0,5.0,1.0,0.0,1.0,0.0,0.0,0.0,0.0,1.0,0.0,4.0,0.0,2013-03-02,-0.668694402397,0.0,0.0,0.0,0.0,-0.668694402397,-0.668694402397,-0.668694402397
2013-03-03,,,,,0.0,,,,,,,,,1.0,0.0,0.0,1.0,0.0,1.0,0.0,1.0,2,1.0,1.0,0.0,0.5,0.5,2.0,2.0,0.0,1.0,0.0,0.0,0.0,0.0,2.0,0.0,0.0,1.0,2013-03-03,0.0,0.0,0.0,0.383470962759,-0.707764086792,-0.324293124033,-0.324293124033,-0.162146562017
2013-03-04,1.0,0.0,0.0,1.0,0.0,,,,,,,,,,,,,,,,,1,1.0,0.0,1.0,1.0,0.0,3.0,1.0,1.0,0.0,0.0,0.0,0.0,0.0,2.0,0.0,0.0,1.0,2013-03-04,0.398175037843,0.0,0.0,0.0,0.0,0.398175037843,0.398175037843,0.398175037843
2013-03-05,1.0,0.0,0.0,1.0,0.0,,,,,,,,,0.0,1.0,0.0,1.0,,,,,2,1.0,1.0,0.0,0.5,0.5,2.0,2.0,2.0,0.0,0.0,0.0,0.0,0.0,0.0,1.0,0.0,1.0,2013-03-05,0.358357534059,0.0,0.0,-0.654876133517,0.0,-0.296518599459,-0.296518599459,-0.148259299729
2013-03-06,,,,,0.0,,,,,,,,,1.0,0.0,0.0,1.0,1.0,0.0,0.0,1.0,2,2.0,0.0,2.0,1.0,0.0,4.0,0.0,2.0,0.0,0.0,0.0,0.0,0.0,1.0,0.0,1.0,0.0,2013-03-06,0.0,0.0,0.0,0.410611479835,0.363012321887,0.773623801722,0.773623801722,0.386811900861
2013-03-07,0.0,1.0,0.0,1.0,0.0,,,,,,,,,,,,,0.0,1.0,0.0,1.0,2,0.0,2.0,-2.0,0.0,1.0,1.0,2.0,0.0,1.0,0.0,0.0,0.0,0.0,1.0,0.0,0.0,1.0,2013-03-07,-0.677478219347,0.0,0.0,0.0,-0.673288910302,-1.35076712965,-1.35076712965,-0.675383564824
2013-03-08,,,,,0.0,,,,,,,,,1.0,0.0,0.0,1.0,,,,,1,1.0,0.0,1.0,1.0,0.0,2.0,2.0,0.0,1.0,0.0,0.0,0.0,0.0,2.0,0.0,0.0,1.0,2013-03-08,0.0,0.0,0.0,0.369550331851,0.0,0.369550331851,0.369550331851,0.369550331851
2013-03-09,1.0,0.0,0.0,1.0,0.0,,,,,,,,,,,,,,,,,1,1.0,0.0,1.0,1.0,0.0,3.0,1.0,1.0,0.0,0.0,0.0,0.0,0.0,2.0,0.0,0.0,1.0,2013-03-09,0.390269602587,0.0,0.0,0.0,0.0,0.390269602587,0.390269602587,0.390269602587
2013-03-10,,,,,0.0,,,,,,,,,1.0,0.0,0.0,1.0,1.0,0.0,0.0,1.0,2,2.0,0.0,2.0,1.0,0.0,5.0,0.0,1.0,0.0,0.0,0.0,0.0,0.0,3.0,0.0,1.0,0.0,2013-03-10,0.0,0.0,0.0,0.332595298666,0.394039980729,0.726635279395,0.726635279395,0.363317639697
2013-03-11,1.0,0.0,0.0,1.0,0.0,,,,,,,,,,,,,,,,,1,1.0,0.0,1.0,1.0,0.0,6.0,0.0,2.0,0.0,0.0,0.0,0.0,0.0,3.0,0.0,1.0,0.0,2013-03-11,0.351242642329,0.0,0.0,0.0,0.0,0.351242642329,0.351242642329,0.351242642329
2013-03-12,0.0,1.0,0.0,1.0,0.0,,,,,,,,,1.0,0.0,0.0,1.0,,,,,2,1.0,1.0,0.0,0.5,0.5,5.0,1.0,0.0,1.0,0.0,0.0,0.0,0.0,4.0,0.0,1.0,0.0,2013-03-12,-0.683881621904,0.0,0.0,0.299335768799,0.0,-0.384545853105,-0.384545853105,-0.192272926552
2013-03-13,,,,,0.0,,,,,,,,,0.0,1.0,0.0,1.0,0.0,1.0,0.0,1.0,2,0.0,2.0,-2.0,0.0,1.0,0.0,3.0,0.0,1.0,0.0,0.0,0.0,0.0,0.0,1.0,0.0,1.0,2013-03-13,0.0,0.0,0.0,-0.730597808081,-0.645364017344,-1.37596182542,-1.37596182542,-0.687980912712
2013-03-14,0.0,1.0,0.0,1.0,0.0,,,,,,,,,,,,,,,,,1,0.0,1.0,-1.0,0.0,1.0,0.0,4.0,0.0,2.0,0.0,0.0,0.0,0.0,0.0,1.0,0.0,1.0,2013-03-14,-0.615493459714,0.0,0.0,0.0,0.0,-0.615493459714,-0.615493459714,-0.615493459714
2013-03-15,,,,,0.0,,,,,,,,,1.0,0.0,0.0,1.0,,,,,1,1.0,0.0,1.0,1.0,0.0,1.0,3.0,0.0,2.0,0.0,0.0,0.0,0.0,1.0,0.0,0.0,1.0,2013-03-15,0.0,0.0,0.0,0.342461972728,0.0,0.342461972728,0.342461972728,0.342461972728
2013-03-16,1.0,0.0,0.0,1.0,0.0,,,,,,,,,,,,,,,,,1,1.0,0.0,1.0,1.0,0.0,2.0,1.0,1.0,0.0,0.0,0.0,0.0,0.0,1.0,0.0,0.0,1.0,2013-03-16,0.446055886258,0.0,0.0,0.0,0.0,0.446055886258,0.446055886258,0.446055886258
2013-03-17,,,,,0.0,,,,,,,,,1.0,0.0,0.0,1.0,1.0,0.0,0.0,1.0,2,2.0,0.0,2.0,1.0,0.0,4.0,0.0,1.0,0.0,0.0,0.0,0.0,0.0,2.0,0.0,1.0,0.0,2013-03-17,0.0,0.0,0.0,0.308215775455,0.41917238439,0.727388159845,0.727388159845,0.363694079922
2013-03-18,1.0,0.0,0.0,1.0,0.0,,,,,,,,,0.0,1.0,0.0,1.0,,,,,2,1.0,1.0,0.0,0.5,0.5,3.0,1.0,2.0,0.0,0.0,0.0,0.0,0.0,0.0,1.0,1.0,0.0,2013-03-18,0.401450297632,0.0,0.0,-0.722605802091,0.0,-0.321155504459,-0.321155504459,-0.160577752229
2013-03-19,1.0,0.0,0.0,1.0,0.0,,,,,,,,,,,,,0.0,1.0,0.0,1.0,2,1.0,1.0,0.0,0.5,0.5,3.0,2.0,3.0,0.0,0.0,0.0,0.0,0.0,0.0,1.0,0.0,1.0,2013-03-19,0.361305267869,0.0,0.0,0.0,-0.622744854049,-0.26143958618,-0.26143958618,-0.13071979309
2013-03-20,,,,,0.0,,,,,,,,,,,,,1.0,0.0,0.0,1.0,1,1.0,0.0,1.0,1.0,0.0,4.0,1.0,3.0,0.0,0.0,0.0,0.0,0.0,0.0,1.0,1.0,0.0,2013-03-20,0.0,0.0,0.0,0.0,0.439529631356,0.439529631356,0.439529631356,0.439529631356
2013-03-21,0.0,1.0,0.0,1.0,0.0,,,,,,,,,,,,,,,,,1,0.0,1.0,-1.0,0.0,1.0,1.0,2.0,0.0,1.0,0.0,0.0,0.0,0.0,0.0,1.0,1.0,0.0,2013-03-21,-0.674825258918,0.0,0.0,0.0,0.0,-0.674825258918,-0.674825258918,-0.674825258918
2013-03-22,,,,,0.0,,,,,,,,,0.0,1.0,0.0,1.0,,,,,1,0.0,1.0,-1.0,0.0,1.0,1.0,3.0,0.0,1.0,0.0,0.0,0.0,0.0,0.0,2.0,1.0,0.0,2013-03-22,0.0,0.0,0.0,-0.650345221882,0.0,-0.650345221882,-0.650345221882,-0.650345221882
2013-03-23,0.0,1.0,0.0,1.0,0.0,,,,,,,,,,,,,1.0,0.0,0.0,1.0,2,1.0,1.0,0.0,0.5,0.5,2.0,4.0,0.0,2.0,0.0,0.0,0.0,0.0,0.0,2.0,2.0,0.0,2013-03-23,-0.607342733026,0.0,0.0,0.0,0.39557666822,-0.211766064806,-0.211766064806,-0.105883032403
2013-03-24,,,,,0.0,,,,,,,,,,,,,,,,,0,0.0,0.0,0.0,,,2.0,4.0,0.0,2.0,0.0,0.0,0.0,0.0,0.0,2.0,2.0,0.0,2013-03-24,0.0,0.0,0.0,0.0,0.0,0.0,,
2013-03-25,1.0,0.0,0.0,1.0,0.0,,,,,,,,,0.0,1.0,0.0,1.0,,,,,2,1.0,1.0,0.0,0.5,0.5,3.0,3.0,1.0,0.0,0.0,0.0,0.0,0.0,0.0,3.0,2.0,0.0,2013-03-25,0.453391540276,0.0,0.0,-0.585310699693,0.0,-0.131919159417,-0.131919159417,-0.0659595797086
2013-03-26,,,,,0.0,,,,,,,,,,,,,0.0,1.0,0.0,1.0,1,0.0,1.0,-1.0,0.0,1.0,1.0,4.0,1.0,0.0,0.0,0.0,0.0,0.0,0.0,3.0,0.0,1.0,2013-03-26,0.0,0.0,0.0,0.0,-0.643980998602,-0.643980998602,-0.643980998602,-0.643980998602
2013-03-27,,,,,0.0,,,,,,,,,1.0,0.0,0.0,1.0,1.0,0.0,0.0,1.0,2,2.0,0.0,2.0,1.0,0.0,3.0,0.0,1.0,0.0,0.0,0.0,0.0,0.0,1.0,0.0,1.0,0.0,2013-03-27,0.0,0.0,0.0,0.473220370276,0.420417101259,0.893637471534,0.893637471534,0.446818735767
2013-03-28,1.0,0.0,0.0,1.0,0.0,,,,,,,,,0.0,1.0,0.0,1.0,,,,,2,1.0,1.0,0.0,0.5,0.5,3.0,1.0,2.0,0.0,0.0,0.0,0.0,0.0,0.0,1.0,1.0,0.0,2013-03-28,0.408052386249,0.0,0.0,-0.574101666752,0.0,-0.166049280503,-0.166049280503,-0.0830246402515
2013-03-29,,,,,0.0,,,,,,,,,,,,,0.0,1.0,0.0,1.0,1,0.0,1.0,-1.0,0.0,1.0,2.0,2.0,2.0,0.0,0.0,0.0,0.0,0.0,0.0,1.0,0.0,1.0,2013-03-29,0.0,0.0,0.0,0.0,-0.621624608867,-0.621624608867,-0.621624608867,-0.621624608867
2013-03-30,0.0,1.0,0.0,1.0,0.0,,,,,,,,,1.0,0.0,0.0,1.0,0.0,1.0,0.0,1.0,3,1.0,2.0,-1.0,0.333333333333,0.666666666667,1.0,3.0,0.0,1.0,0.0,0.0,0.0,0.0,1.0,0.0,0.0,2.0,2013-03-30,-0.632752852376,0.0,0.0,0.483308499923,-0.559462147981,-0.708906500433,-0.708906500433,-0.236302166811
2013-03-31,1.0,0.0,0.0,1.0,0.0,,,,,,,,,,,,,,,,,1,1.0,0.0,1.0,1.0,0.0,2.0,2.0,1.0,0.0,0.0,0.0,0.0,0.0,1.0,0.0,0.0,2.0,2013-03-31,0.430522432861,0.0,0.0,0.0,0.0,0.430522432861,0.430522432861,0.430522432861
2013-04-01,,,,,0.0,1.0,0.0,0.0,1.0,1.0,0.0,0.0,1.0,,,,,0.0,1.0,0.0,1.0,3,2.0,1.0,1.0,0.666666666667,0.333333333333,4.0,3.0,1.0,0.0,1.0,0.0,1.0,0.0,1.0,0.0,0.0,3.0,2013-04-01,0.0,0.5,0.5,0.0,-0.503515933183,0.496484066817,0.496484066817,0.165494688939
2013-04-02,0.0,1.0,0.0,1.0,0.0,0.0,1.0,0.0,1.0,,,,,1.0,0.0,0.0,1.0,,,,,3,1.0,2.0,-1.0,0.333333333333,0.666666666667,3.0,5.0,0.0,1.0,0.0,1.0,1.0,0.0,2.0,0.0,0.0,3.0,2013-04-02,-0.612529810425,-0.55,0.0,0.434977649931,0.0,-0.727552160494,-0.727552160494,-0.242517386831
2013-04-03,,,,,0.0,0.0,1.0,0.0,1.0,0.0,1.0,0.0,1.0,,,,,1.0,0.0,0.0,1.0,3,1.0,2.0,-1.0,0.333333333333,0.666666666667,3.0,4.0,0.0,1.0,0.0,2.0,0.0,1.0,2.0,0.0,1.0,0.0,2013-04-03,0.0,-0.495,-0.55,0.0,0.546835660136,-0.498164339864,-0.498164339864,-0.166054779955
2013-04-04,1.0,0.0,0.0,1.0,0.0,,,,,0.0,1.0,0.0,1.0,,,,,,,,,2,1.0,1.0,0.0,0.5,0.5,4.0,4.0,1.0,0.0,0.0,2.0,0.0,2.0,2.0,0.0,1.0,0.0,2013-04-04,0.448723170618,0.0,-0.495,0.0,0.0,-0.0462768293823,-0.0462768293823,-0.0231384146911
2013-04-05,,,,,0.0,1.0,0.0,0.0,1.0,0.0,1.0,0.0,1.0,1.0,0.0,0.0,1.0,,,,,3,2.0,1.0,1.0,0.666666666667,0.333333333333,6.0,3.0,1.0,0.0,1.0,0.0,0.0,3.0,3.0,0.0,1.0,0.0,2013-04-05,0.0,0.5545,-0.4455,0.391479884938,0.0,0.500479884938,0.500479884938,0.166826628313
2013-04-06,1.0,0.0,0.0,1.0,0.0,1.0,0.0,0.0,1.0,1.0,0.0,0.0,1.0,,,,,,,,,3,3.0,0.0,3.0,1.0,0.0,9.0,0.0,2.0,0.0,2.0,0.0,1.0,0.0,3.0,0.0,1.0,0.0,2013-04-06,0.403850853556,0.49905,0.59905,0.0,0.0,1.50195085356,1.50195085356,0.500650284519
2013-04-07,0.0,1.0,0.0,1.0,0.0,1.0,0.0,0.0,1.0,0.0,1.0,0.0,1.0,0.0,1.0,0.0,1.0,1.0,0.0,0.0,1.0,5,2.0,3.0,-1.0,0.4,0.6,5.0,3.0,0.0,1.0,3.0,0.0,0.0,1.0,0.0,1.0,2.0,0.0,2013-04-07,-0.6365342318,0.449145,-0.460855,-0.647668103556,0.492152094122,-0.803760241233,-0.803760241233,-0.160752048247
2013-04-08,,,,,0.0,,,,,,,,,,,,,,,,,0,0.0,0.0,0.0,,,5.0,3.0,0.0,1.0,3.0,0.0,0.0,1.0,0.0,1.0,2.0,0.0,2013-04-08,0.0,0.0,0.0,0.0,0.0,0.0,,
2013-04-09,0.0,1.0,0.0,1.0,0.0,0.0,1.0,0.0,1.0,0.0,1.0,0.0,1.0,1.0,0.0,0.0,1.0,,,,,4,1.0,3.0,-2.0,0.25,0.75,3.0,5.0,0.0,2.0,0.0,1.0,0.0,2.0,1.0,0.0,2.0,0.0,2013-04-09,-0.57288080862,-0.5957695,-0.4147695,0.4170987068,0.0,-1.16632110182,-1.16632110182,-0.291580275455
2013-04-10,,,,,0.0,1.0,0.0,0.0,1.0,0.0,1.0,0.0,1.0,1.0,0.0,0.0,1.0,1.0,0.0,0.0,1.0,4,3.0,1.0,2.0,0.75,0.25,6.0,5.0,0.0,2.0,1.0,0.0,0.0,3.0,2.0,0.0,3.0,0.0,2013-04-10,0.0,0.46380745,-0.37329255,0.37538883612,0.44293688471,0.90884062083,0.90884062083,0.227210155207
2013-04-11,1.0,0.0,0.0,1.0,0.0,1.0,0.0,0.0,1.0,0.0,1.0,0.0,1.0,,,,,,,,,3,2.0,1.0,1.0,0.666666666667,0.333333333333,8.0,4.0,1.0,0.0,2.0,0.0,0.0,4.0,2.0,0.0,3.0,0.0,2013-04-11,0.484407272242,0.417426705,-0.335963295,0.0,0.0,0.565870682242,0.565870682242,0.188623560747
2013-04-12,,,,,0.0,0.0,1.0,0.0,1.0,0.0,1.0,0.0,1.0,1.0,0.0,0.0,1.0,1.0,0.0,0.0,1.0,4,2.0,2.0,0.0,0.5,0.5,8.0,6.0,1.0,0.0,0.0,1.0,0.0,5.0,3.0,0.0,4.0,0.0,2013-04-12,0.0,-0.6243159655,-0.3023669655,0.337849952508,0.398643196239,-0.190189782253,-0.190189782253,-0.0475474455633
2013-04-13,1.0,0.0,0.0,1.0,0.0,1.0,0.0,0.0,1.0,1.0,0.0,0.0,1.0,,,,,1.0,0.0,0.0,1.0,4,4.0,0.0,4.0,1.0,0.0,12.0,0.0,2.0,0.0,1.0,0.0,1.0,0.0,3.0,0.0,5.0,0.0,2013-04-13,0.435966545018,0.43811563105,0.72786973105,0.0,0.358778876615,1.96073078373,1.96073078373,0.490182695933
2013-04-14,,,,,0.0,0.0,1.0,0.0,1.0,1.0,0.0,0.0,1.0,1.0,0.0,0.0,1.0,,,,,3,2.0,1.0,1.0,0.666666666667,0.333333333333,13.0,1.0,2.0,0.0,0.0,1.0,2.0,0.0,4.0,0.0,5.0,0.0,2013-04-14,0.0,-0.605695932055,0.655082757945,0.304064957257,0.0,0.353451783147,0.353451783147,0.117817261049
2013-04-15,,,,,0.0,0.0,1.0,0.0,1.0,0.0,1.0,0.0,1.0,,,,,,,,,2,0.0,2.0,-2.0,0.0,1.0,11.0,3.0,2.0,0.0,0.0,2.0,0.0,1.0,4.0,0.0,5.0,0.0,2013-04-15,0.0,-0.54512633885,-0.410425517849,0.0,0.0,-0.955551856699,-0.955551856699,-0.47777592835
2013-04-16,0.0,1.0,0.0,1.0,0.0,0.0,1.0,0.0,1.0,0.0,1.0,0.0,1.0,,,,,1.0,0.0,0.0,1.0,4,1.0,3.0,-2.0,0.25,0.75,10.0,6.0,0.0,1.0,0.0,3.0,0.0,2.0,4.0,0.0,6.0,0.0,2013-04-16,-0.607630109484,-0.490613704965,-0.369382966065,0.0,0.322900988954,-1.14472579156,-1.14472579156,-0.28618144789
2013-04-17,,,,,0.0,0.0,1.0,0.0,1.0,,,,,1.0,0.0,0.0,1.0,1.0,0.0,0.0,1.0,3,2.0,1.0,1.0,0.666666666667,0.333333333333,12.0,7.0,0.0,1.0,0.0,4.0,0.0,2.0,5.0,0.0,7.0,0.0,2013-04-17,0.0,-0.441552334468,0.0,0.273658461531,0.290610890058,0.122717017121,0.122717017121,0.0409056723738
2013-04-18,1.0,0.0,0.0,1.0,0.0,,,,,,,,,,,,,,,,,1,1.0,0.0,1.0,1.0,0.0,1.0,6.0,1.0,0.0,0.0,4.0,0.0,2.0,0.0,0.0,0.0,0.0,2013-04-18,0.453132901465,0.0,0.0,0.0,0.0,0.453132901465,0.453132901465,0.453132901465
2013-04-19,,,,,0.0,,,,,1.0,0.0,0.0,1.0,,,,,,,,,1,1.0,0.0,1.0,1.0,0.0,2.0,4.0,1.0,0.0,0.0,4.0,1.0,0.0,0.0,0.0,0.0,0.0,2013-04-19,0.0,0.0,0.667555330542,0.0,0.0,0.667555330542,0.667555330542,0.667555330542
2013-04-20,,,,,0.0,0.0,2.0,0.0,2.0,1.0,0.0,0.0,1.0,,,,,,,,,2,1.0,2.0,-1.0,0.333333333333,0.666666666667,3.0,4.0,1.0,0.0,0.0,4.0,2.0,0.0,0.0,0.0,0.0,0.0,2013-04-20,0.0,-0.397397101021,0.600799797488,0.0,0.0,0.203402696466,0.203402696466,0.101701348233
2013-04-21,1.0,0.0,0.0,1.0,0.0,1.0,0.0,0.0,1.0,1.0,0.0,0.0,1.0,,,,,,,,,3,3.0,0.0,3.0,1.0,0.0,6.0,0.0,2.0,0.0,1.0,0.0,3.0,0.0,0.0,0.0,0.0,0.0,2013-04-21,0.407819611318,0.642342609081,0.540719817739,0.0,0.0,1.59088203814,1.59088203814,0.530294012713
2013-04-22,,,,,0.0,,,,,0.0,1.0,0.0,1.0,,,,,,,,,1,0.0,1.0,-1.0,0.0,1.0,3.0,1.0,2.0,0.0,1.0,0.0,0.0,1.0,0.0,0.0,0.0,0.0,2013-04-22,0.0,0.0,-0.513352164035,0.0,0.0,-0.513352164035,-0.513352164035,-0.513352164035
2013-04-23,0.0,1.0,0.0,1.0,0.0,1.0,0.0,0.0,1.0,1.0,0.0,0.0,1.0,,,,,,,,,3,2.0,1.0,1.0,0.666666666667,0.333333333333,3.0,1.0,0.0,1.0,2.0,0.0,1.0,0.0,0.0,0.0,0.0,0.0,2013-04-23,-0.632962349814,0.578108348173,0.537983052369,0.0,0.0,0.483129050728,0.483129050728,0.161043016909
2013-04-24,0.0,1.0,0.0,1.0,0.0,0.0,1.0,0.0,1.0,0.0,1.0,0.0,1.0,,,,,,,,,3,0.0,3.0,-3.0,0.0,1.0,0.0,4.0,0.0,2.0,0.0,1.0,0.0,1.0,0.0,0.0,0.0,0.0,2013-04-24,-0.569666114832,-0.479702486645,-0.515815252868,0.0,0.0,-1.56518385435,-1.56518385435,-0.521727951448
2013-04-25,,,,,0.0,1.0,0.0,0.0,1.0,0.0,1.0,0.0,1.0,,,,,,,,,2,1.0,1.0,0.0,0.5,0.5,1.0,4.0,0.0,2.0,1.0,0.0,0.0,2.0,0.0,0.0,0.0,0.0,2013-04-25,0.0,0.56826776202,-0.464233727581,0.0,0.0,0.104034034438,0.104034034438,0.0520170172192
2013-04-26,,,,,0.0,1.0,0.0,0.0,1.0,1.0,0.0,0.0,1.0,,,,,,,,,2,2.0,0.0,2.0,1.0,0.0,3.0,2.0,0.0,2.0,2.0,0.0,1.0,0.0,0.0,0.0,0.0,0.0,2013-04-26,0.0,0.511440985818,0.582189645177,0.0,0.0,1.09363063099,1.09363063099,0.546815315497
2013-04-27,1.0,0.0,0.0,1.0,0.0,0.0,1.0,0.0,1.0,0.0,1.0,0.0,1.0,,,,,,,,,3,1.0,2.0,-1.0,0.333333333333,0.666666666667,1.0,2.0,1.0,0.0,0.0,1.0,0.0,1.0,0.0,0.0,0.0,0.0,2013-04-27,0.487300496651,-0.539703112764,-0.476029319341,0.0,0.0,-0.528431935454,-0.528431935454,-0.176143978485
2013-04-28,,,,,0.0,1.0,0.0,0.0,1.0,0.0,1.0,0.0,1.0,,,,,,,,,2,1.0,1.0,0.0,0.5,0.5,2.0,2.0,1.0,0.0,1.0,0.0,0.0,2.0,0.0,0.0,0.0,0.0,2013-04-28,0.0,0.514267198513,-0.428426387407,0.0,0.0,0.0858408111056,0.0858408111056,0.0429204055528
2013-04-29,,,,,0.0,0.0,1.0,0.0,1.0,0.0,1.0,0.0,1.0,,,,,,,,,2,0.0,2.0,-2.0,0.0,1.0,1.0,4.0,1.0,0.0,0.0,1.0,0.0,3.0,0.0,0.0,0.0,0.0,2013-04-29,0.0,-0.537159521339,-0.385583748666,0.0,0.0,-0.922743270005,-0.922743270005,-0.461371635002
2013-04-30,0.0,1.0,0.0,1.0,0.0,1.0,0.0,0.0,1.0,0.0,1.0,0.0,1.0,,,,,,,,,3,1.0,2.0,-1.0,0.333333333333,0.666666666667,1.0,5.0,0.0,1.0,1.0,0.0,0.0,4.0,0.0,0.0,0.0,0.0,2013-04-30,-0.561429553014,0.516556430795,-0.3470253738,0.0,0.0,-0.391898496019,-0.391898496019,-0.130632832006
2013-05-01,,,,,0.0,0.0,1.0,0.0,1.0,1.0,0.0,0.0,1.0,,,,,,,,,2,1.0,1.0,0.0,0.5,0.5,1.0,2.0,0.0,1.0,0.0,1.0,1.0,0.0,0.0,0.0,0.0,0.0,2013-05-01,0.0,-0.535099212284,0.68767716358,0.0,0.0,0.152577951296,0.152577951296,0.076288975648
2013-05-02,0.0,1.0,0.0,1.0,0.0,,,,,0.0,1.0,0.0,1.0,,,,,,,,,2,0.0,2.0,-2.0,0.0,1.0,0.0,4.0,0.0,2.0,0.0,1.0,0.0,1.0,0.0,0.0,0.0,0.0,2013-05-02,-0.505286597713,0.0,-0.381090552778,0.0,0.0,-0.88637715049,-0.88637715049,-0.443188575245
2013-05-03,,,,,0.0,0.0,1.0,0.0,1.0,1.0,0.0,0.0,1.0,,,,,,,,,2,1.0,1.0,0.0,0.5,0.5,1.0,4.0,0.0,2.0,0.0,2.0,1.0,0.0,0.0,0.0,0.0,0.0,2013-05-03,0.0,-0.481589291056,0.6570185025,0.0,0.0,0.175429211444,0.175429211444,0.0877146057221
2013-05-04,1.0,0.0,0.0,1.0,0.0,0.0,1.0,0.0,1.0,0.0,1.0,0.0,1.0,,,,,,,,,3,1.0,2.0,-1.0,0.333333333333,0.666666666667,1.0,4.0,1.0,0.0,0.0,3.0,0.0,1.0,0.0,0.0,0.0,0.0,2013-05-04,0.545242062059,-0.43343036195,-0.40868334775,0.0,0.0,-0.296871647642,-0.296871647642,-0.0989572158806
2013-05-05,,,,,0.0,0.0,1.0,0.0,1.0,0.0,1.0,0.0,1.0,,,,,,,,,2,0.0,2.0,-2.0,0.0,1.0,1.0,6.0,1.0,0.0,0.0,4.0,0.0,2.0,0.0,0.0,0.0,0.0,2013-05-05,0.0,-0.390087325755,-0.367815012975,0.0,0.0,-0.75790233873,-0.75790233873,-0.378951169365
2013-05-06,1.0,0.0,0.0,1.0,0.0,0.0,1.0,0.0,1.0,,,,,,,,,,,,,2,1.0,1.0,0.0,0.5,0.5,2.0,7.0,2.0,0.0,0.0,5.0,0.0,2.0,0.0,0.0,0.0,0.0,2013-05-06,0.490717855853,-0.35107859318,0.0,0.0,0.0,0.139639262673,0.139639262673,0.0698196313365
2013-05-07,,,,,0.0,0.0,1.0,0.0,1.0,0.0,1.0,0.0,1.0,,,,,,,,,2,0.0,2.0,-2.0,0.0,1.0,2.0,9.0,2.0,0.0,0.0,6.0,0.0,3.0,0.0,0.0,0.0,0.0,2013-05-07,0.0,-0.315970733862,-0.331033511677,0.0,0.0,-0.647004245539,-0.647004245539,-0.32350212277
2013-05-08,1.0,0.0,0.0,1.0,0.0,0.0,1.0,0.0,1.0,0.0,1.0,0.0,1.0,,,,,,,,,3,1.0,2.0,-1.0,0.333333333333,0.666666666667,3.0,11.0,3.0,0.0,0.0,7.0,0.0,4.0,0.0,0.0,0.0,0.0,2013-05-08,0.441646070267,-0.284373660476,-0.29793016051,0.0,0.0,-0.140657750718,-0.140657750718,-0.046885916906
2013-05-09,,,,,0.0,,,,,1.0,0.0,0.0,1.0,,,,,,,,,1,1.0,0.0,1.0,1.0,0.0,4.0,7.0,3.0,0.0,0.0,7.0,1.0,0.0,0.0,0.0,0.0,0.0,2013-05-09,0.0,0.0,0.731862855541,0.0,0.0,0.731862855541,0.731862855541,0.731862855541
2013-05-10,1.0,0.0,0.0,1.0,0.0,0.0,1.0,0.0,1.0,1.0,0.0,0.0,1.0,,,,,,,,,3,2.0,1.0,1.0,0.666666666667,0.333333333333,6.0,8.0,4.0,0.0,0.0,8.0,2.0,0.0,0.0,0.0,0.0,0.0,2013-05-10,0.397481463241,-0.255936294428,0.658676569987,0.0,0.0,0.8002217388,0.8002217388,0.2667405796
2013-05-11,,,,,0.0,1.0,0.0,0.0,1.0,1.0,0.0,0.0,1.0,,,,,,,,,2,2.0,0.0,2.0,1.0,0.0,8.0,0.0,4.0,0.0,1.0,0.0,3.0,0.0,0.0,0.0,0.0,0.0,2013-05-11,0.0,0.769657335015,0.592808912988,0.0,0.0,1.362466248,1.362466248,0.681233124002
2013-05-12,,,,,0.0,1.0,0.0,0.0,1.0,0.0,1.0,0.0,1.0,,,,,,,,,2,1.0,1.0,0.0,0.5,0.5,6.0,1.0,4.0,0.0,2.0,0.0,0.0,1.0,0.0,0.0,0.0,0.0,2013-05-12,0.0,0.692691601513,-0.46647197831,0.0,0.0,0.226219623203,0.226219623203,0.113109811601
2013-05-13,,,,,0.0,0.0,1.0,0.0,1.0,0.0,1.0,0.0,1.0,,,,,,,,,2,0.0,2.0,-2.0,0.0,1.0,4.0,3.0,4.0,0.0,0.0,1.0,0.0,2.0,0.0,0.0,0.0,0.0,2013-05-13,0.0,-0.376577558638,-0.419824780479,0.0,0.0,-0.796402339117,-0.796402339117,-0.398201169559
2013-05-14,1.0,0.0,0.0,1.0,0.0,1.0,0.0,0.0,1.0,1.0,0.0,0.0,1.0,,,,,,,,,3,3.0,0.0,3.0,1.0,0.0,7.0,0.0,5.0,0.0,1.0,0.0,1.0,0.0,0.0,0.0,0.0,0.0,2013-05-14,0.357733316917,0.661080197226,0.622157697569,0.0,0.0,1.64097121171,1.64097121171,0.546990403904
2013-05-15,,,,,0.0,1.0,0.0,0.0,1.0,0.0,1.0,0.0,1.0,,,,,,,,,2,1.0,1.0,0.0,0.5,0.5,7.0,1.0,5.0,0.0,2.0,0.0,0.0,1.0,0.0,0.0,0.0,0.0,2013-05-15,0.0,0.594972177503,-0.440058072188,0.0,0.0,0.154914105315,0.154914105315,0.0774570526574
2013-05-16,1.0,0.0,0.0,1.0,0.0,,,,,0.0,1.0,0.0,1.0,,,,,,,,,2,1.0,1.0,0.0,0.5,0.5,8.0,2.0,6.0,0.0,2.0,0.0,0.0,2.0,0.0,0.0,0.0,0.0,2013-05-16,0.321959985225,0.0,-0.396052264969,0.0,0.0,-0.0740922797445,-0.0740922797445,-0.0370461398723
2013-05-17,,,,,0.0,0.0,1.0,0.0,1.0,0.0,1.0,0.0,1.0,,,,,,,,,2,0.0,2.0,-2.0,0.0,1.0,6.0,4.0,6.0,0.0,0.0,1.0,0.0,3.0,0.0,0.0,0.0,0.0,2013-05-17,0.0,-0.464525040247,-0.356447038473,0.0,0.0,-0.82097207872,-0.82097207872,-0.41048603936
2013-05-18,0.0,1.0,0.0,1.0,0.0,0.0,1.0,0.0,1.0,1.0,0.0,0.0,1.0,,,,,,,,,3,1.0,2.0,-1.0,0.333333333333,0.666666666667,1.0,3.0,0.0,1.0,0.0,2.0,1.0,0.0,0.0,0.0,0.0,0.0,2013-05-18,-0.710236013298,-0.418072536222,0.679197665375,0.0,0.0,-0.449110884145,-0.449110884145,-0.149703628048
2013-05-19,,,,,0.0,0.0,1.0,0.0,1.0,1.0,0.0,0.0,1.0,,,,,,,,,2,1.0,1.0,0.0,0.5,0.5,2.0,4.0,0.0,1.0,0.0,3.0,2.0,0.0,0.0,0.0,0.0,0.0,2013-05-19,0.0,-0.3762652826,0.611277898837,0.0,0.0,0.235012616237,0.235012616237,0.117506308119
2013-05-20,,,,,0.0,1.0,0.0,0.0,1.0,,,,,,,,,,,,,1,1.0,0.0,1.0,1.0,0.0,3.0,1.0,0.0,1.0,1.0,0.0,2.0,0.0,0.0,0.0,0.0,0.0,2013-05-20,0.0,0.66136124566,0.0,0.0,0.0,0.66136124566,0.66136124566,0.66136124566
2013-05-21,0.0,1.0,0.0,1.0,0.0,0.0,1.0,0.0,1.0,1.0,0.0,0.0,1.0,,,,,,,,,3,1.0,2.0,-1.0,0.333333333333,0.666666666667,3.0,3.0,0.0,2.0,0.0,1.0,3.0,0.0,0.0,0.0,0.0,0.0,2013-05-21,-0.639212411968,-0.404774878906,0.550150108954,0.0,0.0,-0.49383718192,-0.49383718192,-0.164612393973
2013-05-22,,,,,0.0,1.0,0.0,0.0,1.0,1.0,0.0,0.0,1.0,,,,,,,,,2,2.0,0.0,2.0,1.0,0.0,5.0,2.0,0.0,2.0,1.0,0.0,4.0,0.0,0.0,0.0,0.0,0.0,2013-05-22,0.0,0.635702608984,0.495135098058,0.0,0.0,1.13083770704,1.13083770704,0.565418853521
2013-05-23,1.0,0.0,0.0,1.0,0.0,,,,,1.0,0.0,0.0,1.0,,,,,,,,,2,2.0,0.0,2.0,1.0,0.0,7.0,0.0,1.0,0.0,1.0,0.0,5.0,0.0,0.0,0.0,0.0,0.0,2013-05-23,0.424708829229,0.0,0.445621588252,0.0,0.0,0.870330417481,0.870330417481,0.435165208741
2013-05-24,,,,,0.0,0.0,1.0,0.0,1.0,1.0,0.0,0.0,1.0,,,,,,,,,2,1.0,1.0,0.0,0.5,0.5,7.0,1.0,1.0,0.0,0.0,1.0,6.0,0.0,0.0,0.0,0.0,0.0,2013-05-24,0.0,-0.427867651914,0.401059429427,0.0,0.0,-0.0268082224868,-0.0268082224868,-0.0134041112434
2013-05-25,,,,,0.0,1.0,0.0,0.0,1.0,1.0,0.0,0.0,1.0,,,,,,,,,2,2.0,0.0,2.0,1.0,0.0,9.0,0.0,1.0,0.0,1.0,0.0,7.0,0.0,0.0,0.0,0.0,0.0,2013-05-25,0.0,0.614919113277,0.360953486484,0.0,0.0,0.975872599762,0.975872599762,0.487936299881
2013-05-26,0.0,1.0,0.0,1.0,0.0,0.0,1.0,0.0,1.0,1.0,0.0,0.0,1.0,,,,,,,,,3,1.0,2.0,-1.0,0.333333333333,0.666666666667,8.0,2.0,0.0,1.0,0.0,1.0,8.0,0.0,0.0,0.0,0.0,0.0,2013-05-26,-0.617762053694,-0.44657279805,0.324858137836,0.0,0.0,-0.739476713908,-0.739476713908,-0.246492237969
2013-05-27,,,,,0.0,1.0,0.0,0.0,1.0,0.0,1.0,0.0,1.0,,,,,,,,,2,1.0,1.0,0.0,0.5,0.5,1.0,2.0,0.0,1.0,1.0,0.0,0.0,1.0,0.0,0.0,0.0,0.0,2013-05-27,0.0,0.598084481755,-0.707627675948,0.0,0.0,-0.109543194193,-0.109543194193,-0.0547715970965
2013-05-28,1.0,0.0,0.0,1.0,0.0,1.0,0.0,0.0,1.0,0.0,1.0,0.0,1.0,,,,,,,,,3,2.0,1.0,1.0,0.666666666667,0.333333333333,3.0,2.0,1.0,0.0,2.0,0.0,0.0,2.0,0.0,0.0,0.0,0.0,2013-05-28,0.444014151675,0.538276033579,-0.636864908353,0.0,0.0,0.345425276902,0.345425276902,0.115141758967
2013-05-29,,,,,0.0,0.0,1.0,0.0,1.0,1.0,0.0,0.0,1.0,,,,,,,,,2,1.0,1.0,0.0,0.5,0.5,2.0,1.0,1.0,0.0,0.0,1.0,1.0,0.0,0.0,0.0,0.0,0.0,2013-05-29,0.0,-0.515551569779,0.426821582482,0.0,0.0,-0.0887299872963,-0.0887299872963,-0.0443649936481
2013-05-30,,,,,0.0,0.0,1.0,0.0,1.0,1.0,0.0,0.0,1.0,,,,,,,,,2,1.0,1.0,0.0,0.5,0.5,3.0,2.0,1.0,0.0,0.0,2.0,2.0,0.0,0.0,0.0,0.0,0.0,2013-05-30,0.0,-0.463996412801,0.384139424234,0.0,0.0,-0.0798569885666,-0.0798569885666,-0.0399284942833
2013-05-31,,,,,0.0,1.0,0.0,0.0,1.0,0.0,1.0,0.0,1.0,,,,,,,,,2,1.0,1.0,0.0,0.5,0.5,2.0,1.0,1.0,0.0,1.0,0.0,0.0,1.0,0.0,0.0,0.0,0.0,2013-05-31,0.0,0.582403228479,-0.654274518189,0.0,0.0,-0.07187128971,-0.07187128971,-0.035935644855
2013-06-01,0.0,1.0,0.0,1.0,0.0,0.0,1.0,0.0,1.0,0.0,1.0,0.0,1.0,,,,,,,,,3,0.0,3.0,-3.0,0.0,1.0,0.0,4.0,0.0,1.0,0.0,1.0,0.0,2.0,0.0,0.0,0.0,0.0,2013-06-01,-0.600387263492,-0.475837094369,-0.58884706637,0.0,0.0,-1.66507142423,-1.66507142423,-0.555023808077
2013-06-02,0.0,1.0,0.0,1.0,0.0,0.0,1.0,0.0,1.0,0.0,1.0,0.0,1.0,,,,,,,,,3,0.0,3.0,-3.0,0.0,1.0,0.0,7.0,0.0,2.0,0.0,2.0,0.0,3.0,0.0,0.0,0.0,0.0,2013-06-02,-0.540348537143,-0.428253384932,-0.529962359733,0.0,0.0,-1.49856428181,-1.49856428181,-0.499521427269
2013-06-03,,,,,0.0,1.0,0.0,0.0,1.0,0.0,1.0,0.0,1.0,,,,,,,,,2,1.0,1.0,0.0,0.5,0.5,1.0,6.0,0.0,2.0,1.0,0.0,0.0,4.0,0.0,0.0,0.0,0.0,2013-06-03,0.0,0.614571953561,-0.47696612376,0.0,0.0,0.137605829801,0.137605829801,0.0688029149007
2013-06-04,1.0,0.0,0.0,1.0,0.0,1.0,0.0,0.0,1.0,1.0,0.0,0.0,1.0,,,,,,,,,3,3.0,0.0,3.0,1.0,0.0,4.0,0.0,1.0,0.0,2.0,0.0,1.0,0.0,0.0,0.0,0.0,0.0,2013-06-04,0.513686316571,0.553114758205,0.570730488616,0.0,0.0,1.63753156339,1.63753156339,0.545843854464
2013-06-05,,,,,0.0,0.0,1.0,0.0,1.0,0.0,1.0,0.0,1.0,,,,,,,,,2,0.0,2.0,-2.0,0.0,1.0,1.0,2.0,1.0,0.0,0.0,1.0,0.0,1.0,0.0,0.0,0.0,0.0,2013-06-05,0.0,-0.502196717615,-0.486342560246,0.0,0.0,-0.988539277861,-0.988539277861,-0.49426963893
2013-06-06,0.0,1.0,0.0,1.0,0.0,1.0,0.0,0.0,1.0,,,,,,,,,,,,,2,1.0,1.0,0.0,0.5,0.5,1.0,2.0,0.0,1.0,1.0,0.0,0.0,1.0,0.0,0.0,0.0,0.0,2013-06-06,-0.537682315086,0.548022954146,0.0,0.0,0.0,0.0103406390605,0.0103406390605,0.00517031953027
2013-06-07,,,,,0.0,1.0,0.0,0.0,1.0,,,,,,,,,,,,,1,1.0,0.0,1.0,1.0,0.0,2.0,2.0,0.0,1.0,2.0,0.0,0.0,1.0,0.0,0.0,0.0,0.0,2013-06-07,0.0,0.493220658732,0.0,0.0,0.0,0.493220658732,0.493220658732,0.493220658732
2013-06-08,0.0,1.0,0.0,1.0,0.0,0.0,1.0,0.0,1.0,1.0,1.0,0.0,2.0,,,,,,,,,3,1.0,3.0,-2.0,0.25,0.75,1.0,5.0,0.0,2.0,0.0,1.0,1.0,2.0,0.0,0.0,0.0,0.0,2013-06-08,-0.483914083577,-0.556101407142,0.062291695779,0.0,0.0,-0.97772379494,-0.97772379494,-0.325907931647
2013-06-09,,,,,0.0,0.0,1.0,0.0,1.0,0.0,1.0,0.0,1.0,,,,,,,,,2,0.0,2.0,-2.0,0.0,1.0,0.0,5.0,0.0,0.0,0.0,2.0,0.0,3.0,0.0,0.0,0.0,0.0,2013-06-09,0.0,-0.500491266427,-0.443937473799,0.0,0.0,-0.944428740226,-0.944428740226,-0.472214370113
2013-06-10,,,,,0.0,0.0,1.0,0.0,1.0,0.0,1.0,0.0,1.0,,,,,,,,,2,0.0,2.0,-2.0,0.0,1.0,0.0,7.0,0.0,0.0,0.0,3.0,0.0,4.0,0.0,0.0,0.0,0.0,2013-06-10,0.0,-0.450442139785,-0.399543726419,0.0,0.0,-0.849985866204,-0.849985866204,-0.424992933102
2013-06-11,,,,,0.0,1.0,0.0,0.0,1.0,0.0,1.0,0.0,1.0,,,,,,,,,2,1.0,1.0,0.0,0.5,0.5,1.0,5.0,0.0,0.0,1.0,0.0,0.0,5.0,0.0,0.0,0.0,0.0,2013-06-11,0.0,0.594602074194,-0.359589353777,0.0,0.0,0.235012720417,0.235012720417,0.117506360208
2013-06-12,,,,,0.0,0.0,1.0,0.0,1.0,1.0,0.0,0.0,1.0,,,,,,,,,2,1.0,1.0,0.0,0.5,0.5,1.0,1.0,0.0,0.0,0.0,1.0,1.0,0.0,0.0,0.0,0.0,0.0,2013-06-12,0.0,-0.464858133226,0.676369581601,0.0,0.0,0.211511448375,0.211511448375,0.105755724188
2013-06-13,,,,,0.0,,,,,,,,,,,,,,,,,0,0.0,0.0,0.0,,,1.0,1.0,0.0,0.0,0.0,1.0,1.0,0.0,0.0,0.0,0.0,0.0,2013-06-13,0.0,0.0,0.0,0.0,0.0,0.0,,
2013-06-14,,,,,0.0,0.0,1.0,0.0,1.0,1.0,0.0,0.0,1.0,,,,,,,,,2,1.0,1.0,0.0,0.5,0.5,2.0,2.0,0.0,0.0,0.0,2.0,2.0,0.0,0.0,0.0,0.0,0.0,2013-06-14,0.0,-0.418372319903,0.608732623441,0.0,0.0,0.190360303538,0.190360303538,0.0951801517688
2013-06-15,,,,,0.0,1.0,0.0,0.0,1.0,1.0,0.0,0.0,1.0,,,,,,,,,2,2.0,0.0,2.0,1.0,0.0,4.0,0.0,0.0,0.0,1.0,0.0,3.0,0.0,0.0,0.0,0.0,0.0,2013-06-15,0.0,0.623464912087,0.547859361096,0.0,0.0,1.17132427318,1.17132427318,0.585662136592
2013-06-16,,,,,0.0,0.0,1.0,0.0,1.0,0.0,1.0,0.0,1.0,,,,,,,,,2,0.0,2.0,-2.0,0.0,1.0,0.0,2.0,0.0,0.0,0.0,1.0,0.0,1.0,0.0,0.0,0.0,0.0,2013-06-16,0.0,-0.438881579121,-0.506926575013,0.0,0.0,-0.945808154135,-0.945808154135,-0.472904077067
2013-06-17,,,,,0.0,,,,,1.0,0.0,0.0,1.0,,,,,,,,,1,1.0,0.0,1.0,1.0,0.0,1.0,1.0,0.0,0.0,0.0,1.0,1.0,0.0,0.0,0.0,0.0,0.0,2013-06-17,0.0,0.0,0.543766082488,0.0,0.0,0.543766082488,0.543766082488,0.543766082488
2013-06-18,,,,,0.0,,,,,0.0,1.0,0.0,1.0,,,,,,,,,1,0.0,1.0,-1.0,0.0,1.0,0.0,2.0,0.0,0.0,0.0,1.0,0.0,1.0,0.0,0.0,0.0,0.0,2013-06-18,0.0,0.0,-0.510610525761,0.0,0.0,-0.510610525761,-0.510610525761,-0.510610525761
2013-06-19,,,,,0.0,1.0,1.0,0.0,2.0,1.0,0.0,0.0,1.0,,,,,,,,,2,2.0,1.0,1.0,0.666666666667,0.333333333333,2.0,2.0,0.0,0.0,1.0,2.0,1.0,0.0,0.0,0.0,0.0,0.0,2013-06-19,0.0,0.105006578791,0.540450526815,0.0,0.0,0.645457105606,0.645457105606,0.322728552803
2013-06-20,,,,,0.0,0.0,1.0,0.0,1.0,1.0,0.0,0.0,1.0,,,,,,,,,2,1.0,1.0,0.0,0.5,0.5,2.0,3.0,0.0,0.0,0.0,3.0,2.0,0.0,0.0,0.0,0.0,0.0,2013-06-20,0.0,-0.405494079088,0.486405474134,0.0,0.0,0.0809113950455,0.0809113950455,0.0404556975228
2013-06-21,,,,,0.0,0.0,1.0,0.0,1.0,0.0,1.0,0.0,1.0,,,,,,,,,2,0.0,2.0,-2.0,0.0,1.0,0.0,5.0,0.0,0.0,0.0,4.0,0.0,1.0,0.0,0.0,0.0,0.0,2013-06-21,0.0,-0.36494467118,-0.56223507328,0.0,0.0,-0.927179744459,-0.927179744459,-0.46358987223
2013-06-22,,,,,0.0,1.0,0.0,0.0,1.0,0.0,1.0,0.0,1.0,,,,,,,,,2,1.0,1.0,0.0,0.5,0.5,1.0,2.0,0.0,0.0,1.0,0.0,0.0,2.0,0.0,0.0,0.0,0.0,2013-06-22,0.0,0.671549795938,-0.506011565952,0.0,0.0,0.165538229987,0.165538229987,0.0827691149934
2013-06-23,,,,,0.0,1.0,0.0,0.0,1.0,0.0,1.0,0.0,1.0,,,,,,,,,2,1.0,1.0,0.0,0.5,0.5,2.0,3.0,0.0,0.0,2.0,0.0,0.0,3.0,0.0,0.0,0.0,0.0,2013-06-23,0.0,0.604394816345,-0.455410409356,0.0,0.0,0.148984406988,0.148984406988,0.0744922034941
2013-06-24,,,,,0.0,1.0,0.0,0.0,1.0,,,,,,,,,,,,,1,1.0,0.0,1.0,1.0,0.0,3.0,3.0,0.0,0.0,3.0,0.0,0.0,3.0,0.0,0.0,0.0,0.0,2013-06-24,0.0,0.54395533471,0.0,0.0,0.0,0.54395533471,0.54395533471,0.54395533471
2013-06-25,,,,,0.0,1.0,0.0,0.0,1.0,1.0,0.0,0.0,1.0,,,,,,,,,2,2.0,0.0,2.0,1.0,0.0,5.0,0.0,0.0,0.0,4.0,0.0,1.0,0.0,0.0,0.0,0.0,0.0,2013-06-25,0.0,0.489559801239,0.590130631579,0.0,0.0,1.07969043282,1.07969043282,0.539845216409
2013-06-26,,,,,0.0,1.0,0.0,0.0,1.0,1.0,0.0,0.0,1.0,,,,,,,,,2,2.0,0.0,2.0,1.0,0.0,7.0,0.0,0.0,0.0,5.0,0.0,2.0,0.0,0.0,0.0,0.0,0.0,2013-06-26,0.0,0.440603821115,0.531117568421,0.0,0.0,0.971721389537,0.971721389537,0.485860694768
2013-06-27,,,,,0.0,1.0,0.0,0.0,1.0,1.0,0.0,0.0,1.0,,,,,,,,,2,2.0,0.0,2.0,1.0,0.0,9.0,0.0,0.0,0.0,6.0,0.0,3.0,0.0,0.0,0.0,0.0,0.0,2013-06-27,0.0,0.396543439004,0.478005811579,0.0,0.0,0.874549250583,0.874549250583,0.437274625291
2013-06-28,,,,,0.0,0.0,1.0,0.0,1.0,1.0,0.0,0.0,1.0,,,,,,,,,2,1.0,1.0,0.0,0.5,0.5,4.0,1.0,0.0,0.0,0.0,1.0,4.0,0.0,0.0,0.0,0.0,0.0,2013-06-28,0.0,-0.643110904897,0.430205230421,0.0,0.0,-0.212905674475,-0.212905674475,-0.106452837238
2013-06-29,,,,,0.0,1.0,0.0,0.0,1.0,1.0,0.0,0.0,1.0,,,,,,,,,2,2.0,0.0,2.0,1.0,0.0,6.0,0.0,0.0,0.0,1.0,0.0,5.0,0.0,0.0,0.0,0.0,0.0,2013-06-29,0.0,0.421200185593,0.387184707379,0.0,0.0,0.808384892972,0.808384892972,0.404192446486
2013-06-30,,,,,0.0,1.0,0.0,0.0,1.0,1.0,0.0,0.0,1.0,,,,,,,,,2,2.0,0.0,2.0,1.0,0.0,8.0,0.0,0.0,0.0,2.0,0.0,6.0,0.0,0.0,0.0,0.0,0.0,2013-06-30,0.0,0.379080167034,0.348466236641,0.0,0.0,0.727546403675,0.727546403675,0.363773201837
2013-07-01,,,,,0.0,,,,,,,,,,,,,,,,,0,0.0,0.0,0.0,,,8.0,0.0,0.0,0.0,2.0,0.0,6.0,0.0,0.0,0.0,0.0,0.0,2013-07-01,0.0,0.0,0.0,0.0,0.0,0.0,,
2013-07-02,,,,,0.0,1.0,0.0,0.0,1.0,1.0,0.0,0.0,1.0,,,,,,,,,2,2.0,0.0,2.0,1.0,0.0,10.0,0.0,0.0,0.0,3.0,0.0,7.0,0.0,0.0,0.0,0.0,0.0,2013-07-02,0.0,0.34117215033,0.313619612977,0.0,0.0,0.654791763307,0.654791763307,0.327395881654
2013-07-03,,,,,0.0,1.0,0.0,0.0,1.0,0.0,1.0,0.0,1.0,,,,,,,,,2,1.0,1.0,0.0,0.5,0.5,4.0,1.0,0.0,0.0,4.0,0.0,0.0,1.0,0.0,0.0,0.0,0.0,2013-07-03,0.0,0.307054935297,-0.717742348321,0.0,0.0,-0.410687413023,-0.410687413023,-0.205343706512
2013-07-04,,,,,0.0,0.0,1.0,0.0,1.0,1.0,0.0,0.0,1.0,,,,,,,,,2,1.0,1.0,0.0,0.5,0.5,1.0,1.0,0.0,0.0,0.0,1.0,1.0,0.0,0.0,0.0,0.0,0.0,2013-07-04,0.0,-0.723650558232,0.354031886511,0.0,0.0,-0.369618671721,-0.369618671721,-0.18480933586
2013-07-05,,,,,0.0,1.0,0.0,0.0,1.0,0.0,1.0,0.0,1.0,,,,,,,,,2,1.0,1.0,0.0,0.5,0.5,1.0,1.0,0.0,0.0,1.0,0.0,0.0,1.0,0.0,0.0,0.0,0.0,2013-07-05,0.0,0.348714497591,-0.68137130214,0.0,0.0,-0.332656804549,-0.332656804549,-0.166328402274
2013-07-06,,,,,0.0,0.0,1.0,0.0,1.0,1.0,0.0,0.0,1.0,,,,,,,,,2,1.0,1.0,0.0,0.5,0.5,1.0,1.0,0.0,0.0,0.0,1.0,1.0,0.0,0.0,0.0,0.0,0.0,2013-07-06,0.0,-0.686156952168,0.386765828074,0.0,0.0,-0.299391124094,-0.299391124094,-0.149695562047
2013-07-07,,,,,0.0,1.0,0.0,0.0,1.0,1.0,0.0,0.0,1.0,,,,,,,,,2,2.0,0.0,2.0,1.0,0.0,3.0,0.0,0.0,0.0,1.0,0.0,2.0,0.0,0.0,0.0,0.0,0.0,2013-07-07,0.0,0.382458743049,0.348089245267,0.0,0.0,0.730547988315,0.730547988315,0.365273994158
2013-07-08,,,,,0.0,1.0,0.0,0.0,1.0,,,,,,,,,,,,,1,1.0,0.0,1.0,1.0,0.0,4.0,0.0,0.0,0.0,2.0,0.0,2.0,0.0,0.0,0.0,0.0,0.0,2013-07-08,0.0,0.344212868744,0.0,0.0,0.0,0.344212868744,0.344212868744,0.344212868744
2013-07-09,,,,,0.0,1.0,0.0,0.0,1.0,0.0,1.0,0.0,1.0,,,,,,,,,2,1.0,1.0,0.0,0.5,0.5,3.0,1.0,0.0,0.0,3.0,0.0,0.0,1.0,0.0,0.0,0.0,0.0,2013-07-09,0.0,0.309791581869,-0.68671967926,0.0,0.0,-0.376928097391,-0.376928097391,-0.188464048695
2013-07-10,,,,,0.0,1.0,0.0,0.0,1.0,1.0,0.0,0.0,1.0,,,,,,,,,2,2.0,0.0,2.0,1.0,0.0,5.0,0.0,0.0,0.0,4.0,0.0,1.0,0.0,0.0,0.0,0.0,0.0,2013-07-10,0.0,0.278812423682,0.381952288666,0.0,0.0,0.660764712349,0.660764712349,0.330382356174
2013-07-11,,,,,0.0,1.0,0.0,0.0,1.0,,,,,,,,,,,,,1,1.0,0.0,1.0,1.0,0.0,6.0,0.0,0.0,0.0,5.0,0.0,1.0,0.0,0.0,0.0,0.0,0.0,2013-07-11,0.0,0.250931181314,0.0,0.0,0.0,0.250931181314,0.250931181314,0.250931181314
2013-07-12,,,,,0.0,0.0,1.0,0.0,1.0,0.0,1.0,0.0,1.0,,,,,,,,,2,0.0,2.0,-2.0,0.0,1.0,0.0,2.0,0.0,0.0,0.0,1.0,0.0,1.0,0.0,0.0,0.0,0.0,2013-07-12,0.0,-0.774161936817,-0.6562429402,0.0,0.0,-1.43040487702,-1.43040487702,-0.715202438509
2013-07-13,,,,,0.0,1.0,0.0,0.0,1.0,0.0,1.0,0.0,1.0,,,,,,,,,2,1.0,1.0,0.0,0.5,0.5,1.0,2.0,0.0,0.0,1.0,0.0,0.0,2.0,0.0,0.0,0.0,0.0,2013-07-13,0.0,0.303254256864,-0.59061864618,0.0,0.0,-0.287364389316,-0.287364389316,-0.143682194658
2013-07-14,,,,,0.0,0.0,1.0,0.0,1.0,0.0,1.0,0.0,1.0,,,,,,,,,2,0.0,2.0,-2.0,0.0,1.0,0.0,4.0,0.0,0.0,0.0,1.0,0.0,3.0,0.0,0.0,0.0,0.0,2013-07-14,0.0,-0.727071168822,-0.531556781562,0.0,0.0,-1.25862795038,-1.25862795038,-0.629313975192
2013-07-15,,,,,0.0,,,,,,,,,,,,,,,,,0,0.0,0.0,0.0,,,0.0,4.0,0.0,0.0,0.0,1.0,0.0,3.0,0.0,0.0,0.0,0.0,2013-07-15,0.0,0.0,0.0,0.0,0.0,0.0,,
2013-07-16,,,,,0.0,,,,,,,,,,,,,,,,,0,0.0,0.0,0.0,,,0.0,4.0,0.0,0.0,0.0,1.0,0.0,3.0,0.0,0.0,0.0,0.0,2013-07-16,0.0,0.0,0.0,0.0,0.0,0.0,,
2013-07-17,,,,,0.0,,,,,,,,,,,,,,,,,0,0.0,0.0,0.0,,,0.0,4.0,0.0,0.0,0.0,1.0,0.0,3.0,0.0,0.0,0.0,0.0,2013-07-17,0.0,0.0,0.0,0.0,0.0,0.0,,
2013-07-18,,,,,0.0,,,,,,,,,,,,,,,,,0,0.0,0.0,0.0,,,0.0,4.0,0.0,0.0,0.0,1.0,0.0,3.0,0.0,0.0,0.0,0.0,2013-07-18,0.0,0.0,0.0,0.0,0.0,0.0,,
2013-07-19,,,,,0.0,1.0,0.0,0.0,1.0,1.0,0.0,0.0,1.0,,,,,,,,,2,2.0,0.0,2.0,1.0,0.0,2.0,0.0,0.0,0.0,1.0,0.0,1.0,0.0,0.0,0.0,0.0,0.0,2013-07-19,0.0,0.34563594806,0.521598896594,0.0,0.0,0.867234844654,0.867234844654,0.433617422327
2013-07-20,,,,,0.0,1.0,0.0,0.0,1.0,1.0,0.0,0.0,1.0,,,,,,,,,2,2.0,0.0,2.0,1.0,0.0,4.0,0.0,0.0,0.0,2.0,0.0,2.0,0.0,0.0,0.0,0.0,0.0,2013-07-20,0.0,0.311072353254,0.469439006934,0.0,0.0,0.780511360189,0.780511360189,0.390255680094
2013-07-21,,,,,0.0,1.0,0.0,0.0,1.0,0.0,1.0,0.0,1.0,,,,,,,,,2,1.0,1.0,0.0,0.5,0.5,3.0,1.0,0.0,0.0,3.0,0.0,0.0,1.0,0.0,0.0,0.0,0.0,2013-07-21,0.0,0.279965117929,-0.577504893759,0.0,0.0,-0.29753977583,-0.29753977583,-0.148769887915
2013-07-22,,,,,0.0,1.0,0.0,0.0,1.0,0.0,1.0,0.0,1.0,,,,,,,,,2,1.0,1.0,0.0,0.5,0.5,4.0,2.0,0.0,0.0,4.0,0.0,0.0,2.0,0.0,0.0,0.0,0.0,2013-07-22,0.0,0.251968606136,-0.519754404383,0.0,0.0,-0.267785798247,-0.267785798247,-0.133892899124
2013-07-23,,,,,0.0,1.0,0.0,0.0,1.0,0.0,1.0,0.0,1.0,,,,,,,,,2,1.0,1.0,0.0,0.5,0.5,5.0,3.0,0.0,0.0,5.0,0.0,0.0,3.0,0.0,0.0,0.0,0.0,2013-07-23,0.0,0.226771745522,-0.467778963945,0.0,0.0,-0.241007218422,-0.241007218422,-0.120503609211
2013-07-24,,,,,0.0,1.0,0.0,0.0,1.0,1.0,0.0,0.0,1.0,,,,,,,,,2,2.0,0.0,2.0,1.0,0.0,7.0,0.0,0.0,0.0,6.0,0.0,1.0,0.0,0.0,0.0,0.0,0.0,2013-07-24,0.0,0.20409457097,0.57899893245,0.0,0.0,0.78309350342,0.78309350342,0.39154675171
2013-07-25,,,,,0.0,0.0,1.0,0.0,1.0,1.0,0.0,0.0,1.0,,,,,,,,,2,1.0,1.0,0.0,0.5,0.5,2.0,1.0,0.0,0.0,0.0,1.0,2.0,0.0,0.0,0.0,0.0,0.0,2013-07-25,0.0,-0.816314886127,0.521099039205,0.0,0.0,-0.295215846922,-0.295215846922,-0.147607923461
2013-07-26,,,,,0.0,1.0,0.0,0.0,1.0,0.0,1.0,0.0,1.0,,,,,,,,,2,1.0,1.0,0.0,0.5,0.5,1.0,1.0,0.0,0.0,1.0,0.0,0.0,1.0,0.0,0.0,0.0,0.0,2013-07-26,0.0,0.265316602486,-0.531010864716,0.0,0.0,-0.26569426223,-0.26569426223,-0.132847131115
2013-07-27,,,,,0.0,1.0,0.0,0.0,1.0,0.0,1.0,0.0,1.0,,,,,,,,,2,1.0,1.0,0.0,0.5,0.5,2.0,2.0,0.0,0.0,2.0,0.0,0.0,2.0,0.0,0.0,0.0,0.0,2013-07-27,0.0,0.238784942237,-0.477909778244,0.0,0.0,-0.239124836007,-0.239124836007,-0.119562418003
2013-07-28,,,,,0.0,1.0,0.0,0.0,1.0,0.0,1.0,0.0,1.0,,,,,,,,,2,1.0,1.0,0.0,0.5,0.5,3.0,3.0,0.0,0.0,3.0,0.0,0.0,3.0,0.0,0.0,0.0,0.0,2013-07-28,0.0,0.214906448013,-0.43011880042,0.0,0.0,-0.215212352406,-0.215212352406,-0.107606176203
2013-07-29,,,,,0.0,,,,,0.0,1.0,0.0,1.0,,,,,,,,,1,0.0,1.0,-1.0,0.0,1.0,3.0,4.0,0.0,0.0,3.0,0.0,0.0,4.0,0.0,0.0,0.0,0.0,2013-07-29,0.0,0.0,-0.387106920378,0.0,0.0,-0.387106920378,-0.387106920378,-0.387106920378
2013-07-30,,,,,0.0,1.0,0.0,0.0,1.0,0.0,1.0,0.0,1.0,,,,,,,,,2,1.0,1.0,0.0,0.5,0.5,4.0,5.0,0.0,0.0,4.0,0.0,0.0,5.0,0.0,0.0,0.0,0.0,2013-07-30,0.0,0.193415803212,-0.34839622834,0.0,0.0,-0.154980425128,-0.154980425128,-0.0774902125639
2013-07-31,,,,,0.0,0.0,1.0,0.0,1.0,0.0,1.0,0.0,1.0,,,,,,,,,2,0.0,2.0,-2.0,0.0,1.0,0.0,7.0,0.0,0.0,0.0,1.0,0.0,6.0,0.0,0.0,0.0,0.0,2013-07-31,0.0,-0.825925777109,-0.313556605506,0.0,0.0,-1.13948238262,-1.13948238262,-0.569741191308
2013-08-01,,,,,0.0,1.0,0.0,0.0,1.0,1.0,0.0,0.0,1.0,,,,,,,,,2,2.0,0.0,2.0,1.0,0.0,2.0,0.0,0.0,0.0,1.0,0.0,1.0,0.0,0.0,0.0,0.0,0.0,2013-08-01,0.0,0.256666800602,0.717799055045,0.0,0.0,0.974465855646,0.974465855646,0.487232927823
2013-08-02,,,,,0.0,1.0,0.0,0.0,1.0,1.0,0.0,0.0,1.0,,,,,,,,,2,2.0,0.0,2.0,1.0,0.0,4.0,0.0,0.0,0.0,2.0,0.0,2.0,0.0,0.0,0.0,0.0,0.0,2013-08-02,0.0,0.231000120542,0.64601914954,0.0,0.0,0.877019270082,0.877019270082,0.438509635041
2013-08-03,,,,,0.0,1.0,0.0,0.0,1.0,1.0,0.0,0.0,1.0,,,,,,,,,2,2.0,0.0,2.0,1.0,0.0,6.0,0.0,0.0,0.0,3.0,0.0,3.0,0.0,0.0,0.0,0.0,0.0,2013-08-03,0.0,0.207900108487,0.581417234586,0.0,0.0,0.789317343074,0.789317343074,0.394658671537
2013-08-04,,,,,0.0,1.0,0.0,0.0,1.0,0.0,1.0,0.0,1.0,,,,,,,,,2,1.0,1.0,0.0,0.5,0.5,4.0,1.0,0.0,0.0,4.0,0.0,0.0,1.0,0.0,0.0,0.0,0.0,2013-08-04,0.0,0.187110097639,-0.476724488872,0.0,0.0,-0.289614391234,-0.289614391234,-0.144807195617
2013-08-05,,,,,0.0,1.0,0.0,0.0,1.0,0.0,1.0,0.0,1.0,,,,,,,,,2,1.0,1.0,0.0,0.5,0.5,5.0,2.0,0.0,0.0,5.0,0.0,0.0,2.0,0.0,0.0,0.0,0.0,2013-08-05,0.0,0.168399087875,-0.429052039985,0.0,0.0,-0.26065295211,-0.26065295211,-0.130326476055
2013-08-06,,,,,0.0,0.0,1.0,0.0,1.0,0.0,1.0,0.0,1.0,,,,,,,,,2,0.0,2.0,-2.0,0.0,1.0,0.0,4.0,0.0,0.0,0.0,1.0,0.0,3.0,0.0,0.0,0.0,0.0,2013-08-06,0.0,-0.848440820913,-0.386146835987,0.0,0.0,-1.2345876569,-1.2345876569,-0.61729382845
2013-08-07,,,,,0.0,1.0,0.0,0.0,1.0,0.0,1.0,0.0,1.0,,,,,,,,,2,1.0,1.0,0.0,0.5,0.5,1.0,4.0,0.0,0.0,1.0,0.0,0.0,4.0,0.0,0.0,0.0,0.0,2013-08-07,0.0,0.236403261179,-0.347532152388,0.0,0.0,-0.111128891209,-0.111128891209,-0.0555644456047
2013-08-08,,,,,0.0,1.0,0.0,0.0,1.0,,,,,,,,,,,,,1,1.0,0.0,1.0,1.0,0.0,2.0,4.0,0.0,0.0,2.0,0.0,0.0,4.0,0.0,0.0,0.0,0.0,2013-08-08,0.0,0.212762935061,0.0,0.0,0.0,0.212762935061,0.212762935061,0.212762935061
2013-08-09,,,,,0.0,1.0,0.0,0.0,1.0,1.0,0.0,0.0,1.0,,,,,,,,,2,2.0,0.0,2.0,1.0,0.0,4.0,0.0,0.0,0.0,3.0,0.0,1.0,0.0,0.0,0.0,0.0,0.0,2013-08-09,0.0,0.191486641555,0.687221062851,0.0,0.0,0.878707704405,0.878707704405,0.439353852203
2013-08-10,,,,,0.0,1.0,0.0,0.0,1.0,1.0,0.0,0.0,1.0,,,,,,,,,2,2.0,0.0,2.0,1.0,0.0,6.0,0.0,0.0,0.0,4.0,0.0,2.0,0.0,0.0,0.0,0.0,0.0,2013-08-10,0.0,0.172337977399,0.618498956566,0.0,0.0,0.790836933965,0.790836933965,0.395418466982
2013-08-11,,,,,0.0,1.0,0.0,0.0,1.0,0.0,1.0,0.0,1.0,,,,,,,,,2,1.0,1.0,0.0,0.5,0.5,5.0,1.0,0.0,0.0,5.0,0.0,0.0,1.0,0.0,0.0,0.0,0.0,2013-08-11,0.0,0.155104179659,-0.443350939091,0.0,0.0,-0.288246759432,-0.288246759432,-0.144123379716
2013-08-12,,,,,0.0,1.0,0.0,0.0,1.0,0.0,1.0,0.0,1.0,,,,,,,,,2,1.0,1.0,0.0,0.5,0.5,6.0,2.0,0.0,0.0,6.0,0.0,0.0,2.0,0.0,0.0,0.0,0.0,2013-08-12,0.0,0.139593761693,-0.399015845182,0.0,0.0,-0.259422083488,-0.259422083488,-0.129711041744
2013-08-13,,,,,0.0,1.0,0.0,0.0,1.0,0.0,1.0,0.0,1.0,,,,,,,,,2,1.0,1.0,0.0,0.5,0.5,7.0,3.0,0.0,0.0,7.0,0.0,0.0,3.0,0.0,0.0,0.0,0.0,2013-08-13,0.0,0.125634385524,-0.359114260664,0.0,0.0,-0.23347987514,-0.23347987514,-0.11673993757
2013-08-14,,,,,0.0,1.0,0.0,0.0,1.0,0.0,1.0,0.0,1.0,,,,,,,,,2,1.0,1.0,0.0,0.5,0.5,8.0,4.0,0.0,0.0,8.0,0.0,0.0,4.0,0.0,0.0,0.0,0.0,2013-08-14,0.0,0.113070946972,-0.323202834597,0.0,0.0,-0.210131887626,-0.210131887626,-0.105065943813
2013-08-15,,,,,0.0,,,,,1.0,0.0,0.0,1.0,,,,,,,,,1,1.0,0.0,1.0,1.0,0.0,9.0,0.0,0.0,0.0,8.0,0.0,1.0,0.0,0.0,0.0,0.0,0.0,2013-08-15,0.0,0.0,0.709117448862,0.0,0.0,0.709117448862,0.709117448862,0.709117448862
2013-08-16,,,,,0.0,1.0,0.0,0.0,1.0,0.0,1.0,0.0,1.0,,,,,,,,,2,1.0,1.0,0.0,0.5,0.5,9.0,1.0,0.0,0.0,9.0,0.0,0.0,1.0,0.0,0.0,0.0,0.0,2013-08-16,0.0,0.101763852274,-0.361794296024,0.0,0.0,-0.260030443749,-0.260030443749,-0.130015221875
2013-08-17,,,,,0.0,1.0,0.0,0.0,1.0,1.0,0.0,0.0,1.0,,,,,,,,,2,2.0,0.0,2.0,1.0,0.0,11.0,0.0,0.0,0.0,10.0,0.0,1.0,0.0,0.0,0.0,0.0,0.0,2013-08-17,0.0,0.091587467047,0.674385133579,0.0,0.0,0.765972600626,0.765972600626,0.382986300313
2013-08-18,,,,,0.0,0.0,1.0,0.0,1.0,0.0,1.0,0.0,1.0,,,,,,,,,2,0.0,2.0,-2.0,0.0,1.0,0.0,2.0,0.0,0.0,0.0,1.0,0.0,1.0,0.0,0.0,0.0,0.0,2013-08-18,0.0,-0.917571279658,-0.393053379779,0.0,0.0,-1.31062465944,-1.31062465944,-0.655312329718
2013-08-19,,,,,0.0,0.0,1.0,0.0,1.0,0.0,1.0,0.0,1.0,,,,,,,,,2,0.0,2.0,-2.0,0.0,1.0,0.0,4.0,0.0,0.0,0.0,2.0,0.0,2.0,0.0,0.0,0.0,0.0,2013-08-19,0.0,-0.825814151692,-0.353748041801,0.0,0.0,-1.17956219349,-1.17956219349,-0.589781096747
2013-08-20,,,,,0.0,1.0,0.0,0.0,1.0,0.0,1.0,0.0,1.0,,,,,,,,,2,1.0,1.0,0.0,0.5,0.5,1.0,3.0,0.0,0.0,1.0,0.0,0.0,3.0,0.0,0.0,0.0,0.0,2013-08-20,0.0,0.256767263477,-0.318373237621,0.0,0.0,-0.0616059741439,-0.0616059741439,-0.030802987072
2013-08-21,,,,,0.0,1.0,0.0,0.0,1.0,0.0,1.0,0.0,1.0,,,,,,,,,2,1.0,1.0,0.0,0.5,0.5,2.0,4.0,0.0,0.0,2.0,0.0,0.0,4.0,0.0,0.0,0.0,0.0,2013-08-21,0.0,0.23109053713,-0.286535913859,0.0,0.0,-0.0554453767295,-0.0554453767295,-0.0277226883648
2013-08-22,,,,,0.0,1.0,0.0,0.0,1.0,,,,,,,,,,,,,1,1.0,0.0,1.0,1.0,0.0,3.0,4.0,0.0,0.0,3.0,0.0,0.0,4.0,0.0,0.0,0.0,0.0,2013-08-22,0.0,0.207981483417,0.0,0.0,0.0,0.207981483417,0.207981483417,0.207981483417
2013-08-23,,,,,0.0,1.0,0.0,0.0,1.0,1.0,0.0,0.0,1.0,,,,,,,,,2,2.0,0.0,2.0,1.0,0.0,5.0,0.0,0.0,0.0,4.0,0.0,1.0,0.0,0.0,0.0,0.0,0.0,2013-08-23,0.0,0.187183335075,0.742117677527,0.0,0.0,0.929301012602,0.929301012602,0.464650506301
2013-08-24,,,,,0.0,0.0,1.0,0.0,1.0,1.0,0.0,0.0,1.0,,,,,,,,,2,1.0,1.0,0.0,0.5,0.5,2.0,1.0,0.0,0.0,0.0,1.0,2.0,0.0,0.0,0.0,0.0,0.0,2013-08-24,0.0,-0.831534998433,0.667905909774,0.0,0.0,-0.163629088658,-0.163629088658,-0.0818145443292
2013-08-25,,,,,0.0,0.0,1.0,0.0,1.0,1.0,0.0,0.0,1.0,,,,,,,,,2,1.0,1.0,0.0,0.5,0.5,3.0,2.0,0.0,0.0,0.0,2.0,3.0,0.0,0.0,0.0,0.0,0.0,2013-08-25,0.0,-0.748381498589,0.601115318797,0.0,0.0,-0.147266179793,-0.147266179793,-0.0736330898963
2013-08-26,,,,,0.0,1.0,0.0,0.0,1.0,,,,,,,,,,,,,1,1.0,0.0,1.0,1.0,0.0,4.0,0.0,0.0,0.0,1.0,0.0,3.0,0.0,0.0,0.0,0.0,0.0,2013-08-26,0.0,0.32645665127,0.0,0.0,0.0,0.32645665127,0.32645665127,0.32645665127
2013-08-27,,,,,0.0,0.0,1.0,0.0,1.0,1.0,0.0,0.0,1.0,,,,,,,,,2,1.0,1.0,0.0,0.5,0.5,4.0,1.0,0.0,0.0,0.0,1.0,4.0,0.0,0.0,0.0,0.0,0.0,2013-08-27,0.0,-0.706189013857,0.541003786917,0.0,0.0,-0.16518522694,-0.16518522694,-0.0825926134701
2013-08-28,,,,,0.0,1.0,0.0,0.0,1.0,0.0,1.0,0.0,1.0,,,,,,,,,2,1.0,1.0,0.0,0.5,0.5,1.0,1.0,0.0,0.0,1.0,0.0,0.0,1.0,0.0,0.0,0.0,0.0,2013-08-28,0.0,0.364429887528,-0.513096591775,0.0,0.0,-0.148666704246,-0.148666704246,-0.0743333521231
2013-08-29,,,,,0.0,,,,,1.0,0.0,0.0,1.0,,,,,,,,,1,1.0,0.0,1.0,1.0,0.0,2.0,0.0,0.0,0.0,1.0,0.0,1.0,0.0,0.0,0.0,0.0,0.0,2013-08-29,0.0,0.0,0.538213067403,0.0,0.0,0.538213067403,0.538213067403,0.538213067403
2013-08-30,,,,,0.0,1.0,0.0,0.0,1.0,1.0,0.0,0.0,1.0,,,,,,,,,2,2.0,0.0,2.0,1.0,0.0,4.0,0.0,0.0,0.0,2.0,0.0,2.0,0.0,0.0,0.0,0.0,0.0,2013-08-30,0.0,0.327986898776,0.484391760663,0.0,0.0,0.812378659438,0.812378659438,0.406189329719
2013-08-31,,,,,0.0,1.0,0.0,0.0,1.0,1.0,0.0,0.0,1.0,,,,,,,,,2,2.0,0.0,2.0,1.0,0.0,6.0,0.0,0.0,0.0,3.0,0.0,3.0,0.0,0.0,0.0,0.0,0.0,2013-08-31,0.0,0.295188208898,0.435952584596,0.0,0.0,0.731140793494,0.731140793494,0.365570396747
2013-09-01,,,,,0.0,1.0,0.0,0.0,1.0,1.0,0.0,0.0,1.0,,,,,,,,,2,2.0,0.0,2.0,1.0,0.0,8.0,0.0,0.0,0.0,4.0,0.0,4.0,0.0,0.0,0.0,0.0,0.0,2013-09-01,0.0,0.265669388008,0.392357326137,0.0,0.0,0.658026714145,0.658026714145,0.329013357072
2013-09-02,,,,,0.0,1.0,0.0,0.0,1.0,1.0,0.0,0.0,1.0,,,,,,,,,2,2.0,0.0,2.0,1.0,0.0,10.0,0.0,0.0,0.0,5.0,0.0,5.0,0.0,0.0,0.0,0.0,0.0,2013-09-02,0.0,0.239102449207,0.353121593523,0.0,0.0,0.59222404273,0.59222404273,0.296112021365
2013-09-03,,,,,0.0,1.0,0.0,0.0,1.0,0.0,1.0,0.0,1.0,,,,,,,,,2,1.0,1.0,0.0,0.5,0.5,6.0,1.0,0.0,0.0,6.0,0.0,0.0,1.0,0.0,0.0,0.0,0.0,2013-09-03,0.0,0.215192204287,-0.682190565829,0.0,0.0,-0.466998361543,-0.466998361543,-0.233499180771
2013-09-04,,,,,0.0,0.0,1.0,0.0,1.0,0.0,1.0,0.0,1.0,,,,,,,,,2,0.0,2.0,-2.0,0.0,1.0,0.0,3.0,0.0,0.0,0.0,1.0,0.0,2.0,0.0,0.0,0.0,0.0,2013-09-04,0.0,-0.806327016142,-0.613971509246,0.0,0.0,-1.42029852539,-1.42029852539,-0.710149262694
2013-09-05,,,,,0.0,,,,,1.0,0.0,0.0,1.0,,,,,,,,,1,1.0,0.0,1.0,1.0,0.0,1.0,1.0,0.0,0.0,0.0,1.0,1.0,0.0,0.0,0.0,0.0,0.0,2013-09-05,0.0,0.0,0.447425641678,0.0,0.0,0.447425641678,0.447425641678,0.447425641678
2013-09-06,,,,,0.0,0.0,1.0,0.0,1.0,1.0,0.0,0.0,1.0,,,,,,,,,2,1.0,1.0,0.0,0.5,0.5,2.0,2.0,0.0,0.0,0.0,2.0,2.0,0.0,0.0,0.0,0.0,0.0,2013-09-06,0.0,-0.725694314528,0.40268307751,0.0,0.0,-0.323011237017,-0.323011237017,-0.161505618509
2013-09-07,,,,,0.0,0.0,1.0,0.0,1.0,1.0,0.0,0.0,1.0,,,,,,,,,2,1.0,1.0,0.0,0.5,0.5,3.0,3.0,0.0,0.0,0.0,3.0,3.0,0.0,0.0,0.0,0.0,0.0,2013-09-07,0.0,-0.653124883075,0.362414769759,0.0,0.0,-0.290710113316,-0.290710113316,-0.145355056658
2013-09-08,,,,,0.0,0.0,1.0,0.0,1.0,0.0,1.0,0.0,1.0,,,,,,,,,2,0.0,2.0,-2.0,0.0,1.0,0.0,5.0,0.0,0.0,0.0,4.0,0.0,1.0,0.0,0.0,0.0,0.0,2013-09-08,0.0,-0.587812394768,-0.673826707217,0.0,0.0,-1.26163910198,-1.26163910198,-0.630819550992
2013-09-09,,,,,0.0,1.0,0.0,0.0,1.0,0.0,1.0,0.0,1.0,,,,,,,,,2,1.0,1.0,0.0,0.5,0.5,1.0,2.0,0.0,0.0,1.0,0.0,0.0,2.0,0.0,0.0,0.0,0.0,2013-09-09,0.0,0.470968844709,-0.606444036495,0.0,0.0,-0.135475191786,-0.135475191786,-0.0677375958928
2013-09-10,,,,,0.0,1.0,0.0,0.0,1.0,1.0,0.0,0.0,1.0,,,,,,,,,2,2.0,0.0,2.0,1.0,0.0,3.0,0.0,0.0,0.0,2.0,0.0,1.0,0.0,0.0,0.0,0.0,0.0,2013-09-10,0.0,0.423871960238,0.454200367155,0.0,0.0,0.878072327393,0.878072327393,0.439036163696
2013-09-11,,,,,0.0,0.0,1.0,0.0,1.0,1.0,0.0,0.0,1.0,,,,,,,,,2,1.0,1.0,0.0,0.5,0.5,2.0,1.0,0.0,0.0,0.0,1.0,2.0,0.0,0.0,0.0,0.0,0.0,2013-09-11,0.0,-0.618515235786,0.408780330439,0.0,0.0,-0.209734905346,-0.209734905346,-0.104867452673
2013-09-12,,,,,0.0,1.0,0.0,0.0,1.0,1.0,0.0,0.0,1.0,,,,,,,,,2,2.0,0.0,2.0,1.0,0.0,4.0,0.0,0.0,0.0,1.0,0.0,3.0,0.0,0.0,0.0,0.0,0.0,2013-09-12,0.0,0.443336287793,0.367902297395,0.0,0.0,0.811238585188,0.811238585188,0.405619292594
2013-09-13,,,,,0.0,0.0,1.0,0.0,1.0,0.0,1.0,0.0,1.0,,,,,,,,,2,0.0,2.0,-2.0,0.0,1.0,0.0,2.0,0.0,0.0,0.0,1.0,0.0,1.0,0.0,0.0,0.0,0.0,2013-09-13,0.0,-0.600997340986,-0.668887932344,0.0,0.0,-1.26988527333,-1.26988527333,-0.634942636665
2013-09-14,,,,,0.0,0.0,1.0,0.0,1.0,1.0,0.0,0.0,1.0,,,,,,,,,2,1.0,1.0,0.0,0.5,0.5,1.0,2.0,0.0,0.0,0.0,2.0,1.0,0.0,0.0,0.0,0.0,0.0,2013-09-14,0.0,-0.540897606888,0.39800086089,0.0,0.0,-0.142896745998,-0.142896745998,-0.0714483729988
2013-09-15,,,,,0.0,0.0,1.0,0.0,1.0,1.0,0.0,0.0,1.0,,,,,,,,,2,1.0,1.0,0.0,0.5,0.5,2.0,3.0,0.0,0.0,0.0,3.0,2.0,0.0,0.0,0.0,0.0,0.0,2013-09-15,0.0,-0.486807846199,0.358200774801,0.0,0.0,-0.128607071398,-0.128607071398,-0.0643035356989
2013-09-16,,,,,0.0,0.0,1.0,0.0,1.0,1.0,0.0,0.0,1.0,,,,,,,,,2,1.0,1.0,0.0,0.5,0.5,3.0,4.0,0.0,0.0,0.0,4.0,3.0,0.0,0.0,0.0,0.0,0.0,2013-09-16,0.0,-0.438127061579,0.322380697321,0.0,0.0,-0.115746364258,-0.115746364258,-0.057873182129
2013-09-17,,,,,0.0,1.0,0.0,0.0,1.0,0.0,1.0,0.0,1.0,,,,,,,,,2,1.0,1.0,0.0,0.5,0.5,1.0,1.0,0.0,0.0,1.0,0.0,0.0,1.0,0.0,0.0,0.0,0.0,2013-09-17,0.0,0.605685644579,-0.709857372411,0.0,0.0,-0.104171727832,-0.104171727832,-0.0520858639161
2013-09-18,,,,,0.0,0.0,1.0,0.0,1.0,1.0,0.0,0.0,1.0,,,,,,,,,2,1.0,1.0,0.0,0.5,0.5,1.0,1.0,0.0,0.0,0.0,1.0,1.0,0.0,0.0,0.0,0.0,0.0,2013-09-18,0.0,-0.454882919879,0.36112836483,0.0,0.0,-0.093754555049,-0.093754555049,-0.0468772775245
2013-09-19,,,,,0.0,1.0,0.0,0.0,1.0,,,,,,,,,,,,,1,1.0,0.0,1.0,1.0,0.0,2.0,0.0,0.0,0.0,1.0,0.0,1.0,0.0,0.0,0.0,0.0,0.0,2013-09-19,0.0,0.590605372109,0.0,0.0,0.0,0.590605372109,0.590605372109,0.590605372109
2013-09-20,,,,,0.0,0.0,1.0,0.0,1.0,1.0,0.0,0.0,1.0,,,,,,,,,2,1.0,1.0,0.0,0.5,0.5,2.0,1.0,0.0,0.0,0.0,1.0,2.0,0.0,0.0,0.0,0.0,0.0,2013-09-20,0.0,-0.468455165102,0.325015528347,0.0,0.0,-0.143439636755,-0.143439636755,-0.0717198183775
2013-09-21,,,,,0.0,1.0,0.0,0.0,1.0,1.0,0.0,0.0,1.0,,,,,,,,,2,2.0,0.0,2.0,1.0,0.0,4.0,0.0,0.0,0.0,1.0,0.0,3.0,0.0,0.0,0.0,0.0,0.0,2013-09-21,0.0,0.578390351408,0.292513975512,0.0,0.0,0.870904326921,0.870904326921,0.43545216346
2013-09-22,,,,,0.0,1.0,0.0,0.0,1.0,0.0,1.0,0.0,1.0,,,,,,,,,2,1.0,1.0,0.0,0.5,0.5,2.0,1.0,0.0,0.0,2.0,0.0,0.0,1.0,0.0,0.0,0.0,0.0,2013-09-22,0.0,0.520551316267,-0.736737422039,0.0,0.0,-0.216186105772,-0.216186105772,-0.108093052886
2013-09-23,,,,,0.0,,,,,0.0,1.0,0.0,1.0,,,,,,,,,1,0.0,1.0,-1.0,0.0,1.0,2.0,2.0,0.0,0.0,2.0,0.0,0.0,2.0,0.0,0.0,0.0,0.0,2013-09-23,0.0,0.0,-0.663063679835,0.0,0.0,-0.663063679835,-0.663063679835,-0.663063679835
2013-09-24,,,,,0.0,1.0,0.0,0.0,1.0,1.0,0.0,0.0,1.0,,,,,,,,,2,2.0,0.0,2.0,1.0,0.0,4.0,0.0,0.0,0.0,3.0,0.0,1.0,0.0,0.0,0.0,0.0,0.0,2013-09-24,0.0,0.468496184641,0.403242688148,0.0,0.0,0.871738872789,0.871738872789,0.435869436395
2013-09-25,,,,,0.0,0.0,1.0,0.0,1.0,1.0,0.0,0.0,1.0,,,,,,,,,2,1.0,1.0,0.0,0.5,0.5,2.0,1.0,0.0,0.0,0.0,1.0,2.0,0.0,0.0,0.0,0.0,0.0,2013-09-25,0.0,-0.578353433823,0.362918419334,0.0,0.0,-0.21543501449,-0.21543501449,-0.107717507245
2013-09-26,,,,,0.0,0.0,1.0,0.0,1.0,0.0,1.0,0.0,1.0,,,,,,,,,2,0.0,2.0,-2.0,0.0,1.0,0.0,3.0,0.0,0.0,0.0,2.0,0.0,1.0,0.0,0.0,0.0,0.0,2013-09-26,0.0,-0.520518090441,-0.6733734226,0.0,0.0,-1.19389151304,-1.19389151304,-0.59694575652
2013-09-27,,,,,0.0,1.0,0.0,0.0,1.0,0.0,1.0,0.0,1.0,,,,,,,,,2,1.0,1.0,0.0,0.5,0.5,1.0,2.0,0.0,0.0,1.0,0.0,0.0,2.0,0.0,0.0,0.0,0.0,2013-09-27,0.0,0.531533718603,-0.60603608034,0.0,0.0,-0.0745023617367,-0.0745023617367,-0.0372511808684
2013-09-28,,,,,0.0,0.0,1.0,0.0,1.0,0.0,1.0,0.0,1.0,,,,,,,,,2,0.0,2.0,-2.0,0.0,1.0,0.0,4.0,0.0,0.0,0.0,1.0,0.0,3.0,0.0,0.0,0.0,0.0,2013-09-28,0.0,-0.521619653257,-0.545432472306,0.0,0.0,-1.06705212556,-1.06705212556,-0.533526062782
2013-09-29,,,,,0.0,0.0,1.0,0.0,1.0,0.0,1.0,0.0,1.0,,,,,,,,,2,0.0,2.0,-2.0,0.0,1.0,0.0,6.0,0.0,0.0,0.0,2.0,0.0,4.0,0.0,0.0,0.0,0.0,2013-09-29,0.0,-0.469457687932,-0.490889225075,0.0,0.0,-0.960346913007,-0.960346913007,-0.480173456503
2013-09-30,,,,,0.0,,,,,,,,,,,,,,,,,0,0.0,0.0,0.0,,,0.0,2.0,0.0,0.0,0.0,2.0,0.0,0.0,0.0,0.0,0.0,0.0,2013-09-30,0.0,0.0,0.0,0.0,0.0,0.0,,
2013-10-01,,,,,0.0,,,,,,,,,,,,,,,,,0,0.0,0.0,0.0,,,0.0,2.0,0.0,0.0,0.0,2.0,0.0,0.0,0.0,0.0,0.0,0.0,2013-10-01,0.0,0.0,0.0,0.0,0.0,0.0,,
2013-10-02,,,,,0.0,,,,,,,,,,,,,,,,,0,0.0,0.0,0.0,,,0.0,2.0,0.0,0.0,0.0,2.0,0.0,0.0,0.0,0.0,0.0,0.0,2013-10-02,0.0,0.0,0.0,0.0,0.0,0.0,,
2013-10-03,1.0,0.0,0.0,1.0,0.0,1.0,0.0,0.0,1.0,,,,,,,,,,,,,2,2.0,0.0,2.0,1.0,0.0,2.0,0.0,1.0,0.0,1.0,0.0,0.0,0.0,0.0,0.0,0.0,0.0,2013-10-03,0.5,0.577488080862,0.0,0.0,0.0,1.07748808086,1.07748808086,0.538744040431
2013-10-04,0.0,1.0,0.0,1.0,0.0,0.0,1.0,0.0,1.0,,,,,,,,,,,,,2,0.0,2.0,-2.0,0.0,1.0,0.0,2.0,0.0,1.0,0.0,1.0,0.0,0.0,0.0,0.0,0.0,0.0,2013-10-04,-0.55,-0.480260727225,0.0,0.0,0.0,-1.03026072722,-1.03026072722,-0.515130363612
2013-10-05,,,,,0.0,,,,,,,,,,,,,,,,,0,0.0,0.0,0.0,,,0.0,2.0,0.0,1.0,0.0,1.0,0.0,0.0,0.0,0.0,0.0,0.0,2013-10-05,0.0,0.0,0.0,0.0,0.0,0.0,,
2013-10-06,,,,,0.0,1.0,0.0,0.0,1.0,,,,,,,,,,,,,1,1.0,0.0,1.0,1.0,0.0,1.0,1.0,0.0,1.0,1.0,0.0,0.0,0.0,0.0,0.0,0.0,0.0,2013-10-06,0.0,0.567765345498,0.0,0.0,0.0,0.567765345498,0.567765345498,0.567765345498
2013-10-07,0.0,1.0,0.0,1.0,0.0,1.0,0.0,0.0,1.0,,,,,,,,,,,,,2,1.0,1.0,0.0,0.5,0.5,2.0,2.0,0.0,2.0,2.0,0.0,0.0,0.0,0.0,0.0,0.0,0.0,2013-10-07,-0.495,0.510988810948,0.0,0.0,0.0,0.0159888109481,0.0159888109481,0.00799440547406
2013-10-08,,,,,0.0,,,,,,,,,,,,,,,,,0,0.0,0.0,0.0,,,2.0,2.0,0.0,2.0,2.0,0.0,0.0,0.0,0.0,0.0,0.0,0.0,2013-10-08,0.0,0.0,0.0,0.0,0.0,0.0,,
2013-10-09,1.0,0.0,0.0,1.0,0.0,,,,,,,,,,,,,,,,,1,1.0,0.0,1.0,1.0,0.0,3.0,0.0,1.0,0.0,2.0,0.0,0.0,0.0,0.0,0.0,0.0,0.0,2013-10-09,0.5545,0.0,0.0,0.0,0.0,0.5545,0.5545,0.5545
2013-10-10,,,,,0.0,,,,,,,,,,,,,,,,,0,0.0,0.0,0.0,,,3.0,0.0,1.0,0.0,2.0,0.0,0.0,0.0,0.0,0.0,0.0,0.0,2013-10-10,0.0,0.0,0.0,0.0,0.0,0.0,,
2013-10-11,1.0,0.0,0.0,1.0,0.0,0.0,1.0,0.0,1.0,,,,,,,,,,,,,2,1.0,1.0,0.0,0.5,0.5,2.0,1.0,2.0,0.0,0.0,1.0,0.0,0.0,0.0,0.0,0.0,0.0,2013-10-11,0.49905,-0.540110070147,0.0,0.0,0.0,-0.0410600701467,-0.0410600701467,-0.0205300350733
2013-10-12,,,,,0.0,0.0,1.0,0.0,1.0,,,,,,,,,,,,,1,0.0,1.0,-1.0,0.0,1.0,2.0,2.0,2.0,0.0,0.0,2.0,0.0,0.0,0.0,0.0,0.0,0.0,2013-10-12,0.0,-0.486099063132,0.0,0.0,0.0,-0.486099063132,-0.486099063132,-0.486099063132
2013-10-13,1.0,0.0,0.0,1.0,0.0,,,,,,,,,,,,,,,,,1,1.0,0.0,1.0,1.0,0.0,3.0,2.0,3.0,0.0,0.0,2.0,0.0,0.0,0.0,0.0,0.0,0.0,2013-10-13,0.449145,0.0,0.0,0.0,0.0,0.449145,0.449145,0.449145
2013-10-14,,,,,0.0,1.0,0.0,0.0,1.0,,,,,,,,,,,,,1,1.0,0.0,1.0,1.0,0.0,4.0,0.0,3.0,0.0,1.0,0.0,0.0,0.0,0.0,0.0,0.0,0.0,2013-10-14,0.0,0.562510843181,0.0,0.0,0.0,0.562510843181,0.562510843181,0.562510843181
2013-10-15,0.0,1.0,0.0,1.0,0.0,0.0,1.0,0.0,1.0,,,,,,,,,,,,,2,0.0,2.0,-2.0,0.0,1.0,0.0,2.0,0.0,1.0,0.0,1.0,0.0,0.0,0.0,0.0,0.0,0.0,2013-10-15,-0.5957695,-0.493740241137,0.0,0.0,0.0,-1.08950974114,-1.08950974114,-0.544754870568
2013-10-16,,,,,0.0,1.0,0.0,0.0,1.0,,,,,,,,,,,,,1,1.0,0.0,1.0,1.0,0.0,1.0,1.0,0.0,1.0,1.0,0.0,0.0,0.0,0.0,0.0,0.0,0.0,2013-10-16,0.0,0.555633782977,0.0,0.0,0.0,0.555633782977,0.555633782977,0.555633782977
2013-10-17,1.0,0.0,0.0,1.0,0.0,,,,,,,,,,,,,,,,,1,1.0,0.0,1.0,1.0,0.0,2.0,0.0,1.0,0.0,1.0,0.0,0.0,0.0,0.0,0.0,0.0,0.0,2013-10-17,0.46380745,0.0,0.0,0.0,0.0,0.46380745,0.46380745,0.46380745
2013-10-18,,,,,0.0,0.0,1.0,0.0,1.0,,,,,,,,,,,,,1,0.0,1.0,-1.0,0.0,1.0,1.0,1.0,1.0,0.0,0.0,1.0,0.0,0.0,0.0,0.0,0.0,0.0,2013-10-18,0.0,-0.499929595321,0.0,0.0,0.0,-0.499929595321,-0.499929595321,-0.499929595321
2013-10-19,1.0,0.0,0.0,1.0,0.0,,,,,,,,,,,,,,,,,1,1.0,0.0,1.0,1.0,0.0,2.0,0.0,2.0,0.0,0.0,0.0,0.0,0.0,0.0,0.0,0.0,0.0,2013-10-19,0.417426705,0.0,0.0,0.0,0.0,0.417426705,0.417426705,0.417426705
2013-10-20,,,,,0.0,,,,,,,,,,,,,,,,,0,0.0,0.0,0.0,,,2.0,0.0,2.0,0.0,0.0,0.0,0.0,0.0,0.0,0.0,0.0,0.0,2013-10-20,0.0,0.0,0.0,0.0,0.0,0.0,,
2013-10-21,0.0,1.0,0.0,1.0,0.0,,,,,,,,,,,,,,,,,1,0.0,1.0,-1.0,0.0,1.0,0.0,1.0,0.0,1.0,0.0,0.0,0.0,0.0,0.0,0.0,0.0,0.0,2013-10-21,-0.6243159655,0.0,0.0,0.0,0.0,-0.6243159655,-0.6243159655,-0.6243159655
2013-10-22,,,,,0.0,,,,,,,,,,,,,,,,,0,0.0,0.0,0.0,,,0.0,1.0,0.0,1.0,0.0,0.0,0.0,0.0,0.0,0.0,0.0,0.0,2013-10-22,0.0,0.0,0.0,0.0,0.0,0.0,,
2013-10-23,,,,,0.0,,,,,,,,,,,,,,,,,0,0.0,0.0,0.0,,,0.0,1.0,0.0,1.0,0.0,0.0,0.0,0.0,0.0,0.0,0.0,0.0,2013-10-23,0.0,0.0,0.0,0.0,0.0,0.0,,
2013-10-24,1.0,0.0,0.0,1.0,0.0,,,,,,,,,,,,,,,,,1,1.0,0.0,1.0,1.0,0.0,1.0,0.0,1.0,0.0,0.0,0.0,0.0,0.0,0.0,0.0,0.0,0.0,2013-10-24,0.43811563105,0.0,0.0,0.0,0.0,0.43811563105,0.43811563105,0.43811563105
2013-10-25,,,,,0.0,,,,,,,,,,,,,,,,,0,0.0,0.0,0.0,,,1.0,0.0,1.0,0.0,0.0,0.0,0.0,0.0,0.0,0.0,0.0,0.0,2013-10-25,0.0,0.0,0.0,0.0,0.0,0.0,,
2013-10-26,,,,,0.0,,,,,,,,,,,,,,,,,0,0.0,0.0,0.0,,,1.0,0.0,1.0,0.0,0.0,0.0,0.0,0.0,0.0,0.0,0.0,0.0,2013-10-26,0.0,0.0,0.0,0.0,0.0,0.0,,
2013-10-27,1.0,0.0,0.0,1.0,0.0,,,,,,,,,,,,,,,,,1,1.0,0.0,1.0,1.0,0.0,2.0,0.0,2.0,0.0,0.0,0.0,0.0,0.0,0.0,0.0,0.0,0.0,2013-10-27,0.394304067945,0.0,0.0,0.0,0.0,0.394304067945,0.394304067945,0.394304067945
2013-10-28,,,,,0.0,,,,,,,,,,,,,,,,,0,0.0,0.0,0.0,,,2.0,0.0,2.0,0.0,0.0,0.0,0.0,0.0,0.0,0.0,0.0,0.0,2013-10-28,0.0,0.0,0.0,0.0,0.0,0.0,,
2013-10-29,0.0,1.0,0.0,1.0,0.0,,,,,,,,,,,,,,,,,1,0.0,1.0,-1.0,0.0,1.0,0.0,1.0,0.0,1.0,0.0,0.0,0.0,0.0,0.0,0.0,0.0,0.0,2013-10-29,-0.64512633885,0.0,0.0,0.0,0.0,-0.64512633885,-0.64512633885,-0.64512633885
2013-10-30,1.0,0.0,0.0,1.0,0.0,,,,,,,,,,,,,,,,,1,1.0,0.0,1.0,1.0,0.0,1.0,0.0,1.0,0.0,0.0,0.0,0.0,0.0,0.0,0.0,0.0,0.0,2013-10-30,0.419386295035,0.0,0.0,0.0,0.0,0.419386295035,0.419386295035,0.419386295035
2013-10-31,,,,,0.0,,,,,,,,,,,,,,,,,0,0.0,0.0,0.0,,,1.0,0.0,1.0,0.0,0.0,0.0,0.0,0.0,0.0,0.0,0.0,0.0,2013-10-31,0.0,0.0,0.0,0.0,0.0,0.0,,
2013-11-01,,,,,1.0,,,,,,,,,0.0,1.0,0.0,1.0,1.0,0.0,0.0,1.0,2,1.0,1.0,0.0,0.5,0.5,9.0,1.0,1.0,0.0,0.0,0.0,0.0,0.0,0.0,1.0,8.0,0.0,2013-11-01,0.0,0.0,0.0,-0.5,0.5,0.0,0.0,0.0
2013-11-02,0.0,1.0,0.0,1.0,1.0,,,,,,,,,,,,,,,,,1,0.0,1.0,-1.0,0.0,1.0,8.0,2.0,0.0,1.0,0.0,0.0,0.0,0.0,0.0,1.0,8.0,0.0,2013-11-02,-0.622552334468,0.0,0.0,0.0,0.0,-0.622552334468,-0.622552334468,-0.622552334468
2013-11-03,,,,,1.0,,,,,,,,,1.0,0.0,0.0,1.0,,,,,1,1.0,0.0,1.0,1.0,0.0,9.0,1.0,0.0,1.0,0.0,0.0,0.0,0.0,1.0,0.0,8.0,0.0,2013-11-03,0.0,0.0,0.0,0.55,0.0,0.55,0.55,0.55
2013-11-04,,,,,1.0,,,,,,,,,,,,,1.0,0.0,0.0,1.0,1,1.0,0.0,1.0,1.0,0.0,10.0,1.0,0.0,1.0,0.0,0.0,0.0,0.0,1.0,0.0,9.0,0.0,2013-11-04,0.0,0.0,0.0,0.0,0.45,0.45,0.45,0.45
2013-11-05,,,,,1.0,,,,,,,,,0.0,1.0,0.0,1.0,,,,,1,0.0,1.0,-1.0,0.0,1.0,9.0,2.0,0.0,1.0,0.0,0.0,0.0,0.0,0.0,1.0,9.0,0.0,2013-11-05,0.0,0.0,0.0,-0.505,0.0,-0.505,-0.505,-0.505
2013-11-06,,,,,1.0,,,,,,,,,,,,,0.0,1.0,0.0,1.0,1,0.0,1.0,-1.0,0.0,1.0,0.0,3.0,0.0,1.0,0.0,0.0,0.0,0.0,0.0,1.0,0.0,1.0,2013-11-06,0.0,0.0,0.0,0.0,-0.595,-0.595,-0.595,-0.595
2013-11-07,1.0,0.0,0.0,1.0,1.0,,,,,,,,,1.0,0.0,0.0,1.0,0.0,1.0,0.0,1.0,3,2.0,1.0,1.0,0.666666666667,0.333333333333,2.0,2.0,1.0,0.0,0.0,0.0,0.0,0.0,1.0,0.0,0.0,2.0,2013-11-07,0.439702898979,0.0,0.0,0.5455,-0.5355,0.449702898979,0.449702898979,0.149900966326
2013-11-08,,,,,1.0,,,,,,,,,0.0,1.0,0.0,1.0,,,,,1,0.0,1.0,-1.0,0.0,1.0,1.0,3.0,1.0,0.0,0.0,0.0,0.0,0.0,0.0,1.0,0.0,2.0,2013-11-08,0.0,0.0,0.0,-0.50905,0.0,-0.50905,-0.50905,-0.50905
2013-11-09,1.0,0.0,0.0,1.0,1.0,,,,,,,,,,,,,1.0,0.0,0.0,1.0,2,2.0,0.0,2.0,1.0,0.0,3.0,1.0,2.0,0.0,0.0,0.0,0.0,0.0,0.0,1.0,1.0,0.0,2013-11-09,0.395732609081,0.0,0.0,0.0,0.51805,0.913782609081,0.913782609081,0.45689130454
2013-11-10,,,,,1.0,,,,,,,,,0.0,1.0,0.0,1.0,,,,,1,0.0,1.0,-1.0,0.0,1.0,3.0,2.0,2.0,0.0,0.0,0.0,0.0,0.0,0.0,2.0,1.0,0.0,2013-11-10,0.0,0.0,0.0,-0.458145,0.0,-0.458145,-0.458145,-0.458145
2013-11-11,,,,,1.0,,,,,,,,,,,,,1.0,0.0,0.0,1.0,1,1.0,0.0,1.0,1.0,0.0,4.0,2.0,2.0,0.0,0.0,0.0,0.0,0.0,0.0,2.0,2.0,0.0,2013-11-11,0.0,0.0,0.0,0.0,0.466245,0.466245,0.466245,0.466245
2013-11-12,0.0,1.0,0.0,1.0,1.0,,,,,,,,,1.0,0.0,0.0,1.0,,,,,2,1.0,1.0,0.0,0.5,0.5,3.0,1.0,0.0,1.0,0.0,0.0,0.0,0.0,1.0,0.0,2.0,0.0,2013-11-12,-0.643840651827,0.0,0.0,0.5876695,0.0,-0.0561711518272,-0.0561711518272,-0.0280855759136
2013-11-13,,,,,1.0,,,,,,,,,0.0,1.0,0.0,1.0,1.0,0.0,0.0,1.0,2,1.0,1.0,0.0,0.5,0.5,3.0,2.0,0.0,1.0,0.0,0.0,0.0,0.0,0.0,1.0,3.0,0.0,2013-11-13,0.0,0.0,0.0,-0.47109745,0.4196205,-0.05147695,-0.05147695,-0.025738475
2013-11-14,1.0,0.0,0.0,1.0,1.0,,,,,,,,,,,,,,,,,1,1.0,0.0,1.0,1.0,0.0,4.0,1.0,1.0,0.0,0.0,0.0,0.0,0.0,0.0,1.0,3.0,0.0,2013-11-14,0.420543413355,0.0,0.0,0.0,0.0,0.420543413355,0.420543413355,0.420543413355
2013-11-15,1.0,0.0,0.0,1.0,1.0,,,,,,,,,0.0,1.0,0.0,1.0,,,,,2,1.0,1.0,0.0,0.5,0.5,5.0,2.0,2.0,0.0,0.0,0.0,0.0,0.0,0.0,2.0,3.0,0.0,2013-11-15,0.37848907202,0.0,0.0,-0.423987705,0.0,-0.0454986329801,-0.0454986329801,-0.02274931649
2013-11-16,,,,,1.0,,,,,,,,,,,,,1.0,0.0,0.0,1.0,1,1.0,0.0,1.0,1.0,0.0,6.0,2.0,2.0,0.0,0.0,0.0,0.0,0.0,0.0,2.0,4.0,0.0,2013-11-16,0.0,0.0,0.0,0.0,0.37765845,0.37765845,0.37765845,0.37765845
2013-11-17,1.0,0.0,0.0,1.0,1.0,,,,,,,,,1.0,0.0,0.0,1.0,,,,,2,2.0,0.0,2.0,1.0,0.0,8.0,0.0,3.0,0.0,0.0,0.0,0.0,0.0,1.0,0.0,4.0,0.0,2013-11-17,0.340640164818,0.0,0.0,0.6184110655,0.0,0.959051230318,0.959051230318,0.479525615159
2013-11-18,,,,,1.0,,,,,,,,,,,,,0.0,1.0,0.0,1.0,1,0.0,1.0,-1.0,0.0,1.0,4.0,1.0,3.0,0.0,0.0,0.0,0.0,0.0,1.0,0.0,0.0,1.0,2013-11-18,0.0,0.0,0.0,0.0,-0.660107395,-0.660107395,-0.660107395,-0.660107395
2013-11-19,1.0,0.0,0.0,1.0,1.0,,,,,,,,,,,,,,,,,1,1.0,0.0,1.0,1.0,0.0,5.0,1.0,4.0,0.0,0.0,0.0,0.0,0.0,1.0,0.0,0.0,1.0,2013-11-19,0.306576148336,0.0,0.0,0.0,0.0,0.306576148336,0.306576148336,0.306576148336
2013-11-20,,,,,1.0,,,,,,,,,,,,,1.0,0.0,0.0,1.0,1,1.0,0.0,1.0,1.0,0.0,6.0,0.0,4.0,0.0,0.0,0.0,0.0,0.0,1.0,0.0,1.0,0.0,2013-11-20,0.0,0.0,0.0,0.0,0.4059033445,0.4059033445,0.4059033445,0.4059033445
2013-11-21,0.0,1.0,0.0,1.0,1.0,,,,,,,,,,,,,0.0,1.0,0.0,1.0,2,0.0,2.0,-2.0,0.0,1.0,1.0,2.0,0.0,1.0,0.0,0.0,0.0,0.0,1.0,0.0,0.0,1.0,2013-11-21,-0.724081466497,0.0,0.0,0.0,-0.63468698995,-1.35876845645,-1.35876845645,-0.679384228224
2013-11-22,,,,,1.0,,,,,,,,,1.0,0.0,0.0,1.0,,,,,1,1.0,0.0,1.0,1.0,0.0,2.0,2.0,0.0,1.0,0.0,0.0,0.0,0.0,2.0,0.0,0.0,1.0,2013-11-22,0.0,0.0,0.0,0.55656995895,0.0,0.55656995895,0.55656995895,0.55656995895
2013-11-23,0.0,1.0,0.0,1.0,1.0,,,,,,,,,,,,,1.0,0.0,0.0,1.0,2,1.0,1.0,0.0,0.5,0.5,3.0,2.0,0.0,2.0,0.0,0.0,0.0,0.0,2.0,0.0,1.0,0.0,2013-11-23,-0.651673319848,0.0,0.0,0.0,0.428781709045,-0.222891610803,-0.222891610803,-0.111445805401
2013-11-24,,,,,1.0,,,,,,,,,1.0,0.0,0.0,1.0,1.0,0.0,0.0,1.0,2,2.0,0.0,2.0,1.0,0.0,5.0,2.0,0.0,2.0,0.0,0.0,0.0,0.0,3.0,0.0,2.0,0.0,2013-11-24,0.0,0.0,0.0,0.500912963055,0.38590353814,0.886816501195,0.886816501195,0.443408250598
2013-11-25,1.0,0.0,0.0,1.0,1.0,,,,,,,,,,,,,,,,,1,1.0,0.0,1.0,1.0,0.0,6.0,0.0,1.0,0.0,0.0,0.0,0.0,0.0,3.0,0.0,2.0,0.0,2013-11-25,0.413494012137,0.0,0.0,0.0,0.0,0.413494012137,0.413494012137,0.413494012137
2013-11-26,,,,,1.0,,,,,,,,,0.0,1.0,0.0,1.0,,,,,1,0.0,1.0,-1.0,0.0,1.0,3.0,1.0,1.0,0.0,0.0,0.0,0.0,0.0,0.0,1.0,2.0,0.0,2013-11-26,0.0,0.0,0.0,-0.549178333251,0.0,-0.549178333251,-0.549178333251,-0.549178333251
2013-11-27,0.0,1.0,0.0,1.0,1.0,,,,,,,,,1.0,0.0,0.0,1.0,1.0,0.0,0.0,1.0,3,2.0,1.0,1.0,0.666666666667,0.333333333333,4.0,1.0,0.0,1.0,0.0,0.0,0.0,0.0,1.0,0.0,3.0,0.0,2013-11-27,-0.627855389077,0.0,0.0,0.505739500075,0.347313184326,0.225197295324,0.225197295324,0.0750657651081
2013-11-28,,,,,1.0,,,,,,,,,,,,,,,,,0,0.0,0.0,0.0,,,4.0,1.0,0.0,1.0,0.0,0.0,0.0,0.0,1.0,0.0,3.0,0.0,2013-11-28,0.0,0.0,0.0,0.0,0.0,0.0,,
2013-11-29,,,,,1.0,,,,,,,,,1.0,0.0,0.0,1.0,1.0,0.0,0.0,1.0,2,2.0,0.0,2.0,1.0,0.0,6.0,1.0,0.0,1.0,0.0,0.0,0.0,0.0,2.0,0.0,4.0,0.0,2013-11-29,0.0,0.0,0.0,0.455165550067,0.312581865894,0.767747415961,0.767747415961,0.38387370798
2013-11-30,0.0,1.0,0.0,1.0,1.0,,,,,,,,,,,,,,,,,1,0.0,1.0,-1.0,0.0,1.0,6.0,2.0,0.0,2.0,0.0,0.0,0.0,0.0,2.0,0.0,4.0,0.0,2013-11-30,-0.565069850169,0.0,0.0,0.0,0.0,-0.565069850169,-0.565069850169,-0.565069850169
2013-12-01,,,,,1.0,,,,,,,,,0.0,1.0,0.0,1.0,0.0,1.0,0.0,1.0,2,0.0,2.0,-2.0,0.0,1.0,0.0,4.0,0.0,2.0,0.0,0.0,0.0,0.0,0.0,1.0,0.0,1.0,2013-12-01,0.0,0.0,0.0,-0.59035100494,-0.718676320696,-1.30902732564,-1.30902732564,-0.654513662818
2013-12-02,1.0,0.0,0.0,1.0,1.0,,,,,,,,,,,,,,,,,1,1.0,0.0,1.0,1.0,0.0,1.0,2.0,1.0,0.0,0.0,0.0,0.0,0.0,0.0,1.0,0.0,1.0,2013-12-02,0.491437134848,0.0,0.0,0.0,0.0,0.491437134848,0.491437134848,0.491437134848
2013-12-03,1.0,0.0,0.0,1.0,1.0,,,,,,,,,,,,,,,,,1,1.0,0.0,1.0,1.0,0.0,2.0,2.0,2.0,0.0,0.0,0.0,0.0,0.0,0.0,1.0,0.0,1.0,2013-12-03,0.442293421363,0.0,0.0,0.0,0.0,0.442293421363,0.442293421363,0.442293421363
2013-12-04,,,,,1.0,,,,,,,,,,,,,0.0,1.0,0.0,1.0,1,0.0,1.0,-1.0,0.0,1.0,2.0,3.0,2.0,0.0,0.0,0.0,0.0,0.0,0.0,1.0,0.0,2.0,2013-12-04,0.0,0.0,0.0,0.0,-0.646808688626,-0.646808688626,-0.646808688626,-0.646808688626
2013-12-05,,,,,1.0,,,,,,,,,,,,,1.0,0.0,0.0,1.0,1,1.0,0.0,1.0,1.0,0.0,3.0,1.0,2.0,0.0,0.0,0.0,0.0,0.0,0.0,1.0,1.0,0.0,2013-12-05,0.0,0.0,0.0,0.0,0.417872180237,0.417872180237,0.417872180237,0.417872180237
2013-12-06,,,,,1.0,,,,,,,,,1.0,0.0,0.0,1.0,,,,,1,1.0,0.0,1.0,1.0,0.0,4.0,0.0,2.0,0.0,0.0,0.0,0.0,0.0,1.0,0.0,1.0,0.0,2013-12-06,0.0,0.0,0.0,0.468684095554,0.0,0.468684095554,0.468684095554,0.468684095554
2013-12-07,1.0,0.0,0.0,1.0,1.0,,,,,,,,,,,,,0.0,1.0,0.0,1.0,2,1.0,1.0,0.0,0.5,0.5,4.0,1.0,3.0,0.0,0.0,0.0,0.0,0.0,1.0,0.0,0.0,1.0,2013-12-07,0.398064079227,0.0,0.0,0.0,-0.623915037787,-0.22585095856,-0.22585095856,-0.11292547928
2013-12-08,,,,,1.0,,,,,,,,,0.0,1.0,0.0,1.0,,,,,1,0.0,1.0,-1.0,0.0,1.0,3.0,2.0,3.0,0.0,0.0,0.0,0.0,0.0,0.0,1.0,0.0,1.0,2013-12-08,0.0,0.0,0.0,-0.578184314001,0.0,-0.578184314001,-0.578184314001,-0.578184314001
2013-12-09,,,,,1.0,,,,,,,,,,,,,1.0,0.0,0.0,1.0,1,1.0,0.0,1.0,1.0,0.0,4.0,1.0,3.0,0.0,0.0,0.0,0.0,0.0,0.0,1.0,1.0,0.0,2013-12-09,0.0,0.0,0.0,0.0,0.438476465992,0.438476465992,0.438476465992,0.438476465992
2013-12-10,1.0,0.0,0.0,1.0,1.0,,,,,,,,,0.0,1.0,0.0,1.0,,,,,2,1.0,1.0,0.0,0.5,0.5,5.0,2.0,4.0,0.0,0.0,0.0,0.0,0.0,0.0,2.0,1.0,0.0,2013-12-10,0.358257671304,0.0,0.0,-0.520365882601,0.0,-0.162108211297,-0.162108211297,-0.0810541056484
2013-12-11,1.0,0.0,0.0,1.0,1.0,,,,,,,,,,,,,1.0,0.0,0.0,1.0,2,2.0,0.0,2.0,1.0,0.0,7.0,2.0,5.0,0.0,0.0,0.0,0.0,0.0,0.0,2.0,2.0,0.0,2013-12-11,0.322431904174,0.0,0.0,0.0,0.394628819392,0.717060723566,0.717060723566,0.358530361783
2013-12-12,,,,,1.0,,,,,,,,,,,,,0.0,1.0,0.0,1.0,1,0.0,1.0,-1.0,0.0,1.0,5.0,3.0,5.0,0.0,0.0,0.0,0.0,0.0,0.0,2.0,0.0,1.0,2013-12-12,0.0,0.0,0.0,0.0,-0.644834062547,-0.644834062547,-0.644834062547,-0.644834062547
2013-12-13,,,,,1.0,,,,,,,,,0.0,1.0,0.0,1.0,,,,,1,0.0,1.0,-1.0,0.0,1.0,5.0,4.0,5.0,0.0,0.0,0.0,0.0,0.0,0.0,3.0,0.0,1.0,2013-12-13,0.0,0.0,0.0,-0.468329294341,0.0,-0.468329294341,-0.468329294341,-0.468329294341
2013-12-14,1.0,0.0,0.0,1.0,1.0,,,,,,,,,1.0,0.0,0.0,1.0,1.0,0.0,0.0,1.0,3,3.0,0.0,3.0,1.0,0.0,8.0,0.0,6.0,0.0,0.0,0.0,0.0,0.0,1.0,0.0,1.0,0.0,2013-12-14,0.290188713756,0.0,0.0,0.578503635093,0.419649343708,1.28834169256,1.28834169256,0.429447230852
2013-12-15,0.0,1.0,0.0,1.0,1.0,,,,,,,,,,,,,,,,,1,0.0,1.0,-1.0,0.0,1.0,2.0,1.0,0.0,1.0,0.0,0.0,0.0,0.0,1.0,0.0,1.0,0.0,2013-12-15,-0.738830157619,0.0,0.0,0.0,0.0,-0.738830157619,-0.738830157619,-0.738830157619
2013-12-16,,,,,1.0,,,,,,,,,0.0,1.0,0.0,1.0,1.0,0.0,0.0,1.0,2,1.0,1.0,0.0,0.5,0.5,2.0,2.0,0.0,1.0,0.0,0.0,0.0,0.0,0.0,1.0,2.0,0.0,2013-12-16,0.0,0.0,0.0,-0.479346728416,0.377684409337,-0.101662319079,-0.101662319079,-0.0508311595395
2013-12-17,1.0,0.0,0.0,1.0,1.0,,,,,,,,,1.0,0.0,0.0,1.0,,,,,2,2.0,0.0,2.0,1.0,0.0,4.0,0.0,1.0,0.0,0.0,0.0,0.0,0.0,1.0,0.0,2.0,0.0,2013-12-17,0.335052858143,0.0,0.0,0.568587944425,0.0,0.903640802568,0.903640802568,0.451820401284
2013-12-18,,,,,1.0,,,,,,,,,,,,,1.0,0.0,0.0,1.0,1,1.0,0.0,1.0,1.0,0.0,5.0,0.0,1.0,0.0,0.0,0.0,0.0,0.0,1.0,0.0,3.0,0.0,2013-12-18,0.0,0.0,0.0,0.0,0.339915968403,0.339915968403,0.339915968403,0.339915968403
2013-12-19,1.0,0.0,0.0,1.0,1.0,,,,,,,,,,,,,,,,,1,1.0,0.0,1.0,1.0,0.0,6.0,0.0,2.0,0.0,0.0,0.0,0.0,0.0,1.0,0.0,3.0,0.0,2013-12-19,0.301547572328,0.0,0.0,0.0,0.0,0.301547572328,0.301547572328,0.301547572328
2013-12-20,,,,,1.0,,,,,,,,,1.0,0.0,0.0,1.0,,,,,1,1.0,0.0,1.0,1.0,0.0,7.0,0.0,2.0,0.0,0.0,0.0,0.0,0.0,2.0,0.0,3.0,0.0,2013-12-20,0.0,0.0,0.0,0.511729149983,0.0,0.511729149983,0.511729149983,0.511729149983
2013-12-21,1.0,0.0,0.0,1.0,1.0,,,,,,,,,0.0,1.0,0.0,1.0,1.0,0.0,0.0,1.0,3,2.0,1.0,1.0,0.666666666667,0.333333333333,7.0,1.0,3.0,0.0,0.0,0.0,0.0,0.0,0.0,1.0,4.0,0.0,2013-12-21,0.271392815096,0.0,0.0,-0.539443765015,0.305924371563,0.0378734216432,0.0378734216432,0.0126244738811
2013-12-22,,,,,1.0,,,,,,,,,,,,,1.0,0.0,0.0,1.0,1,1.0,0.0,1.0,1.0,0.0,8.0,1.0,3.0,0.0,0.0,0.0,0.0,0.0,0.0,1.0,5.0,0.0,2013-12-22,0.0,0.0,0.0,0.0,0.275331934407,0.275331934407,0.275331934407,0.275331934407
2013-12-23,0.0,1.0,0.0,1.0,1.0,,,,,,,,,0.0,1.0,0.0,1.0,,,,,2,0.0,2.0,-2.0,0.0,1.0,5.0,3.0,0.0,1.0,0.0,0.0,0.0,0.0,0.0,2.0,5.0,0.0,2013-12-23,-0.755746466414,0.0,0.0,-0.485499388514,0.0,-1.24124585493,-1.24124585493,-0.620622927464
2013-12-24,,,,,1.0,,,,,,,,,,,,,,,,,0,0.0,0.0,0.0,,,5.0,3.0,0.0,1.0,0.0,0.0,0.0,0.0,0.0,2.0,5.0,0.0,2013-12-24,0.0,0.0,0.0,0.0,0.0,0.0,,
2013-12-25,,,,,1.0,,,,,,,,,0.0,1.0,0.0,1.0,0.0,1.0,0.0,1.0,2,0.0,2.0,-2.0,0.0,1.0,0.0,5.0,0.0,1.0,0.0,0.0,0.0,0.0,0.0,3.0,0.0,1.0,2013-12-25,0.0,0.0,0.0,-0.436949449662,-0.752201259034,-1.1891507087,-1.1891507087,-0.594575354348
2013-12-26,,,,,1.0,,,,,,,,,,,,,0.0,1.0,0.0,1.0,1,0.0,1.0,-1.0,0.0,1.0,0.0,6.0,0.0,1.0,0.0,0.0,0.0,0.0,0.0,3.0,0.0,2.0,2013-12-26,0.0,0.0,0.0,0.0,-0.676981133131,-0.676981133131,-0.676981133131,-0.676981133131
2013-12-27,,,,,1.0,,,,,,,,,0.0,1.0,0.0,1.0,,,,,1,0.0,1.0,-1.0,0.0,1.0,0.0,7.0,0.0,1.0,0.0,0.0,0.0,0.0,0.0,4.0,0.0,2.0,2013-12-27,0.0,0.0,0.0,-0.393254504696,0.0,-0.393254504696,-0.393254504696,-0.393254504696
2013-12-28,0.0,1.0,0.0,1.0,1.0,,,,,,,,,,,,,1.0,0.0,0.0,1.0,2,1.0,1.0,0.0,0.5,0.5,1.0,6.0,0.0,2.0,0.0,0.0,0.0,0.0,0.0,4.0,1.0,0.0,2013-12-28,-0.680171819773,0.0,0.0,0.0,0.390716980183,-0.28945483959,-0.28945483959,-0.144727419795
2013-12-29,,,,,1.0,,,,,,,,,0.0,1.0,0.0,1.0,,,,,1,0.0,1.0,-1.0,0.0,1.0,1.0,7.0,0.0,2.0,0.0,0.0,0.0,0.0,0.0,5.0,1.0,0.0,2013-12-29,0.0,0.0,0.0,-0.353929054227,0.0,-0.353929054227,-0.353929054227,-0.353929054227
2013-12-30,0.0,1.0,0.0,1.0,1.0,,,,,,,,,,,,,0.0,1.0,0.0,1.0,2,0.0,2.0,-2.0,0.0,1.0,0.0,9.0,0.0,3.0,0.0,0.0,0.0,0.0,0.0,5.0,0.0,1.0,2013-12-30,-0.612154637795,0.0,0.0,0.0,-0.648354717836,-1.26050935563,-1.26050935563,-0.630254677816
2013-12-31,0.0,1.0,0.0,1.0,0.0,,,,,,,,,0.0,1.0,0.0,1.0,,,,,2,0.0,2.0,-2.0,0.0,1.0,0.0,10.0,0.0,4.0,0.0,0.0,0.0,0.0,0.0,6.0,0.0,0.0,2013-12-31,-0.550939174016,0.0,0.0,-0.318536148804,0.0,-0.86947532282,-0.86947532282,-0.43473766141
