date,rangers_wins,rangers_losses,rangers_num_events,rangers_ties,rangers_mask,temp,islanders_wins,islanders_losses,islanders_num_events,islanders_ties,islanders_mask,devils_wins,devils_losses,devils_num_events,devils_ties,devils_mask,knicks_wins,knicks_losses,knicks_num_events,knicks_ties,knicks_mask,mets_wins,mets_losses,mets_num_events,mets_ties,mets_mask,yankees_wins,yankees_losses,yankees_num_events,yankees_ties,yankees_mask,giants_wins,giants_losses,giants_num_events,giants_ties,giants_mask,jets_wins,jets_losses,jets_num_events,jets_ties,jets_mask,nets_wins,nets_losses,nets_num_events,nets_ties,nets_mask,num_events,sum_wins,sum_losses,sports_composite,composite_mask,p_win,p_loss,rangers_pe,rangers_pe_with_na,islanders_pe,islanders_pe_with_na,devils_pe,devils_pe_with_na,knicks_pe,knicks_pe_with_na,mets_pe,mets_pe_with_na,yankees_pe,yankees_pe_with_na,giants_pe,giants_pe_with_na,jets_pe,jets_pe_with_na,nets_pe,nets_pe_with_na,sum_pe_with_na,sum_pe,old_sum_pe,mean_pe
01/01/2012,,,,,0,0,,,,,0,,,,,0,,,,,0,,,,,0,,,,,0,,,,,0,,,,,0,,,,,0,0,0,0,0,0,,,0,,0,,0,,0,,0,,0,,0,,0,,0,,,0,0,
02/01/2012,1,0,1,0,1,0,,,,,0,0,1,1,0,1,0,1,1,0,1,,,,,0,,,,,0,,,,,0,,,,,0,,,,,0,3,1,2,-1,0,0.333333333,0.666666667,0.5,0.5,0,,-0.5,-0.5,-0.5,-0.5,0,,0,,0,,0,,0,,-0.5,-1,-0.5,-0.166666667
03/01/2012,,,,,1,0,1,0,1,0,1,,,,,1,,,,,1,,,,,0,,,,,0,,,,,0,,,,,0,,,,,0,1,1,0,1,0,1,0,0,,0.5,0.5,0,,0,,0,,0,,0,,0,,0,,0.5,0,0.5,0.5
04/01/2012,,,,,1,0,,,,,1,0,1,1,0,1,0,1,1,0,1,,,,,0,,,,,0,,,,,0,,,,,0,,,,,0,2,0,2,-2,0,0,1,0,,0,,-0.45,-0.45,-0.45,-0.45,0,,0,,0,,0,,0,,-0.9,-0.9,-0.9,-0.45
05/01/2012,1,0,1,0,1,0,,,,,1,,,,,1,,,,,1,,,,,0,,,,,0,,,,,0,,,,,0,,,,,0,1,1,0,1,0,1,0,0.45,0.45,0,,0,,0,,0,,0,,0,,0,,0,,0.45,0,0.45,0.45
06/01/2012,1,0,1,0,1,0,0,1,1,0,1,1,0,1,0,1,1,0,1,0,1,,,,,0,,,,,0,,,,,0,,,,,0,,,,,0,4,3,1,2,0,0.75,0.25,0.405,0.405,-0.55,-0.55,0.595,0.595,0.595,0.595,0,,0,,0,,0,,0,,1.045,1.19,1.045,0.26125
07/01/2012,,,,,1,0,0,1,1,0,1,1,0,1,0,1,1,0,1,0,1,,,,,0,,,,,0,,,,,0,,,,,0,,,,,0,3,2,1,1,0,0.666666667,0.333333333,0,,-0.495,-0.495,0.5355,0.5355,0.5355,0.5355,0,,0,,0,,0,,0,,0.576,1.071,0.576,0.192
08/01/2012,,,,,1,0,,,,,1,,,,,1,,,,,1,,,,,0,,,,,0,,,,,0,,,,,0,,,,,0,0,0,0,0,0,,,0,,0,,0,,0,,0,,0,,0,,0,,0,,,0,0,
09/01/2012,,,,,1,0,,,,,1,,,,,1,1,0,1,0,1,,,,,0,,,,,0,,,,,0,,,,,0,,,,,0,1,1,0,1,0,1,0,0,,0,,0,,0.48195,0.48195,0,,0,,0,,0,,0,,0.48195,0.48195,0.48195,0.48195
10/01/2012,1,0,1,0,1,0,1,0,1,0,1,0,1,1,0,1,,,,,1,,,,,0,,,,,0,,,,,0,,,,,0,,,,,0,3,2,1,1,0,0.666666667,0.333333333,0.3645,0.3645,0.5545,0.5545,-0.51805,-0.51805,0,,0,,0,,0,,0,,0,,0.40095,-0.51805,0.40095,0.13365
11/01/2012,,,,,1,0,,,,,1,1,0,1,0,1,1,0,1,0,1,,,,,0,,,,,0,,,,,0,,,,,0,,,,,0,2,2,0,2,0,1,0,0,,0,,0.533755,0.533755,0.433755,0.433755,0,,0,,0,,0,,0,,0.96751,0.96751,0.96751,0.483755
12/01/2012,0,1,1,0,1,0,0,1,1,0,1,,,,,1,0,1,1,0,1,,,,,0,,,,,0,,,,,0,,,,,0,,,,,0,3,0,3,-3,0,0,1,-0.67195,-0.67195,-0.50095,-0.50095,0,,-0.6096205,-0.6096205,0,,0,,0,,0,,0,,-1.7825205,-0.6096205,-1.7825205,-0.5941735
13/01/2012,,,,,1,0,,,,,1,,,,,1,,,,,1,,,,,0,,,,,0,,,,,0,,,,,0,,,,,0,0,0,0,0,0,,,0,,0,,0,,0,,0,,0,,0,,0,,0,,,0,0,
14/01/2012,1,0,1,0,1,0,1,0,1,0,1,1,0,1,0,1,0,1,1,0,1,,,,,0,,,,,0,,,,,0,,,,,0,,,,,0,4,3,1,2,0,0.75,0.25,0.395245,0.395245,0.549145,0.549145,0.4803795,0.4803795,-0.54865845,-0.54865845,0,,0,,0,,0,,0,,0.87611105,-0.06827895,0.87611105,0.219027763
15/01/2012,0,1,1,0,1,0,,,,,1,,,,,1,,,,,1,,,,,0,,,,,0,,,,,0,,,,,0,,,,,0,1,0,1,-1,0,0,1,-0.6442795,-0.6442795,0,,0,,0,,0,,0,,0,,0,,0,,-0.6442795,0,-0.6442795,-0.6442795
16/01/2012,,,,,1,0,0,1,1,0,1,,,,,1,0,1,1,0,1,,,,,0,,,,,0,,,,,0,,,,,0,,,,,0,2,0,2,-2,0,0,1,0,,-0.5057695,-0.5057695,0,,-0.493792605,-0.493792605,0,,0,,0,,0,,0,,-0.999562105,-0.493792605,-0.999562105,-0.499781053
17/01/2012,1,0,1,0,1,0,1,0,1,0,1,1,0,1,0,1,,,,,1,,,,,0,,,,,0,,,,,0,,,,,0,,,,,0,3,3,0,3,0,1,0,0.42014845,0.42014845,0.54480745,0.54480745,0.43234155,0.43234155,0,,0,,0,,0,,0,,0,,1.39729745,0.43234155,1.39729745,0.465765817
18/01/2012,,,,,1,0,,,,,1,,,,,1,0,1,1,0,1,,,,,0,,,,,0,,,,,0,,,,,0,,,,,0,1,0,1,-1,0,0,1,0,,0,,0,,-0.444413345,-0.444413345,0,,0,,0,,0,,0,,-0.444413345,-0.444413345,-0.444413345,-0.444413345
19/01/2012,0,1,1,0,1,0,1,0,1,0,1,0,1,1,0,1,,,,,1,,,,,0,,,,,0,,,,,0,,,,,0,,,,,0,3,1,2,-1,0,0.333333333,0.666666667,-0.621866395,-0.621866395,0.490326705,0.490326705,-0.610892605,-0.610892605,0,,0,,0,,0,,0,,0,,-0.742432295,-0.610892605,-0.742432295,-0.247477432
20/01/2012,,,,,1,0,,,,,1,,,,,1,0,1,1,0,1,,,,,0,,,,,0,,,,,0,,,,,0,,,,,0,1,0,1,-1,0,0,1,0,,0,,0,,-0.39997201,-0.39997201,0,,0,,0,,0,,0,,-0.39997201,-0.39997201,-0.39997201,-0.39997201
21/01/2012,1,0,1,0,1,0,1,0,1,0,1,0,1,1,0,1,0,1,1,0,1,,,,,0,,,,,0,,,,,0,,,,,0,,,,,0,4,2,2,0,0,0.5,0.5,0.440320245,0.440320245,0.441294035,0.441294035,-0.549803345,-0.549803345,-0.359974809,-0.359974809,0,,0,,0,,0,,0,,-0.028163875,-0.909778154,-0.028163875,-0.007040969
22/01/2012,,,,,1,0,,,,,1,,,,,1,,,,,1,,,,,0,,,,,0,,,,,0,,,,,0,,,,,0,0,0,0,0,0,,,0,,0,,0,,0,,0,,0,,0,,0,,0,,,0,0,
23/01/2012,,,,,1,0,0,1,1,0,1,,,,,1,,,,,1,,,,,0,,,,,0,,,,,0,,,,,0,,,,,0,1,0,1,-1,0,0,1,0,,-0.602835369,-0.602835369,0,,0,,0,,0,,0,,0,,0,,-0.602835369,0,-0.602835369,-0.602835369
24/01/2012,1,0,1,0,1,0,0,1,1,0,1,0,1,1,0,1,1,0,1,0,1,,,,,0,,,,,0,,,,,0,,,,,0,,,,,0,4,2,2,0,0,0.5,0.5,0.39628822,0.39628822,-0.542551832,-0.542551832,-0.49482301,-0.49482301,0.676022672,0.676022672,0,,0,,0,,0,,0,,0.03493605,0.181199662,0.03493605,0.008734012
25/01/2012,,,,,1,0,,,,,1,,,,,1,0,1,1,0,1,,,,,0,,,,,0,,,,,0,,,,,0,,,,,0,1,0,1,-1,0,0,1,0,,0,,0,,-0.391579595,-0.391579595,0,,0,,0,,0,,0,,-0.391579595,-0.391579595,-0.391579595,-0.391579595
26/01/2012,,,,,1,0,,,,,1,,,,,1,,,,,1,,,,,0,,,,,0,,,,,0,,,,,0,,,,,0,0,0,0,0,0,,,0,,0,,0,,0,,0,,0,,0,,0,,0,,,0,0,
27/01/2012,,,,,1,0,,,,,1,,,,,1,0,1,1,0,1,,,,,0,,,,,0,,,,,0,,,,,0,,,,,0,1,0,1,-1,0,0,1,0,,0,,0,,-0.352421636,-0.352421636,0,,0,,0,,0,,0,,-0.352421636,-0.352421636,-0.352421636,-0.352421636
28/01/2012,,,,,1,0,,,,,1,,,,,1,0,1,1,0,1,,,,,0,,,,,0,,,,,0,,,,,0,,,,,0,1,0,1,-1,0,0,1,0,,0,,0,,-0.317179472,-0.317179472,0,,0,,0,,0,,0,,-0.317179472,-0.317179472,-0.317179472,-0.317179472
29/01/2012,,,,,1,0,,,,,1,,,,,1,,,,,1,,,,,0,,,,,0,,,,,0,,,,,0,,,,,0,0,0,0,0,0,,,0,,0,,0,,0,,0,,0,,0,,0,,0,,,0,0,
30/01/2012,,,,,1,0,,,,,1,,,,,1,,,,,1,,,,,0,,,,,0,,,,,0,,,,,0,,,,,0,0,0,0,0,0,,,0,,0,,0,,0,,0,,0,,0,,0,,0,,,0,0,
31/01/2012,0,1,1,0,1,0,1,0,1,0,1,1,0,1,0,1,1,0,1,0,1,,,,,0,,,,,0,,,,,0,,,,,0,,,,,0,4,3,1,2,0,0.75,0.25,-0.643340602,-0.643340602,0.511703351,0.511703351,0.554659291,0.554659291,0.714538475,0.714538475,0,,0,,0,,0,,0,,1.137560515,1.269197766,1.137560515,0.284390129
01/02/2012,1,0,1,0,1,0,,,,,1,,,,,1,,,,,1,,,,,0,,,,,0,,,,,0,,,,,0,,,,,0,1,1,0,1,0,1,0,0.420993458,0.420993458,0,,0,,0,,0,,0,,0,,0,,0,,0.420993458,0,0.420993458,0.420993458
02/02/2012,,,,,1,0,,,,,1,1,0,1,0,1,0,1,1,0,1,,,,,0,,,,,0,,,,,0,,,,,0,,,,,0,2,1,1,0,0,0.5,0.5,0,,0,,0.499193362,0.499193362,-0.356915372,-0.356915372,0,,0,,0,,0,,0,,0.142277989,0.14227799,0.142277989,0.071138995
03/02/2012,,,,,1,0,1,0,1,0,1,,,,,1,0,1,1,0,1,,,,,0,,,,,0,,,,,0,,,,,0,,,,,0,2,1,1,0,0,0.5,0.5,0,,0.460533016,0.460533016,0,,-0.321223835,-0.321223835,0,,0,,0,,0,,0,,0.139309181,-0.321223835,0.139309181,0.06965459
04/02/2012,,,,,1,0,0,1,1,0,1,1,0,1,0,1,1,0,1,0,1,,,,,0,,,,,0,,,,,0,,,,,0,,,,,0,3,2,1,1,0,0.666666667,0.333333333,0,,-0.585520286,-0.585520286,0.449274026,0.449274026,0.710898548,0.710898548,0,,0,,0,,0,,0,,0.574652288,1.160172574,0.574652288,0.191550763
05/02/2012,1,0,1,0,1,0,,,,,1,1,0,1,0,1,,,,,1,,,,,0,,,,,0,,,,,0,,,,,0,,,,,0,2,2,0,2,0,1,0,0.378894112,0.378894112,0,,0.404346623,0.404346623,0,,0,,0,,0,,0,,0,,0.783240736,0.404346623,0.783240736,0.391620368
06/02/2012,,,,,1,0,,,,,1,,,,,1,1,0,1,0,1,,,,,0,,,,,0,,,,,0,,,,,0,,,,,0,1,1,0,1,0,1,0,0,,0,,0,,0.639808693,0.639808693,0,,0,,0,,0,,0,,0.639808693,0.639808693,0.639808693,0.639808693
07/02/2012,0,1,1,0,1,0,1,0,1,0,1,1,0,1,0,1,,,,,1,,,,,0,,,,,0,,,,,0,,,,,0,,,,,0,3,2,1,1,0,0.666666667,0.333333333,-0.658995299,-0.658995299,0.473031743,0.473031743,0.363911961,0.363911961,0,,0,,0,,0,,0,,0,,0.177948405,0.363911961,0.177948405,0.059316135
08/02/2012,,,,,1,0,,,,,1,,,,,1,1,0,1,0,1,,,,,0,,,,,0,,,,,0,,,,,0,,,,,0,1,1,0,1,0,1,0,0,,0,,0,,0.575827824,0.575827824,0,,0,,0,,0,,0,,0.575827824,0.575827824,0.575827824,0.575827824
09/02/2012,1,0,1,0,1,0,0,1,1,0,1,0,1,1,0,1,,,,,1,,,,,0,,,,,0,,,,,0,,,,,0,,,,,0,3,1,2,-1,0,0.333333333,0.666666667,0.406904231,0.406904231,-0.574271431,-0.574271431,-0.672479235,-0.672479235,0,,0,,0,,0,,0,,0,,-0.839846436,-0.672479235,-0.839846436,-0.279948812
10/02/2012,,,,,1,0,,,,,1,,,,,1,1,0,1,0,1,,,,,0,,,,,0,,,,,0,,,,,0,,,,,0,1,1,0,1,0,1,0,0,,0,,0,,0.518245042,0.518245042,0,,0,,0,,0,,0,,0.518245042,0.518245042,0.518245042,0.518245042
11/02/2012,1,0,1,0,1,0,1,0,1,0,1,0,1,1,0,1,1,0,1,0,1,,,,,0,,,,,0,,,,,0,,,,,0,,,,,0,4,3,1,2,0,0.75,0.25,0.366213808,0.366213808,0.483155712,0.483155712,-0.605231312,-0.605231312,0.466420538,0.466420538,0,,0,,0,,0,,0,,0.710558746,-0.138810774,0.710558746,0.177639686
12/02/2012,1,0,1,0,1,0,0,1,1,0,1,,,,,1,,,,,1,,,,,0,,,,,0,,,,,0,,,,,0,,,,,0,2,1,1,0,0,0.5,0.5,0.329592427,0.329592427,-0.565159859,-0.565159859,0,,0,,0,,0,,0,,0,,0,,-0.235567432,0,-0.235567432,-0.117783716
13/02/2012,,,,,1,0,,,,,1,,,,,1,,,,,1,,,,,0,,,,,0,,,,,0,,,,,0,,,,,0,0,0,0,0,0,,,0,,0,,0,,0,,0,,0,,0,,0,,0,,,0,0,
14/02/2012,1,0,1,0,1,0,1,0,1,0,1,1,0,1,0,1,1,0,1,0,1,,,,,0,,,,,0,,,,,0,,,,,0,,,,,0,4,4,0,4,0,1,0,0.296633184,0.296633184,0.491356127,0.491356127,0.455291819,0.455291819,0.419778484,0.419778484,0,,0,,0,,0,,0,,1.663059614,0.875070303,1.663059614,0.415764904
15/02/2012,,,,,1,0,,,,,1,,,,,1,1,0,1,0,1,,,,,0,,,,,0,,,,,0,,,,,0,,,,,0,1,1,0,1,0,1,0,0,,0,,0,,0.377800635,0.377800635,0,,0,,0,,0,,0,,0.377800635,0.377800635,0.377800635,0.377800635
16/02/2012,0,1,1,0,1,0,0,1,1,0,1,,,,,1,,,,,1,,,,,0,,,,,0,,,,,0,,,,,0,,,,,0,2,0,2,-2,0,0,1,-0.733030134,-0.733030134,-0.557779486,-0.557779486,0,,0,,0,,0,,0,,0,,0,,-1.29080962,0,-1.29080962,-0.64540481
17/02/2012,,,,,1,0,,,,,1,1,0,1,0,1,0,1,1,0,1,,,,,0,,,,,0,,,,,0,,,,,0,,,,,0,2,1,1,0,0,0.5,0.5,0,,0,,0.409762637,0.409762637,-0.659979428,-0.659979428,0,,0,,0,,0,,0,,-0.250216791,-0.250216791,-0.250216791,-0.125108395
18/02/2012,,,,,1,0,1,0,1,0,1,,,,,1,,,,,1,,,,,0,,,,,0,,,,,0,,,,,0,,,,,0,1,1,0,1,0,1,0,0,,0.497998463,0.497998463,0,,0,,0,,0,,0,,0,,0,,0.497998463,0,0.497998463,0.497998463
19/02/2012,1,0,1,0,1,0,,,,,1,1,0,1,0,1,1,0,1,0,1,,,,,0,,,,,0,,,,,0,,,,,0,,,,,0,3,3,0,3,0,1,0,0.340272879,0.340272879,0,,0.368786374,0.368786374,0.406018515,0.406018515,0,,0,,0,,0,,0,,1.115077768,0.774804889,1.115077768,0.371692589
20/02/2012,,,,,1,0,0,1,1,0,1,,,,,1,0,1,1,0,1,,,,,0,,,,,0,,,,,0,,,,,0,,,,,0,2,0,2,-2,0,0,1,0,,-0.551801384,-0.551801384,0,,-0.634583337,-0.634583337,0,,0,,0,,0,,0,,-1.186384721,-0.634583337,-1.186384721,-0.59319236
21/02/2012,0,1,1,0,1,0,0,1,1,0,1,1,0,1,0,1,,,,,1,,,,,0,,,,,0,,,,,0,,,,,0,,,,,0,3,1,2,-1,0,0.333333333,0.666666667,-0.693754409,-0.693754409,-0.496621245,-0.496621245,0.331907736,0.331907736,0,,0,,0,,0,,0,,0,,-0.858467918,0.331907736,-0.858467918,-0.286155973
22/02/2012,,,,,1,0,,,,,1,,,,,1,1,0,1,0,1,,,,,0,,,,,0,,,,,0,,,,,0,,,,,0,1,1,0,1,0,1,0,0,,0,,0,,0.428874997,0.428874997,0,,0,,0,,0,,0,,0.428874997,0.428874997,0.428874997,0.428874997
23/02/2012,,,,,1,0,,,,,1,,,,,1,0,1,1,0,1,,,,,0,,,,,0,,,,,0,,,,,0,,,,,0,1,0,1,-1,0,0,1,0,,0,,0,,-0.614012503,-0.614012503,0,,0,,0,,0,,0,,-0.614012503,-0.614012503,-0.614012503,-0.614012503
24/02/2012,0,1,1,0,1,0,1,0,1,0,1,0,1,1,0,1,,,,,1,,,,,0,,,,,0,,,,,0,,,,,0,,,,,0,3,1,2,-1,0,0.333333333,0.666666667,-0.624378968,-0.624378968,0.553040879,0.553040879,-0.701283037,-0.701283037,0,,0,,0,,0,,0,,0,,-0.772621126,-0.701283037,-0.772621126,-0.257540375
25/02/2012,1,0,1,0,1,0,,,,,1,,,,,1,,,,,1,,,,,0,,,,,0,,,,,0,,,,,0,,,,,0,1,1,0,1,0,1,0,0.438058929,0.438058929,0,,0,,0,,0,,0,,0,,0,,0,,0.438058929,0,0.438058929,0.438058929
26/02/2012,,,,,1,0,0,1,1,0,1,0,1,1,0,1,,,,,1,,,,,0,,,,,0,,,,,0,,,,,0,,,,,0,2,0,2,-2,0,0,1,0,,-0.502263209,-0.502263209,-0.631154734,-0.631154734,0,,0,,0,,0,,0,,0,,-1.133417942,-0.631154734,-1.133417942,-0.566708971
27/02/2012,1,0,1,0,1,0,,,,,1,0,1,1,0,1,,,,,1,,,,,0,,,,,0,,,,,0,,,,,0,,,,,0,2,1,1,0,0,0.5,0.5,0.394253036,0.394253036,0,,-0.56803926,-0.56803926,0,,0,,0,,0,,0,,0,,-0.173786224,-0.56803926,-0.173786224,-0.086893112
28/02/2012,,,,,1,0,0,1,1,0,1,,,,,1,,,,,1,,,,,0,,,,,0,,,,,0,,,,,0,,,,,0,1,0,1,-1,0,0,1,0,,-0.452036888,-0.452036888,0,,0,,0,,0,,0,,0,,0,,-0.452036888,0,-0.452036888,-0.452036888
29/02/2012,,,,,1,0,,,,,1,,,,,1,1,0,1,0,1,,,,,0,,,,,0,,,,,0,,,,,0,,,,,0,1,1,0,1,0,1,0,0,,0,,0,,0.447388747,0.447388747,0,,0,,0,,0,,0,,0.447388747,0.447388747,0.447388747,0.447388747
01/03/2012,1,0,1,0,1,0,0,1,1,0,1,0,1,1,0,1,,,,,1,,,,,0,,,,,0,,,,,0,,,,,0,,,,,0,3,1,2,-1,0,0.333333333,0.666666667,0.354827733,0.354827733,-0.406833199,-0.406833199,-0.511235334,-0.511235334,0,,0,,0,,0,,0,,0,,-0.563240801,-0.511235334,-0.563240801,-0.187746934
02/03/2012,0,1,1,0,1,0,,,,,1,1,0,1,0,1,,,,,1,,,,,0,,,,,0,,,,,0,,,,,0,,,,,0,2,1,1,0,0,0.5,0.5,-0.680655041,-0.680655041,0,,0.539888199,0.539888199,0,,0,,0,,0,,0,,0,,-0.140766841,0.539888199,-0.140766841,-0.070383421
03/03/2012,,,,,1,0,1,0,1,0,1,,,,,1,,,,,1,,,,,0,,,,,0,,,,,0,,,,,0,,,,,0,1,1,0,1,0,1,0,0,,0.633850121,0.633850121,0,,0,,0,,0,,0,,0,,0,,0.633850121,0,0.633850121,0.633850121
04/03/2012,1,0,1,0,1,0,1,0,1,0,1,0,1,1,0,1,0,1,1,0,1,,,,,0,,,,,0,,,,,0,,,,,0,,,,,0,4,2,2,0,0,0.5,0.5,0.387410463,0.387410463,0.570465109,0.570465109,-0.514100621,-0.514100621,-0.597350127,-0.597350127,0,,0,,0,,0,,0,,-0.153575176,-1.111450748,-0.153575176,-0.038393794
05/03/2012,,,,,1,0,,,,,1,,,,,1,,,,,1,,,,,0,,,,,0,,,,,0,,,,,0,,,,,0,0,0,0,0,0,,,0,,0,,0,,0,,0,,0,,0,,0,,0,,,0,0,
06/03/2012,0,1,1,0,1,0,,,,,1,1,0,1,0,1,0,1,1,0,1,,,,,0,,,,,0,,,,,0,,,,,0,,,,,0,3,1,2,-1,0,0.333333333,0.666666667,-0.651330583,-0.651330583,0,,0.537309441,0.537309441,-0.537615115,-0.537615115,0,,0,,0,,0,,0,,-0.651636256,-0.000305674,-0.651636256,-0.217212085
07/03/2012,,,,,1,0,,,,,1,,,,,1,0,1,1,0,1,,,,,0,,,,,0,,,,,0,,,,,0,,,,,0,1,0,1,-1,0,0,1,0,,0,,0,,-0.483853603,-0.483853603,0,,0,,0,,0,,0,,-0.483853603,-0.483853603,-0.483853603,-0.483853603
08/03/2012,0,1,1,0,1,0,0,1,1,0,1,1,0,1,0,1,,,,,1,,,,,0,,,,,0,,,,,0,,,,,0,,,,,0,3,1,2,-1,0,0.333333333,0.666666667,-0.586197525,-0.586197525,-0.486581402,-0.486581402,0.483578497,0.483578497,0,,0,,0,,0,,0,,0,,-0.58920043,0.483578497,-0.58920043,-0.196400143
09/03/2012,0,1,1,0,1,0,,,,,1,,,,,1,0,1,1,0,1,,,,,0,,,,,0,,,,,0,,,,,0,,,,,0,2,0,2,-2,0,0,1,-0.527577772,-0.527577772,0,,0,,-0.435468243,-0.435468243,0,,0,,0,,0,,0,,-0.963046015,-0.435468243,-0.963046015,-0.481523007
10/03/2012,,,,,1,0,0,1,1,0,1,1,0,1,0,1,,,,,1,,,,,0,,,,,0,,,,,0,,,,,0,,,,,0,2,1,1,0,0,0.5,0.5,0,,-0.437923262,-0.437923262,0.435220648,0.435220648,0,,0,,0,,0,,0,,0,,-0.002702614,0.435220648,-0.002702614,-0.001351307
11/03/2012,1,0,1,0,1,0,0,1,1,0,1,1,0,1,0,1,0,1,1,0,1,,,,,0,,,,,0,,,,,0,,,,,0,,,,,0,4,2,2,0,0,0.5,0.5,0.525180005,0.525180005,-0.394130936,-0.394130936,0.391698583,0.391698583,-0.391921419,-0.391921419,0,,0,,0,,0,,0,,0.130826234,-0.000222836,0.130826234,0.032706558
12/03/2012,,,,,1,0,,,,,1,,,,,1,0,1,1,0,1,,,,,0,,,,,0,,,,,0,,,,,0,,,,,0,1,0,1,-1,0,0,1,0,,0,,0,,-0.352729277,-0.352729277,0,,0,,0,,0,,0,,-0.352729277,-0.352729277,-0.352729277,-0.352729277
13/03/2012,1,0,1,0,1,0,0,1,1,0,1,0,1,1,0,1,,,,,1,,,,,0,,,,,0,,,,,0,,,,,0,,,,,0,3,1,2,-1,0,0.333333333,0.666666667,0.472662005,0.472662005,-0.354717842,-0.354717842,-0.647471276,-0.647471276,0,,0,,0,,0,,0,,0,,-0.529527113,-0.647471276,-0.529527113,-0.176509038
14/03/2012,,,,,1,0,,,,,1,,,,,1,1,0,1,0,1,,,,,0,,,,,0,,,,,0,,,,,0,,,,,0,1,1,0,1,0,1,0,0,,0,,0,,0.682543651,0.682543651,0,,0,,0,,0,,0,,0.682543651,0.682543651,0.682543651,0.682543651
15/03/2012,0,1,1,0,1,0,0,1,1,0,1,1,0,1,0,1,,,,,1,,,,,0,,,,,0,,,,,0,,,,,0,,,,,0,3,1,2,-1,0,0.333333333,0.666666667,-0.574604196,-0.574604196,-0.319246058,-0.319246058,0.417275852,0.417275852,0,,0,,0,,0,,0,,0,,-0.476574402,0.417275852,-0.476574402,-0.158858134
16/03/2012,,,,,1,0,,,,,1,,,,,1,1,0,1,0,1,,,,,0,,,,,0,,,,,0,,,,,0,,,,,0,1,1,0,1,0,1,0,0,,0,,0,,0.614289286,0.614289286,0,,0,,0,,0,,0,,0.614289286,0.614289286,0.614289286,0.614289286
17/03/2012,0,1,1,0,1,0,1,0,1,0,1,0,1,1,0,1,1,0,1,0,1,,,,,0,,,,,0,,,,,0,,,,,0,,,,,0,4,2,2,0,0,0.5,0.5,-0.517143776,-0.517143776,0.712678548,0.712678548,-0.624451733,-0.624451733,0.552860357,0.552860357,0,,0,,0,,0,,0,,0.123943396,-0.071591376,0.123943396,0.030985849
18/03/2012,,,,,1,0,,,,,1,,,,,1,,,,,1,,,,,0,,,,,0,,,,,0,,,,,0,,,,,0,0,0,0,0,0,,,0,,0,,0,,0,,0,,0,,0,,0,,0,,,0,0,
19/03/2012,1,0,1,0,1,0,,,,,1,0,1,1,0,1,,,,,1,,,,,0,,,,,0,,,,,0,,,,,0,,,,,0,2,1,1,0,0,0.5,0.5,0.534570601,0.534570601,0,,-0.56200656,-0.56200656,0,,0,,0,,0,,0,,0,,-0.027435959,-0.56200656,-0.027435959,-0.013717979
20/03/2012,,,,,1,0,1,0,1,0,1,1,0,1,0,1,1,0,1,0,1,,,,,0,,,,,0,,,,,0,,,,,0,,,,,0,3,3,0,3,0,1,0,0,,0.641410693,0.641410693,0.494194096,0.494194096,0.497574322,0.497574322,0,,0,,0,,0,,0,,1.633179111,0.991768418,1.633179111,0.544393037
21/03/2012,1,0,1,0,1,0,,,,,1,,,,,1,1,0,1,0,1,,,,,0,,,,,0,,,,,0,,,,,0,,,,,0,2,2,0,2,0,1,0,0.481113541,0.481113541,0,,0,,0.447816889,0.447816889,0,,0,,0,,0,,0,,0.928930431,0.447816889,0.928930431,0.464465215
22/03/2012,,,,,1,0,,,,,1,,,,,1,,,,,1,,,,,0,,,,,0,,,,,0,,,,,0,,,,,0,0,0,0,0,0,,,0,,0,,0,,0,,0,,0,,0,,0,,0,,,0,0,
23/03/2012,0,1,1,0,1,0,,,,,1,0,1,1,0,1,0,1,1,0,1,,,,,0,,,,,0,,,,,0,,,,,0,,,,,0,3,0,3,-3,0,0,1,-0.566997813,-0.566997813,0,,-0.555225313,-0.555225313,-0.5969648,-0.5969648,0,,0,,0,,0,,0,,-1.719187926,-1.152190113,-1.719187926,-0.573062642
24/03/2012,1,0,1,0,1,0,0,1,1,0,1,,,,,1,1,0,1,0,1,,,,,0,,,,,0,,,,,0,,,,,0,,,,,0,3,2,1,1,0,0.666666667,0.333333333,0.489701968,0.489701968,-0.422730376,-0.422730376,0,,0.46273168,0.46273168,0,,0,,0,,0,,0,,0.529703273,0.46273168,0.529703273,0.176567758
25/03/2012,,,,,1,0,1,0,1,0,1,0,1,1,0,1,,,,,1,,,,,0,,,,,0,,,,,0,,,,,0,,,,,0,2,1,1,0,0,0.5,0.5,0,,0.619542661,0.619542661,-0.499702782,-0.499702782,0,,0,,0,,0,,0,,0,,0.119839879,-0.499702782,0.119839879,0.05991994
26/03/2012,,,,,1,0,,,,,1,,,,,1,1,0,1,0,1,,,,,0,,,,,0,,,,,0,,,,,0,,,,,0,1,1,0,1,0,1,0,0,,0,,0,,0.416458512,0.416458512,0,,0,,0,,0,,0,,0.416458512,0.416458512,0.416458512,0.416458512
27/03/2012,1,0,1,0,1,0,1,0,1,0,1,1,0,1,0,1,,,,,1,,,,,0,,,,,0,,,,,0,,,,,0,,,,,0,3,3,0,3,0,1,0,0.440731772,0.440731772,0.557588395,0.557588395,0.550267496,0.550267496,0,,0,,0,,0,,0,,0,,1.548587663,0.550267496,1.548587663,0.516195888
28/03/2012,1,0,1,0,1,0,,,,,1,,,,,1,1,0,1,0,1,,,,,0,,,,,0,,,,,0,,,,,0,,,,,0,2,2,0,2,0,1,0,0.396658594,0.396658594,0,,0,,0.374812661,0.374812661,0,,0,,0,,0,,0,,0.771471256,0.374812661,0.771471256,0.385735628
29/03/2012,,,,,1,0,1,0,1,0,1,1,0,1,0,1,,,,,1,,,,,0,,,,,0,,,,,0,,,,,0,,,,,0,2,2,0,2,0,1,0,0,,0.501829556,0.501829556,0.495240746,0.495240746,0,,0,,0,,0,,0,,0,,0.997070302,0.495240746,0.997070302,0.498535151
30/03/2012,1,0,1,0,1,0,,,,,1,,,,,1,0,1,1,0,1,,,,,0,,,,,0,,,,,0,,,,,0,,,,,0,2,1,1,0,0,0.5,0.5,0.356992735,0.356992735,0,,0,,-0.662668605,-0.662668605,0,,0,,0,,0,,0,,-0.30567587,-0.662668605,-0.30567587,-0.152837935
31/03/2012,,,,,1,0,0,1,1,0,1,1,0,1,0,1,1,0,1,0,1,,,,,0,,,,,0,,,,,0,,,,,0,,,,,0,3,2,1,1,0,0.666666667,0.333333333,0,,-0.5483534,-0.5483534,0.445716672,0.445716672,0.403598256,0.403598256,0,,0,,0,,0,,0,,0.300961528,0.849314928,0.300961528,0.100320509
01/04/2012,0,1,1,0,1,0,0,1,1,0,1,,,,,1,,,,,1,,,,,0,,,,,0,,,,,0,,,,,0,,,,,0,2,0,2,-2,0,0,1,-0.678706539,-0.678706539,-0.49351806,-0.49351806,0,,0,,0,,0,,0,,0,,0,,-1.172224598,0,-1.172224598,-0.586112299
02/04/2012,,,,,1,0,,,,,1,,,,,1,,,,,1,,,,,0,,,,,0,,,,,0,,,,,0,,,,,0,0,0,0,0,0,,,0,,0,,0,,0,,0,,0,,0,,0,,0,,,0,0,
03/04/2012,1,0,1,0,1,0,0,1,1,0,1,1,0,1,0,1,0,1,1,0,1,,,,,0,,,,,0,,,,,0,,,,,0,,,,,0,4,2,2,0,0,0.5,0.5,0.389164115,0.389164115,-0.444166254,-0.444166254,0.401145005,0.401145005,-0.63676157,-0.63676157,0,,0,,0,,0,,0,,-0.290618704,-0.235616565,-0.290618704,-0.072654676
04/04/2012,,,,,1,0,,,,,1,,,,,1,,,,,1,,,,,0,,,,,0,,,,,0,,,,,0,,,,,0,0,0,0,0,0,,,0,,0,,0,,0,,0,,0,,0,,0,,0,,,0,0,
05/04/2012,0,1,1,0,1,0,1,0,1,0,1,1,0,1,0,1,1,0,1,0,1,1,0,1,0,1,,,,,0,,,,,0,,,,,0,,,,,0,5,4,1,3,0,0.8,0.2,-0.649752296,-0.649752296,0.600250372,0.600250372,0.361030504,0.361030504,0.426914587,0.426914587,0.5,0.5,0,,0,,0,,0,,1.238443166,1.287945091,1.238443166,0.247688633
06/04/2012,,,,,1,0,,,,,1,,,,,1,,,,,1,,,,,1,0,1,1,0,1,,,,,0,,,,,0,,,,,0,1,0,1,-1,0,0,1,0,,0,,0,,0,,0,,-0.5,-0.5,0,,0,,0,,-0.5,-0.5,-0.5,-0.5
07/04/2012,0,1,1,0,1,0,0,1,1,0,1,1,0,1,0,1,,,,,1,1,0,1,0,1,0,1,1,0,1,,,,,0,,,,,0,,,,,0,5,2,3,-1,0,0.4,0.6,-0.584777067,-0.584777067,-0.459774666,-0.459774666,0.324927454,0.324927454,0,,0.45,0.45,-0.45,-0.45,0,,0,,0,,-0.719624278,0.324927454,-0.719624278,-0.143924856
08/04/2012,,,,,1,0,,,,,0,,,,,1,1,0,1,0,1,1,0,1,0,1,0,1,1,0,1,,,,,0,,,,,0,,,,,0,3,2,1,1,0,0.666666667,0.333333333,0,,0,,0,,0.384223128,0.384223128,0.405,0.405,-0.405,-0.405,0,,0,,0,,0.384223128,0.384223128,0.384223128,0.128074376
09/04/2012,,,,,1,0,,,,,0,,,,,1,,,,,1,1,0,1,0,1,1,0,1,0,1,,,,,0,,,,,0,,,,,0,2,2,0,2,0,1,0,0,,0,,0,,0,,0.3645,0.3645,0.6355,0.6355,0,,0,,0,,1,1,1,0.5
10/04/2012,,,,,1,0,,,,,0,,,,,1,0,1,1,0,1,0,1,1,0,1,1,0,1,0,1,,,,,0,,,,,0,,,,,0,3,1,2,-1,0,0.333333333,0.666666667,0,,0,,0,,-0.654199185,-0.654199185,-0.67195,-0.67195,0.57195,0.57195,0,,0,,0,,-0.754199185,-0.754199185,-0.754199185,-0.251399728
11/04/2012,,,,,1,0,,,,,0,,,,,1,1,0,1,0,1,0,1,1,0,1,1,0,1,0,1,,,,,0,,,,,0,,,,,0,3,2,1,1,0,0.666666667,0.333333333,0,,0,,0,,0.411220734,0.411220734,-0.604755,-0.604755,0.514755,0.514755,0,,0,,0,,0.321220734,0.321220734,0.321220734,0.107073578
12/04/2012,1,0,1,0,1,0,,,,,0,,,,,1,,,,,1,,,,,1,,,,,1,,,,,0,,,,,0,,,,,0,1,1,0,1,0,1,0,0.47370064,0.47370064,0,,0,,0,,0,,0,,0,,0,,0,,0.47370064,0,0.47370064,0.47370064
13/04/2012,,,,,1,0,,,,,0,1,0,1,0,1,1,0,1,0,1,1,0,1,0,1,1,0,1,0,1,,,,,0,,,,,0,,,,,0,4,4,0,4,0,1,0,0,,0,,0.292434708,0.292434708,0.370098661,0.370098661,0.4557205,0.4557205,0.4632795,0.4632795,0,,0,,0,,1.581533369,1.581533369,1.581533369,0.395383342
14/04/2012,0,1,1,0,1,0,,,,,0,,,,,1,,,,,1,1,0,1,0,1,0,1,1,0,1,,,,,0,,,,,0,,,,,0,3,1,2,-1,0,0.333333333,0.666666667,-0.573669424,-0.573669424,0,,0,,0,,0.41014845,0.41014845,-0.58304845,-0.58304845,0,,0,,0,,-0.746569424,-0.1729,-0.746569424,-0.248856475
15/04/2012,,,,,1,0,,,,,0,0,1,1,0,1,0,1,1,0,1,0,1,1,0,1,1,0,1,0,1,,,,,0,,,,,0,,,,,0,4,1,3,-2,0,0.25,0.75,0,,0,,-0.736808762,-0.736808762,-0.666911206,-0.666911206,-0.630866395,-0.630866395,0.475256395,0.475256395,0,,0,,0,,-1.559329968,-1.559329968,-1.559329968,-0.389832492
16/04/2012,1,0,1,0,1,0,,,,,0,,,,,1,,,,,1,1,0,1,0,1,0,1,1,0,1,,,,,0,,,,,0,,,,,0,3,2,1,1,0,0.666666667,0.333333333,0.483697518,0.483697518,0,,0,,0,,0.432220245,0.432220245,-0.572269245,-0.572269245,0,,0,,0,,0.343648518,-0.140049,0.343648518,0.114549506
17/04/2012,,,,,1,0,,,,,0,0,1,1,0,1,1,0,1,0,1,0,1,1,0,1,1,0,1,0,1,,,,,0,,,,,0,,,,,0,4,2,2,0,0,0.5,0.5,0,,0,,-0.663127886,-0.663127886,0.399779915,0.399779915,-0.61100178,-0.61100178,0.48495768,0.48495768,0,,0,,0,,-0.389392071,-0.389392071,-0.389392071,-0.097348018
18/04/2012,0,1,1,0,1,0,,,,,0,,,,,1,1,0,1,0,1,0,1,1,0,1,0,1,1,0,1,,,,,0,,,,,0,,,,,0,4,1,3,-2,0,0.25,0.75,-0.564672233,-0.564672233,0,,0,,0.359801924,0.359801924,-0.549901602,-0.549901602,-0.563538088,-0.563538088,0,,0,,0,,-1.31831,-0.753637766,-1.31831,-0.3295775
19/04/2012,,,,,1,0,,,,,0,1,0,1,0,1,,,,,1,,,,,1,1,0,1,0,1,,,,,0,,,,,0,,,,,0,2,2,0,2,0,1,0,0,,0,,0.403184902,0.403184902,0,,0,,0.492815721,0.492815721,0,,0,,0,,0.896000623,0.896000623,0.896000623,0.448000312
20/04/2012,,,,,1,0,,,,,0,,,,,1,0,1,1,0,1,0,1,1,0,1,1,0,1,0,1,,,,,0,,,,,0,,,,,0,3,1,2,-1,0,0.333333333,0.666666667,0,,0,,0,,-0.676178269,-0.676178269,-0.494911442,-0.494911442,0.443534149,0.443534149,0,,0,,0,,-0.727555562,-0.727555562,-0.727555562,-0.242518521
21/04/2012,0,1,1,0,1,0,,,,,0,0,1,1,0,1,,,,,1,1,0,1,0,1,1,0,1,0,1,,,,,0,,,,,0,,,,,0,4,2,2,0,0,0.5,0.5,-0.50820501,-0.50820501,0,,-0.637133588,-0.637133588,0,,0.554579702,0.554579702,0.399180734,0.399180734,0,,0,,0,,-0.191578162,0.316626848,-0.191578162,-0.04789454
22/04/2012,,,,,1,0,,,,,0,,,,,1,1,0,1,0,1,,,,,1,,,,,1,,,,,0,,,,,0,,,,,0,1,1,0,1,0,1,0,0,,0,,0,,0.391439558,0.391439558,0,,0,,0,,0,,0,,0.391439558,0.391439558,0.391439558,0.391439558
23/04/2012,1,0,1,0,1,0,,,,,0,,,,,1,,,,,1,0,2,2,0,1,1,0,1,0,1,,,,,0,,,,,0,,,,,0,3,2,2,0,0,0.5,0.5,0.542615491,0.542615491,0,,0,,0,,-0.500878268,-0.500878268,0.35926266,0.35926266,0,,0,,0,,0.400999884,-0.141615608,0.400999884,0.133666628
24/04/2012,,,,,1,0,,,,,0,1,0,1,0,1,,,,,1,1,0,1,0,1,0,1,1,0,1,,,,,0,,,,,0,,,,,0,3,2,1,1,0,0.666666667,0.333333333,0,,0,,0.426579771,0.426579771,0,,0.549209559,0.549209559,-0.676663606,-0.676663606,0,,0,,0,,0.299125724,0.299125724,0.299125724,0.099708575
25/04/2012,,,,,1,0,,,,,0,,,,,1,1,0,1,0,1,1,0,1,0,1,0,1,1,0,1,,,,,0,,,,,0,,,,,0,3,2,1,1,0,0.666666667,0.333333333,0,,0,,0,,0.352295602,0.352295602,0.494288603,0.494288603,-0.608997245,-0.608997245,0,,0,,0,,0.23758696,0.23758696,0.23758696,0.079195653
26/04/2012,1,0,1,0,1,0,,,,,0,1,0,1,0,1,1,0,1,0,1,1,0,1,0,1,,,,,1,,,,,0,,,,,0,,,,,0,4,4,0,4,0,1,0,0.488353942,0.488353942,0,,0.383921794,0.383921794,0.317066042,0.317066042,0.444859743,0.444859743,0,,0,,0,,0,,1.63420152,1.145847579,1.63420152,0.40855038
27/04/2012,,,,,1,0,,,,,0,,,,,1,,,,,0,0,1,1,0,1,1,0,1,0,1,,,,,0,,,,,0,,,,,0,2,1,1,0,0,0.5,0.5,0,,0,,0,,0,,-0.599626232,-0.599626232,0.451902479,0.451902479,0,,0,,0,,-0.147723752,-0.147723753,-0.147723752,-0.073861876
28/04/2012,1,0,1,0,1,0,,,,,0,,,,,1,,,,,0,1,0,1,0,1,0,1,1,0,1,,,,,0,,,,,0,,,,,0,3,2,1,1,0,0.666666667,0.333333333,0.439518548,0.439518548,0,,0,,0,,0.460336392,0.460336392,-0.593287768,-0.593287768,0,,0,,0,,0.306567171,-0.132951376,0.306567171,0.102189057
29/04/2012,,,,,1,0,,,,,0,0,1,1,0,1,,,,,0,1,0,1,0,1,1,0,1,0,1,,,,,0,,,,,0,,,,,0,3,2,1,1,0,0.666666667,0.333333333,0,,0,,-0.654470386,-0.654470386,0,,0.414302752,0.414302752,0.466041008,0.466041008,0,,0,,0,,0.225873375,0.225873374,0.225873375,0.075291125
30/04/2012,0,1,1,0,1,0,,,,,0,,,,,1,,,,,0,0,1,1,0,1,1,0,1,0,1,,,,,0,,,,,0,,,,,0,3,1,2,-1,0,0.333333333,0.666666667,-0.604433307,-0.604433307,0,,0,,0,,-0.627127523,-0.627127523,0.419436908,0.419436908,0,,0,,0,,-0.812123922,-0.207690615,-0.812123922,-0.270707974
01/05/2012,,,,,1,0,,,,,0,1,0,1,0,1,,,,,0,0,1,1,0,1,0,1,1,0,1,,,,,0,,,,,0,,,,,0,3,1,2,-1,0,0.333333333,0.666666667,0,,0,,0.410976653,0.410976653,0,,-0.564414771,-0.564414771,-0.622506783,-0.622506783,0,,0,,0,,-0.775944901,-0.775944901,-0.775944901,-0.2586483
02/05/2012,1,0,1,0,1,0,,,,,0,,,,,1,,,,,0,0,1,1,0,1,0,1,1,0,1,,,,,0,,,,,0,,,,,0,3,1,2,-1,0,0.333333333,0.666666667,0.456010024,0.456010024,0,,0,,0,,-0.507973293,-0.507973293,-0.560256105,-0.560256105,0,,0,,0,,-0.612219375,-1.068229398,-0.612219375,-0.204073125
03/05/2012,,,,,1,0,,,,,0,1,0,1,0,1,,,,,0,,,,,1,0,1,1,0,1,,,,,0,,,,,0,,,,,0,2,1,1,0,0,0.5,0.5,0,,0,,0.369878988,0.369878988,0,,0,,-0.504230494,-0.504230494,0,,0,,0,,-0.134351507,-0.134351506,-0.134351507,-0.067175753
04/05/2012,,,,,1,0,,,,,0,,,,,1,,,,,0,0,1,1,0,1,1,0,1,0,1,,,,,0,,,,,0,,,,,0,2,1,1,0,0,0.5,0.5,0,,0,,0,,0,,-0.457175964,-0.457175964,0.546192555,0.546192555,0,,0,,0,,0.089016591,0.089016591,0.089016591,0.044508295
05/05/2012,0,1,1,0,1,0,,,,,0,,,,,1,,,,,0,1,0,1,0,1,0,1,1,0,1,,,,,0,,,,,0,,,,,0,3,1,2,-1,0,0.333333333,0.666666667,-0.589590979,-0.589590979,0,,0,,0,,0.588541632,0.588541632,-0.5084267,-0.5084267,0,,0,,0,,-0.509476047,0.080114932,-0.509476047,-0.169825349
06/05/2012,,,,,1,0,,,,,0,1,0,1,0,1,,,,,0,1,0,1,0,1,1,0,1,0,1,,,,,0,,,,,0,,,,,0,3,3,0,3,0,1,0,0,,0,,0.332891089,0.332891089,0,,0.529687469,0.529687469,0.54241597,0.54241597,0,,0,,0,,1.404994528,1.404994528,1.404994528,0.468331509
07/05/2012,1,0,1,0,1,0,,,,,0,,,,,1,,,,,0,1,0,1,0,1,,,,,1,,,,,0,,,,,0,,,,,0,2,2,0,2,0,1,0,0.469368119,0.469368119,0,,0,,0,,0.476718722,0.476718722,0,,0,,0,,0,,0.946086841,0.476718722,0.946086841,0.473043421
08/05/2012,,,,,1,0,,,,,0,1,0,1,0,1,,,,,0,1,0,1,0,1,1,0,1,0,1,,,,,0,,,,,0,,,,,0,3,3,0,3,0,1,0,0,,0,,0.29960198,0.29960198,0,,0.42904685,0.42904685,0.488174373,0.488174373,0,,0,,0,,1.216823203,1.216823203,1.216823203,0.405607734
09/05/2012,0,1,1,0,1,0,,,,,0,,,,,1,,,,,0,1,0,1,0,1,0,1,1,0,1,,,,,0,,,,,0,,,,,0,3,1,2,-1,0,0.333333333,0.666666667,-0.577568693,-0.577568693,0,,0,,0,,0.386142165,0.386142165,-0.560643065,-0.560643065,0,,0,,0,,-0.752069592,-0.1745009,-0.752069592,-0.250689864
10/05/2012,,,,,1,0,,,,,0,,,,,1,,,,,0,,,,,1,1,0,1,0,1,,,,,0,,,,,0,,,,,0,1,1,0,1,0,1,0,0,,0,,0,,0,,0,,0.495421242,0.495421242,0,,0,,0,,0.495421242,0.495421242,0.495421242,0.495421242
11/05/2012,,,,,1,0,,,,,0,,,,,1,,,,,0,0,1,1,0,1,1,0,1,0,1,,,,,0,,,,,0,,,,,0,2,1,1,0,0,0.5,0.5,0,,0,,0,,0,,-0.652472052,-0.652472052,0.445879118,0.445879118,0,,0,,0,,-0.206592934,-0.206592934,-0.206592934,-0.103296467
12/05/2012,1,0,1,0,1,0,,,,,0,,,,,1,,,,,0,1,0,1,0,1,1,0,1,0,1,,,,,0,,,,,0,,,,,0,3,3,0,3,0,1,0,0.480188176,0.480188176,0,,0,,0,,0.412775154,0.412775154,0.401291206,0.401291206,0,,0,,0,,1.294254536,0.81406636,1.294254536,0.431418179
13/05/2012,,,,,1,0,,,,,0,,,,,1,,,,,0,0,1,1,0,1,0,1,1,0,1,,,,,0,,,,,0,,,,,0,2,0,2,-2,0,0,1,0,,0,,0,,0,,-0.628502362,-0.628502362,-0.638837915,-0.638837915,0,,0,,0,,-1.267340276,-1.267340277,-1.267340276,-0.633670138
14/05/2012,1,0,1,0,1,0,,,,,0,0,1,1,0,1,,,,,0,1,0,1,0,1,1,0,1,0,1,,,,,0,,,,,0,,,,,0,4,3,1,2,0,0.75,0.25,0.432169359,0.432169359,0,,-0.730358218,-0.730358218,0,,0.434347874,0.434347874,0.425045877,0.425045877,0,,0,,0,,0.561204892,0.129035533,0.561204892,0.140301223
15/05/2012,,,,,1,0,,,,,0,,,,,1,,,,,0,0,1,1,0,1,0,1,1,0,1,,,,,0,,,,,0,,,,,0,2,0,2,-2,0,0,1,0,,0,,0,,0,,-0.609086913,-0.609086913,-0.617458711,-0.617458711,0,,0,,0,,-1.226545624,-1.226545624,-1.226545624,-0.613272812
16/05/2012,0,1,1,0,1,0,,,,,0,1,0,1,0,1,,,,,0,0,1,1,0,1,0,1,1,0,1,,,,,0,,,,,0,,,,,0,4,1,3,-2,0,0.25,0.75,-0.611047577,-0.611047577,0,,0.342677604,0.342677604,0,,-0.548178222,-0.548178222,-0.55571284,-0.55571284,0,,0,,0,,-1.372261035,-0.761213458,-1.372261035,-0.343065259
17/05/2012,,,,,1,0,,,,,0,,,,,1,,,,,0,1,0,1,0,1,0,1,1,0,1,,,,,0,,,,,0,,,,,0,2,1,1,0,0,0.5,0.5,0,,0,,0,,0,,0.5066396,0.5066396,-0.500141556,-0.500141556,0,,0,,0,,0.006498045,0.006498044,0.006498045,0.003249022
18/05/2012,,,,,1,0,,,,,0,,,,,1,,,,,0,0,1,1,0,1,1,0,1,0,1,,,,,0,,,,,0,,,,,0,2,1,1,0,0,0.5,0.5,0,,0,,0,,0,,-0.54402436,-0.54402436,0.5498726,0.5498726,0,,0,,0,,0.00584824,0.00584824,0.00584824,0.00292412
19/05/2012,1,0,1,0,1,0,,,,,0,0,1,1,0,1,,,,,0,0,1,1,0,1,0,1,1,0,1,,,,,0,,,,,0,,,,,0,4,1,3,-2,0,0.25,0.75,0.450057181,0.450057181,0,,-0.691590157,-0.691590157,0,,-0.489621924,-0.489621924,-0.50511466,-0.50511466,0,,0,,0,,-1.23626956,-1.686326741,-1.23626956,-0.30906739
20/05/2012,,,,,1,0,,,,,0,,,,,1,,,,,0,1,0,1,0,1,0,1,1,0,1,,,,,0,,,,,0,,,,,0,2,1,1,0,0,0.5,0.5,0,,0,,0,,0,,0.559340269,0.559340269,-0.454603194,-0.454603194,0,,0,,0,,0.104737075,0.104737075,0.104737075,0.052368537
21/05/2012,0,1,1,0,1,0,,,,,0,1,0,1,0,1,,,,,0,0,1,1,0,1,0,1,1,0,1,,,,,0,,,,,0,,,,,0,4,1,3,-2,0,0.25,0.75,-0.594948537,-0.594948537,0,,0.377568859,0.377568859,0,,-0.496593758,-0.496593758,-0.409142875,-0.409142875,0,,0,,0,,-1.123116311,-0.528167774,-1.123116311,-0.280779078
22/05/2012,,,,,1,0,,,,,0,,,,,1,,,,,0,1,0,1,0,1,1,0,1,0,1,,,,,0,,,,,0,,,,,0,2,2,0,2,0,1,0,0,,0,,0,,0,,0.553065618,0.553065618,0.631771413,0.631771413,0,,0,,0,,1.18483703,1.184837031,1.18483703,0.592418515
23/05/2012,0,1,1,0,1,0,,,,,0,1,0,1,0,1,,,,,0,1,0,1,0,1,1,0,1,0,1,,,,,0,,,,,0,,,,,0,4,3,1,2,0,0.75,0.25,-0.535453684,-0.535453684,0,,0.339811973,0.339811973,0,,0.497759056,0.497759056,0.568594271,0.568594271,0,,0,,0,,0.870711617,1.4061653,0.870711617,0.217677904
24/05/2012,,,,,1,0,,,,,0,,,,,1,,,,,0,0,1,1,0,1,,,,,1,,,,,0,,,,,0,,,,,0,1,0,1,-1,0,0,1,0,,0,,0,,0,,-0.55201685,-0.55201685,0,,0,,0,,0,,-0.55201685,-0.55201685,-0.55201685,-0.55201685
25/05/2012,0,1,1,0,1,0,,,,,0,1,0,1,0,1,,,,,0,1,0,1,0,1,1,0,1,0,1,,,,,0,,,,,0,,,,,0,4,3,1,2,0,0.75,0.25,-0.481908315,-0.481908315,0,,0.305830776,0.305830776,0,,0.503184835,0.503184835,0.511734844,0.511734844,0,,0,,0,,0.83884214,1.320750455,0.83884214,0.209710535
26/05/2012,,,,,0,0,,,,,0,,,,,1,,,,,0,1,0,1,0,1,1,0,1,0,1,,,,,0,,,,,0,,,,,0,2,2,0,2,0,1,0,0,,0,,0,,0,,0.452866352,0.452866352,0.46056136,0.46056136,0,,0,,0,,0.913427712,0.913427712,0.913427712,0.456713856
27/05/2012,,,,,0,0,,,,,0,,,,,1,,,,,0,1,0,1,0,1,1,0,1,0,1,,,,,0,,,,,0,,,,,0,2,2,0,2,0,1,0,0,,0,,0,,0,,0.407579717,0.407579717,0.414505224,0.414505224,0,,0,,0,,0.82208494,0.822084941,0.82208494,0.41104247
28/05/2012,,,,,0,0,,,,,0,,,,,1,,,,,0,0,1,1,0,1,0,1,1,0,1,,,,,0,,,,,0,,,,,0,2,0,2,-2,0,0,1,0,,0,,0,,0,,-0.633178255,-0.633178255,-0.626945299,-0.626945299,0,,0,,0,,-1.260123554,-1.260123554,-1.260123554,-0.630061777
29/05/2012,,,,,0,0,,,,,0,,,,,1,,,,,0,1,0,1,0,1,0,1,1,0,1,,,,,0,,,,,0,,,,,0,2,1,1,0,0,0.5,0.5,0,,0,,0,,0,,0.43013957,0.43013957,-0.564250769,-0.564250769,0,,0,,0,,-0.134111198,-0.134111199,-0.134111198,-0.067055599
30/05/2012,,,,,0,0,,,,,0,0,1,1,0,1,,,,,0,0,1,1,0,1,1,0,1,0,1,,,,,0,,,,,0,,,,,0,3,1,2,-1,0,0.333333333,0.666666667,0,,0,,-0.724752302,-0.724752302,0,,-0.612874387,-0.612874387,0.492174308,0.492174308,0,,0,,0,,-0.84545238,-0.845452381,-0.84545238,-0.28181746
31/05/2012,,,,,0,0,,,,,0,,,,,1,,,,,0,,,,,1,,,,,1,,,,,0,,,,,0,,,,,0,0,0,0,0,0,,,0,,0,,0,,0,,0,,0,,0,,0,,0,,,0,0,
01/06/2012,,,,,0,0,,,,,0,,,,,1,,,,,0,1,0,1,0,1,1,0,1,0,1,,,,,0,,,,,0,,,,,0,2,2,0,2,0,1,0,0,,0,,0,,0,,0.448413052,0.448413052,0.442956877,0.442956877,0,,0,,0,,0.891369929,0.891369929,0.891369929,0.445684965
02/06/2012,,,,,0,0,,,,,0,0,1,1,0,1,,,,,0,1,0,1,0,1,0,1,1,0,1,,,,,0,,,,,0,,,,,0,3,1,2,-1,0,0.333333333,0.666666667,0,,0,,-0.652277072,-0.652277072,0,,0.403571747,0.403571747,-0.60133881,-0.60133881,0,,0,,0,,-0.850044135,-0.850044135,-0.850044135,-0.283348045
03/06/2012,,,,,0,0,,,,,0,,,,,1,,,,,0,1,0,1,0,1,1,0,1,0,1,,,,,0,,,,,0,,,,,0,2,2,0,2,0,1,0,0,,0,,0,,0,,0.363214572,0.363214572,0.458795071,0.458795071,0,,0,,0,,0.822009643,0.822009643,0.822009643,0.411004821
04/06/2012,,,,,0,0,,,,,0,0,1,1,0,1,,,,,0,0,1,1,0,1,,,,,1,,,,,0,,,,,0,,,,,0,2,0,2,-2,0,0,1,0,,0,,-0.587049364,-0.587049364,0,,-0.673106885,-0.673106885,0,,0,,0,,0,,-1.260156249,-1.260156249,-1.260156249,-0.630078125
05/06/2012,,,,,0,0,,,,,0,,,,,1,,,,,0,0,1,1,0,1,1,0,1,0,1,,,,,0,,,,,0,,,,,0,2,1,1,0,0,0.5,0.5,0,,0,,0,,0,,-0.605796197,-0.605796197,0.412915564,0.412915564,0,,0,,0,,-0.192880633,-0.192880633,-0.192880633,-0.096440316
06/06/2012,,,,,0,0,,,,,0,1,0,1,0,1,,,,,0,0,1,1,0,1,1,0,1,0,1,,,,,0,,,,,0,,,,,0,3,2,1,1,0,0.666666667,0.333333333,0,,0,,0.471655572,0.471655572,0,,-0.545216577,-0.545216577,0.371624007,0.371624007,0,,0,,0,,0.298063002,0.298063002,0.298063002,0.099354334
07/06/2012,,,,,0,0,,,,,0,,,,,1,,,,,0,1,0,1,0,1,0,1,1,0,1,,,,,0,,,,,0,,,,,0,2,1,1,0,0,0.5,0.5,0,,0,,0,,0,,0.509305081,0.509305081,-0.665538393,-0.665538393,0,,0,,0,,-0.156233313,-0.156233312,-0.156233313,-0.078116656
08/06/2012,,,,,0,0,,,,,0,,,,,1,,,,,0,0,1,1,0,1,1,0,1,0,1,,,,,0,,,,,0,,,,,0,2,1,1,0,0,0.5,0.5,0,,0,,0,,0,,-0.541625427,-0.541625427,0.401015446,0.401015446,0,,0,,0,,-0.140609981,-0.140609981,-0.140609981,-0.070304991
09/06/2012,,,,,0,0,,,,,0,1,0,1,0,1,,,,,0,0,1,1,0,1,1,0,1,0,1,,,,,0,,,,,0,,,,,0,3,2,1,1,0,0.666666667,0.333333333,0,,0,,0.424490015,0.424490015,0,,-0.487462885,-0.487462885,0.360913901,0.360913901,0,,0,,0,,0.297941032,0.297941031,0.297941032,0.099313677
10/06/2012,,,,,0,0,,,,,0,,,,,1,,,,,0,0,1,1,0,1,1,0,1,0,1,,,,,0,,,,,0,,,,,0,2,1,1,0,0,0.5,0.5,0,,0,,0,,0,,-0.438716596,-0.438716596,0.324822511,0.324822511,0,,0,,0,,-0.113894085,-0.113894085,-0.113894085,-0.056947042
11/06/2012,,,,,0,0,,,,,0,0,1,1,0,1,,,,,0,,,,,1,1,0,1,0,1,,,,,0,,,,,0,,,,,0,2,1,1,0,0,0.5,0.5,0,,0,,-0.617958987,-0.617958987,0,,0,,0.29234026,0.29234026,0,,0,,0,,-0.325618727,-0.325618727,-0.325618727,-0.162809363
12/06/2012,,,,,0,0,,,,,0,,,,,0,,,,,0,1,0,1,0,1,1,0,1,0,1,,,,,0,,,,,0,,,,,0,2,2,0,2,0,1,0,0,,0,,0,,0,,0.605155064,0.605155064,0.263106234,0.263106234,0,,0,,0,,0.868261298,0.868261298,0.868261298,0.434130649
13/06/2012,,,,,0,0,,,,,0,,,,,0,,,,,0,1,0,1,0,1,1,0,1,0,1,,,,,0,,,,,0,,,,,0,2,2,0,2,0,1,0,0,,0,,0,,0,,0.544639557,0.544639557,0.236795611,0.236795611,0,,0,,0,,0.781435168,0.781435168,0.781435168,0.390717584
14/06/2012,,,,,0,0,,,,,0,,,,,0,,,,,0,1,0,1,0,1,,,,,1,,,,,0,,,,,0,,,,,0,1,1,0,1,0,1,0,0,,0,,0,,0,,0.490175601,0.490175601,0,,0,,0,,0,,0.490175601,0.490175601,0.490175601,0.490175601
15/06/2012,,,,,0,0,,,,,0,,,,,0,,,,,0,0,1,1,0,1,1,0,1,0,1,,,,,0,,,,,0,,,,,0,2,1,1,0,0,0.5,0.5,0,,0,,0,,0,,-0.558841959,-0.558841959,0.21311605,0.21311605,0,,0,,0,,-0.345725909,-0.345725909,-0.345725909,-0.172862955
16/06/2012,,,,,0,0,,,,,0,,,,,0,,,,,0,0,1,1,0,1,1,0,1,0,1,,,,,0,,,,,0,,,,,0,2,1,1,0,0,0.5,0.5,0,,0,,0,,0,,-0.502957763,-0.502957763,0.191804445,0.191804445,0,,0,,0,,-0.311153318,-0.311153318,-0.311153318,-0.155576659
17/06/2012,,,,,0,0,,,,,0,,,,,0,,,,,0,0,1,1,0,1,1,0,1,0,1,,,,,0,,,,,0,,,,,0,2,1,1,0,0,0.5,0.5,0,,0,,0,,0,,-0.452661987,-0.452661987,0.172624,0.172624,0,,0,,0,,-0.280037986,-0.280037987,-0.280037986,-0.140018993
18/06/2012,,,,,0,0,,,,,0,,,,,0,,,,,0,1,0,1,0,1,1,0,1,0,1,,,,,0,,,,,0,,,,,0,2,2,0,2,0,1,0,0,,0,,0,,0,,0.592604212,0.592604212,0.1553616,0.1553616,0,,0,,0,,0.747965812,0.747965812,0.747965812,0.373982906
19/06/2012,,,,,0,0,,,,,0,,,,,0,,,,,0,1,0,1,0,1,0,1,1,0,1,,,,,0,,,,,0,,,,,0,2,1,1,0,0,0.5,0.5,0,,0,,0,,0,,0.533343791,0.533343791,-0.86017456,-0.86017456,0,,0,,0,,-0.326830769,-0.326830769,-0.326830769,-0.163415384
20/06/2012,,,,,0,0,,,,,0,,,,,0,,,,,0,1,0,1,0,1,0,1,1,0,1,,,,,0,,,,,0,,,,,0,2,1,1,0,0,0.5,0.5,0,,0,,0,,0,,0.480009412,0.480009412,-0.774157104,-0.774157104,0,,0,,0,,-0.294147692,-0.294147692,-0.294147692,-0.147073846
21/06/2012,,,,,0,0,,,,,0,,,,,0,,,,,0,,,,,1,,,,,1,,,,,0,,,,,0,,,,,0,0,0,0,0,0,,,0,,0,,0,,0,,0,,0,,0,,0,,0,,,0,0,
22/06/2012,,,,,0,0,,,,,0,,,,,0,,,,,0,1,0,1,0,1,0,1,1,0,1,,,,,0,,,,,0,,,,,0,2,1,1,0,0,0.5,0.5,0,,0,,0,,0,,0.432008471,0.432008471,-0.696741394,-0.696741394,0,,0,,0,,-0.264732923,-0.264732923,-0.264732923,-0.132366461
23/06/2012,,,,,0,0,,,,,0,,,,,0,,,,,0,0,1,1,0,1,1,0,1,0,1,,,,,0,,,,,0,,,,,0,2,1,1,0,0,0.5,0.5,0,,0,,0,,0,,-0.611192376,-0.611192376,0.372932746,0.372932746,0,,0,,0,,-0.238259631,-0.23825963,-0.238259631,-0.119129815
24/06/2012,,,,,0,0,,,,,0,,,,,0,,,,,0,0,1,1,0,1,1,0,1,0,1,,,,,0,,,,,0,,,,,0,2,1,1,0,0,0.5,0.5,0,,0,,0,,0,,-0.550073139,-0.550073139,0.335639471,0.335639471,0,,0,,0,,-0.214433668,-0.214433668,-0.214433668,-0.107216834
25/06/2012,,,,,0,0,,,,,0,,,,,0,,,,,0,0,1,1,0,1,1,0,1,0,1,,,,,0,,,,,0,,,,,0,2,1,1,0,0,0.5,0.5,0,,0,,0,,0,,-0.495065825,-0.495065825,0.302075524,0.302075524,0,,0,,0,,-0.192990301,-0.192990301,-0.192990301,-0.09649515
26/06/2012,,,,,0,0,,,,,0,,,,,0,,,,,0,0,1,1,0,1,1,0,1,0,1,,,,,0,,,,,0,,,,,0,2,1,1,0,0,0.5,0.5,0,,0,,0,,0,,-0.445559242,-0.445559242,0.271867972,0.271867972,0,,0,,0,,-0.173691271,-0.17369127,-0.173691271,-0.086845635
27/06/2012,,,,,0,0,,,,,0,,,,,0,,,,,0,1,0,1,0,1,1,0,1,0,1,,,,,0,,,,,0,,,,,0,2,2,0,2,0,1,0,0,,0,,0,,0,,0.598996682,0.598996682,0.244681175,0.244681175,0,,0,,0,,0.843677856,0.843677857,0.843677856,0.421838928
28/06/2012,,,,,0,0,,,,,0,,,,,0,,,,,0,1,0,1,0,1,0,1,1,0,1,,,,,0,,,,,0,,,,,0,2,1,1,0,0,0.5,0.5,0,,0,,0,,0,,0.539097014,0.539097014,-0.779786943,-0.779786943,0,,0,,0,,-0.240689929,-0.240689929,-0.240689929,-0.120344965
29/06/2012,,,,,0,0,,,,,0,,,,,0,,,,,0,1,0,1,0,1,0,1,1,0,1,,,,,0,,,,,0,,,,,0,2,1,1,0,0,0.5,0.5,0,,0,,0,,0,,0.485187312,0.485187312,-0.701808249,-0.701808249,0,,0,,0,,-0.216620936,-0.216620937,-0.216620936,-0.108310468
30/06/2012,,,,,0,0,,,,,0,,,,,0,,,,,0,1,0,1,0,1,1,0,1,0,1,,,,,0,,,,,0,,,,,0,2,2,0,2,0,1,0,0,,0,,0,,0,,0.436668581,0.436668581,0.368372576,0.368372576,0,,0,,0,,0.805041157,0.805041157,0.805041157,0.402520579
01/07/2012,,,,,0,0,,,,,0,,,,,0,,,,,0,0,1,1,0,1,1,0,1,0,1,,,,,0,,,,,0,,,,,0,2,1,1,0,0,0.5,0.5,0,,0,,0,,0,,-0.606998277,-0.606998277,0.331535319,0.331535319,0,,0,,0,,-0.275462958,-0.275462958,-0.275462958,-0.137731479
02/07/2012,,,,,0,0,,,,,0,,,,,0,,,,,0,,,,,1,0,1,1,0,1,,,,,0,,,,,0,,,,,0,1,0,1,-1,0,0,1,0,,0,,0,,0,,0,,-0.701618213,-0.701618213,0,,0,,0,,-0.701618213,-0.701618213,-0.701618213,-0.701618213
03/07/2012,,,,,0,0,,,,,0,,,,,0,,,,,0,1,0,1,0,1,0,1,1,0,1,,,,,0,,,,,0,,,,,0,2,1,1,0,0,0.5,0.5,0,,0,,0,,0,,0.453701551,0.453701551,-0.631456392,-0.631456392,0,,0,,0,,-0.177754841,-0.177754841,-0.177754841,-0.088877421
04/07/2012,,,,,0,0,,,,,0,,,,,0,,,,,0,0,1,1,0,1,1,0,1,0,1,,,,,0,,,,,0,,,,,0,2,1,1,0,0,0.5,0.5,0,,0,,0,,0,,-0.591668604,-0.591668604,0.431689247,0.431689247,0,,0,,0,,-0.159979357,-0.159979357,-0.159979357,-0.079989679
05/07/2012,,,,,0,0,,,,,0,,,,,0,,,,,0,1,0,1,0,1,,,,,1,,,,,0,,,,,0,,,,,0,1,1,0,1,0,1,0,0,,0,,0,,0,,0.467498256,0.467498256,0,,0,,0,,0,,0.467498256,0.467498256,0.467498256,0.467498256
06/07/2012,,,,,0,0,,,,,0,,,,,0,,,,,0,0,1,1,0,1,1,0,1,0,1,,,,,0,,,,,0,,,,,0,2,1,1,0,0,0.5,0.5,0,,0,,0,,0,,-0.57925157,-0.57925157,0.388520323,0.388520323,0,,0,,0,,-0.190731247,-0.190731247,-0.190731247,-0.095365624
07/07/2012,,,,,0,0,,,,,0,,,,,0,,,,,0,1,0,1,0,1,1,1,2,0,1,,,,,0,,,,,0,,,,,0,2,2,1,1,0,0.666666667,0.333333333,0,,0,,0,,0,,0.478673587,0.478673587,-0.15033171,-0.15033171,0,,0,,0,,0.328341878,0.328341877,0.328341878,0.164170939
08/07/2012,,,,,0,0,,,,,0,,,,,0,,,,,0,0,1,1,0,1,1,0,1,0,1,,,,,0,,,,,0,,,,,0,2,1,1,0,0,0.5,0.5,0,,0,,0,,0,,-0.569193771,-0.569193771,0.364701461,0.364701461,0,,0,,0,,-0.20449231,-0.20449231,-0.20449231,-0.102246155
09/07/2012,,,,,0,0,,,,,0,,,,,0,,,,,0,,,,,1,,,,,1,,,,,0,,,,,0,,,,,0,0,0,0,0,0,,,0,,0,,0,,0,,0,,0,,0,,0,,0,,,0,0,
10/07/2012,,,,,0,0,,,,,0,,,,,0,,,,,0,,,,,1,,,,,1,,,,,0,,,,,0,,,,,0,0,0,0,0,0,,,0,,0,,0,,0,,0,,0,,0,,0,,0,,,0,0,
11/07/2012,,,,,0,0,,,,,0,,,,,0,,,,,0,,,,,1,,,,,1,,,,,0,,,,,0,,,,,0,0,0,0,0,0,,,0,,0,,0,,0,,0,,0,,0,,0,,0,,,0,0,
12/07/2012,,,,,0,0,,,,,0,,,,,0,,,,,0,,,,,1,,,,,1,,,,,0,,,,,0,,,,,0,0,0,0,0,0,,,0,,0,,0,,0,,0,,0,,0,,0,,0,,,0,0,
13/07/2012,,,,,0,0,,,,,0,,,,,0,,,,,0,0,1,1,0,1,1,0,1,0,1,,,,,0,,,,,0,,,,,0,2,1,1,0,0,0.5,0.5,0,,0,,0,,0,,-0.512274394,-0.512274394,0.328231315,0.328231315,0,,0,,0,,-0.184043079,-0.184043079,-0.184043079,-0.09202154
14/07/2012,,,,,0,0,,,,,0,,,,,0,,,,,0,0,1,1,0,1,1,0,1,0,1,,,,,0,,,,,0,,,,,0,2,1,1,0,0,0.5,0.5,0,,0,,0,,0,,-0.461046955,-0.461046955,0.295408184,0.295408184,0,,0,,0,,-0.165638771,-0.165638771,-0.165638771,-0.082819386
15/07/2012,,,,,0,0,,,,,0,,,,,0,,,,,0,0,1,1,0,1,0,1,1,0,1,,,,,0,,,,,0,,,,,0,2,0,2,-2,0,0,1,0,,0,,0,,0,,-0.414942259,-0.414942259,-0.734132635,-0.734132635,0,,0,,0,,-1.149074894,-1.149074894,-1.149074894,-0.574537447
16/07/2012,,,,,0,0,,,,,0,,,,,0,,,,,0,,,,,1,1,0,1,0,1,,,,,0,,,,,0,,,,,0,1,1,0,1,0,1,0,0,,0,,0,,0,,0,,0.339280629,0.339280629,0,,0,,0,,0.339280629,0.339280629,0.339280629,0.339280629
17/07/2012,,,,,0,0,,,,,0,,,,,0,,,,,0,0,1,1,0,1,1,0,1,0,1,,,,,0,,,,,0,,,,,0,2,1,1,0,0,0.5,0.5,0,,0,,0,,0,,-0.373448033,-0.373448033,0.305352566,0.305352566,0,,0,,0,,-0.068095468,-0.068095467,-0.068095468,-0.034047734
18/07/2012,,,,,0,0,,,,,0,,,,,0,,,,,0,0,1,1,0,1,1,0,1,0,1,,,,,0,,,,,0,,,,,0,2,1,1,0,0,0.5,0.5,0,,0,,0,,0,,-0.33610323,-0.33610323,0.274817309,0.274817309,0,,0,,0,,-0.061285921,-0.061285921,-0.061285921,-0.03064296
19/07/2012,,,,,0,0,,,,,0,,,,,0,,,,,0,1,0,1,0,1,0,1,1,0,1,,,,,0,,,,,0,,,,,0,2,1,1,0,0,0.5,0.5,0,,0,,0,,0,,0.697507093,0.697507093,-0.752664422,-0.752664422,0,,0,,0,,-0.055157329,-0.055157329,-0.055157329,-0.027578664
20/07/2012,,,,,0,0,,,,,0,,,,,0,,,,,0,0,1,1,0,1,0,1,1,0,1,,,,,0,,,,,0,,,,,0,2,0,2,-2,0,0,1,0,,0,,0,,0,,-0.372243616,-0.372243616,-0.677397979,-0.677397979,0,,0,,0,,-1.049641596,-1.049641595,-1.049641596,-0.524820798
21/07/2012,,,,,0,0,,,,,0,,,,,0,,,,,0,0,1,1,0,1,0,1,1,0,1,,,,,0,,,,,0,,,,,0,2,0,2,-2,0,0,1,0,,0,,0,,0,,-0.335019255,-0.335019255,-0.609658182,-0.609658182,0,,0,,0,,-0.944677436,-0.944677437,-0.944677436,-0.472338718
22/07/2012,,,,,0,0,,,,,0,,,,,0,,,,,0,0,1,1,0,1,0,1,1,0,1,,,,,0,,,,,0,,,,,0,2,0,2,-2,0,0,1,0,,0,,0,,0,,-0.301517329,-0.301517329,-0.548692363,-0.548692363,0,,0,,0,,-0.850209693,-0.850209692,-0.850209693,-0.425104846
23/07/2012,,,,,0,0,,,,,0,,,,,0,,,,,0,0,1,1,0,1,1,0,1,0,1,,,,,0,,,,,0,,,,,0,2,1,1,0,0,0.5,0.5,0,,0,,0,,0,,-0.271365596,-0.271365596,0.506176873,0.506176873,0,,0,,0,,0.234811277,0.234811277,0.234811277,0.117405638
24/07/2012,,,,,0,0,,,,,0,,,,,0,,,,,0,0,1,1,0,1,0,1,1,0,1,,,,,0,,,,,0,,,,,0,2,0,2,-2,0,0,1,0,,0,,0,,0,,-0.244229037,-0.244229037,-0.544440814,-0.544440814,0,,0,,0,,-0.788669851,-0.788669851,-0.788669851,-0.394334926
25/07/2012,,,,,0,0,,,,,0,,,,,0,,,,,0,0,1,1,0,1,1,0,1,0,1,,,,,0,,,,,0,,,,,0,2,1,1,0,0,0.5,0.5,0,,0,,0,,0,,-0.219806133,-0.219806133,0.510003267,0.510003267,0,,0,,0,,0.290197134,0.290197134,0.290197134,0.145098567
26/07/2012,,,,,0,0,,,,,0,,,,,0,,,,,0,1,0,1,0,1,,,,,1,,,,,0,,,,,0,,,,,0,1,1,0,1,0,1,0,0,,0,,0,,0,,0.80217448,0.80217448,0,,0,,0,,0,,0.80217448,0.80217448,0.80217448,0.80217448
27/07/2012,,,,,0,0,,,,,0,,,,,0,,,,,0,0,1,1,0,1,1,0,1,0,1,,,,,0,,,,,0,,,,,0,2,1,1,0,0,0.5,0.5,0,,0,,0,,0,,-0.278042968,-0.278042968,0.45900294,0.45900294,0,,0,,0,,0.180959973,0.180959972,0.180959973,0.090479986
28/07/2012,,,,,0,0,,,,,0,,,,,0,,,,,0,0,1,1,0,1,0,1,1,0,1,,,,,0,,,,,0,,,,,0,2,0,2,-2,0,0,1,0,,0,,0,,0,,-0.250238671,-0.250238671,-0.586897354,-0.586897354,0,,0,,0,,-0.837136025,-0.837136025,-0.837136025,-0.418568012
29/07/2012,,,,,0,0,,,,,0,,,,,0,,,,,0,1,0,1,0,1,0,1,1,0,1,,,,,0,,,,,0,,,,,0,2,1,1,0,0,0.5,0.5,0,,0,,0,,0,,0.774785196,0.774785196,-0.528207618,-0.528207618,0,,0,,0,,0.246577578,0.246577578,0.246577578,0.123288789
30/07/2012,,,,,0,0,,,,,0,,,,,0,,,,,0,1,0,1,0,1,0,1,1,0,1,,,,,0,,,,,0,,,,,0,2,1,1,0,0,0.5,0.5,0,,0,,0,,0,,0.697306677,0.697306677,-0.475386856,-0.475386856,0,,0,,0,,0.22191982,0.221919821,0.22191982,0.11095991
31/07/2012,,,,,0,0,,,,,0,,,,,0,,,,,0,0,1,1,0,1,0,1,1,0,1,,,,,0,,,,,0,,,,,0,2,0,2,-2,0,0,1,0,,0,,0,,0,,-0.372423991,-0.372423991,-0.427848171,-0.427848171,0,,0,,0,,-0.800272162,-0.800272162,-0.800272162,-0.400136081
01/08/2012,,,,,0,0,,,,,0,,,,,0,,,,,0,1,0,1,0,1,1,0,1,0,1,,,,,0,,,,,0,,,,,0,2,2,0,2,0,1,0,0,,0,,0,,0,,0.664818408,0.664818408,0.614936646,0.614936646,0,,0,,0,,1.279755054,1.279755054,1.279755054,0.639877527
02/08/2012,,,,,0,0,,,,,0,,,,,0,,,,,0,1,0,1,0,1,,,,,1,,,,,0,,,,,0,,,,,0,1,1,0,1,0,1,0,0,,0,,0,,0,,0.598336567,0.598336567,0,,0,,0,,0,,0.598336567,0.598336567,0.598336567,0.598336567
03/08/2012,,,,,0,0,,,,,0,,,,,0,,,,,0,0,1,1,0,1,1,0,1,0,1,,,,,0,,,,,0,,,,,0,2,1,1,0,0,0.5,0.5,0,,0,,0,,0,,-0.46149709,-0.46149709,0.553442982,0.553442982,0,,0,,0,,0.091945892,0.091945892,0.091945892,0.045972946
04/08/2012,,,,,0,0,,,,,0,,,,,0,,,,,0,1,0,1,0,1,0,1,1,0,1,,,,,0,,,,,0,,,,,0,2,1,1,0,0,0.5,0.5,0,,0,,0,,0,,0.584652619,0.584652619,-0.501901317,-0.501901317,0,,0,,0,,0.082751303,0.082751302,0.082751303,0.041375651
05/08/2012,,,,,0,0,,,,,0,,,,,0,,,,,0,0,1,1,0,1,1,0,1,0,1,,,,,0,,,,,0,,,,,0,2,1,1,0,0,0.5,0.5,0,,0,,0,,0,,-0.473812643,-0.473812643,0.548288815,0.548288815,0,,0,,0,,0.074476173,0.074476172,0.074476173,0.037238086
06/08/2012,,,,,0,0,,,,,0,,,,,0,,,,,0,,,,,1,0,1,1,0,1,,,,,0,,,,,0,,,,,0,1,0,1,-1,0,0,1,0,,0,,0,,0,,0,,-0.506540066,-0.506540066,0,,0,,0,,-0.506540066,-0.506540066,-0.506540066,-0.506540066
07/08/2012,,,,,0,0,,,,,0,,,,,0,,,,,0,0,1,1,0,1,0,1,1,0,1,,,,,0,,,,,0,,,,,0,2,0,2,-2,0,0,1,0,,0,,0,,0,,-0.426431378,-0.426431378,-0.45588606,-0.45588606,0,,0,,0,,-0.882317438,-0.882317438,-0.882317438,-0.441158719
08/08/2012,,,,,0,0,,,,,0,,,,,0,,,,,0,0,1,1,0,1,1,0,1,0,1,,,,,0,,,,,0,,,,,0,2,1,1,0,0,0.5,0.5,0,,0,,0,,0,,-0.38378824,-0.38378824,0.589702546,0.589702546,0,,0,,0,,0.205914306,0.205914306,0.205914306,0.102957153
09/08/2012,,,,,0,0,,,,,0,,,,,0,,,,,0,1,0,1,0,1,1,0,1,0,1,,,,,0,,,,,0,,,,,0,2,2,0,2,0,1,0,0,,0,,0,,0,,0.654590584,0.654590584,0.530732292,0.530732292,0,,0,,0,,1.185322875,1.185322876,1.185322875,0.592661438
10/08/2012,,,,,0,0,,,,,0,,,,,0,,,,,0,0,1,1,0,1,1,0,1,0,1,,,,,0,,,,,0,,,,,0,2,1,1,0,0,0.5,0.5,0,,0,,0,,0,,-0.410868475,-0.410868475,0.477659062,0.477659062,0,,0,,0,,0.066790588,0.066790587,0.066790588,0.033395294
11/08/2012,,,,,0,0,,,,,0,,,,,0,,,,,0,0,1,1,0,1,1,0,1,0,1,,,,,0,,,,,0,,,,,0,2,1,1,0,0,0.5,0.5,0,,0,,0,,0,,-0.369781627,-0.369781627,0.429893156,0.429893156,0,,0,,0,,0.060111529,0.060111529,0.060111529,0.030055764
12/08/2012,,,,,0,0,,,,,0,,,,,0,,,,,0,1,0,1,0,1,0,1,1,0,1,,,,,0,,,,,0,,,,,0,2,1,1,0,0,0.5,0.5,0,,0,,0,,0,,0.667196535,0.667196535,-0.613096159,-0.613096159,0,,0,,0,,0.054100376,0.054100376,0.054100376,0.027050188
13/08/2012,,,,,0,0,,,,,0,,,,,0,,,,,0,,,,,1,1,0,1,0,1,,,,,0,,,,,0,,,,,0,1,1,0,1,0,1,0,0,,0,,0,,0,,0,,0.448213457,0.448213457,0,,0,,0,,0.448213457,0.448213457,0.448213457,0.448213457
14/08/2012,,,,,0,0,,,,,0,,,,,0,,,,,0,0,1,1,0,1,1,0,1,0,1,,,,,0,,,,,0,,,,,0,2,1,1,0,0,0.5,0.5,0,,0,,0,,0,,-0.399523118,-0.399523118,0.403392111,0.403392111,0,,0,,0,,0.003868993,0.003868993,0.003868993,0.001934496
15/08/2012,,,,,0,0,,,,,0,,,,,0,,,,,0,0,1,1,0,1,1,0,1,0,1,,,,,0,,,,,0,,,,,0,2,1,1,0,0,0.5,0.5,0,,0,,0,,0,,-0.359570806,-0.359570806,0.3630529,0.3630529,0,,0,,0,,0.003482093,0.003482094,0.003482093,0.001741047
16/08/2012,,,,,0,0,,,,,0,,,,,0,,,,,0,1,0,1,0,1,0,1,1,0,1,,,,,0,,,,,0,,,,,0,2,1,1,0,0,0.5,0.5,0,,0,,0,,0,,0.676386274,0.676386274,-0.67325239,-0.67325239,0,,0,,0,,0.003133884,0.003133884,0.003133884,0.001566942
17/08/2012,,,,,0,0,,,,,0,,,,,0,,,,,0,0,1,1,0,1,1,0,1,0,1,,,,,0,,,,,0,,,,,0,2,1,1,0,0,0.5,0.5,0,,0,,0,,0,,-0.391252353,-0.391252353,0.394072849,0.394072849,0,,0,,0,,0.002820496,0.002820496,0.002820496,0.001410248
18/08/2012,,,,,0,0,,,,,0,,,,,0,,,,,0,1,0,1,0,1,0,1,1,0,1,,,,,0,,,,,0,,,,,0,2,1,1,0,0,0.5,0.5,0,,0,,0,,0,,0.647872882,0.647872882,-0.645334436,-0.645334436,0,,0,,0,,0.002538446,0.002538446,0.002538446,0.001269223
19/08/2012,,,,,0,0,,,,,0,,,,,0,,,,,0,0,1,1,0,1,1,0,1,0,1,,,,,0,,,,,0,,,,,0,2,1,1,0,0,0.5,0.5,0,,0,,0,,0,,-0.416914406,-0.416914406,0.419199008,0.419199008,0,,0,,0,,0.002284602,0.002284602,0.002284602,0.001142301
20/08/2012,,,,,0,0,,,,,0,,,,,0,,,,,0,0,1,1,0,1,0,1,1,0,1,,,,,0,,,,,0,,,,,0,2,0,2,-2,0,0,1,0,,0,,0,,0,,-0.375222965,-0.375222965,-0.622720893,-0.622720893,0,,0,,0,,-0.997943859,-0.997943858,-0.997943859,-0.498971929
21/08/2012,,,,,0,0,,,,,0,,,,,0,,,,,0,0,1,1,0,1,0,1,1,0,1,,,,,0,,,,,0,,,,,0,2,0,2,-2,0,0,1,0,,0,,0,,0,,-0.337700669,-0.337700669,-0.560448804,-0.560448804,0,,0,,0,,-0.898149473,-0.898149473,-0.898149473,-0.449074736
22/08/2012,,,,,0,0,,,,,0,,,,,0,,,,,0,0,1,1,0,1,0,1,1,0,1,,,,,0,,,,,0,,,,,0,2,0,2,-2,0,0,1,0,,0,,0,,0,,-0.303930602,-0.303930602,-0.504403923,-0.504403923,0,,0,,0,,-0.808334525,-0.808334525,-0.808334525,-0.404167263
23/08/2012,,,,,0,0,,,,,0,,,,,0,,,,,0,0,1,1,0,1,,,,,1,,,,,0,,,,,0,,,,,0,1,0,1,-1,0,0,1,0,,0,,0,,0,,-0.273537542,-0.273537542,0,,0,,0,,0,,-0.273537542,-0.273537542,-0.273537542,-0.273537542
24/08/2012,,,,,0,0,,,,,0,,,,,0,,,,,0,0,1,1,0,1,1,0,1,0,1,,,,,0,,,,,0,,,,,0,2,1,1,0,0,0.5,0.5,0,,0,,0,,0,,-0.246183788,-0.246183788,0.546036469,0.546036469,0,,0,,0,,0.299852681,0.299852681,0.299852681,0.149926341
25/08/2012,,,,,0,0,,,,,0,,,,,0,,,,,0,1,0,1,0,1,0,1,1,0,1,,,,,0,,,,,0,,,,,0,2,1,1,0,0,0.5,0.5,0,,0,,0,,0,,0.778434591,0.778434591,-0.508567178,-0.508567178,0,,0,,0,,0.269867413,0.269867413,0.269867413,0.134933707
26/08/2012,,,,,0,0,,,,,0,,,,,0,,,,,0,1,0,1,0,1,1,0,1,0,1,,,,,0,,,,,0,,,,,0,2,2,0,2,0,1,0,0,,0,,0,,0,,0.700591132,0.700591132,0.54228954,0.54228954,0,,0,,0,,1.242880672,1.242880672,1.242880672,0.621440336
27/08/2012,,,,,0,0,,,,,0,,,,,0,,,,,0,,,,,1,0,1,1,0,1,,,,,0,,,,,0,,,,,0,1,0,1,-1,0,0,1,0,,0,,0,,0,,0,,-0.511939414,-0.511939414,0,,0,,0,,-0.511939414,-0.511939414,-0.511939414,-0.511939414
28/08/2012,,,,,0,0,,,,,0,,,,,0,,,,,0,1,0,1,0,1,1,0,1,0,1,,,,,0,,,,,0,,,,,0,2,2,0,2,0,1,0,0,,0,,0,,0,,0.630532019,0.630532019,0.539254527,0.539254527,0,,0,,0,,1.169786546,1.169786546,1.169786546,0.584893273
29/08/2012,,,,,0,0,,,,,0,,,,,0,,,,,0,1,0,1,0,1,0,1,1,0,1,,,,,0,,,,,0,,,,,0,2,1,1,0,0,0.5,0.5,0,,0,,0,,0,,0.567478817,0.567478817,-0.514670926,-0.514670926,0,,0,,0,,0.052807891,0.052807891,0.052807891,0.026403946
30/08/2012,,,,,0,0,,,,,0,,,,,0,,,,,0,0,1,1,0,1,,,,,1,,,,,0,,,,,0,,,,,0,1,0,1,-1,0,0,1,0,,0,,0,,0,,-0.489269065,-0.489269065,0,,0,,0,,0,,-0.489269065,-0.489269065,-0.489269065,-0.489269065
31/08/2012,,,,,0,0,,,,,0,,,,,0,,,,,0,1,0,1,0,1,0,1,1,0,1,,,,,0,,,,,0,,,,,0,2,1,1,0,0,0.5,0.5,0,,0,,0,,0,,0.559657842,0.559657842,-0.463203833,-0.463203833,0,,0,,0,,0.096454009,0.096454009,0.096454009,0.048227004
01/09/2012,,,,,0,0,,,,,0,,,,,0,,,,,0,1,0,1,0,1,1,0,1,0,1,,,,,0,,,,,0,,,,,0,2,2,0,2,0,1,0,0,,0,,0,,0,,0.503692058,0.503692058,0.58311655,0.58311655,0,,0,,0,,1.086808608,1.086808608,1.086808608,0.543404304
02/09/2012,,,,,0,0,,,,,0,,,,,0,,,,,0,1,0,1,0,1,0,1,1,0,1,,,,,0,,,,,0,,,,,0,2,1,1,0,0,0.5,0.5,0,,0,,0,,0,,0.453322852,0.453322852,-0.475195105,-0.475195105,0,,0,,0,,-0.021872253,-0.021872253,-0.021872253,-0.010936126
03/09/2012,,,,,0,0,,,,,0,,,,,0,,,,,0,0,1,1,0,1,0,1,1,0,1,,,,,0,,,,,0,,,,,0,2,0,2,-2,0,0,1,0,,0,,0,,0,,-0.592009433,-0.592009433,-0.427675594,-0.427675594,0,,0,,0,,-1.019685028,-1.019685027,-1.019685028,-0.509842514
04/09/2012,,,,,0,0,,,,,0,,,,,0,,,,,0,0,1,1,0,1,0,1,1,0,1,,,,,0,,,,,0,,,,,0,2,0,2,-2,0,0,1,0,,0,,0,,0,,-0.53280849,-0.53280849,-0.384908035,-0.384908035,0,,0,,0,,-0.917716525,-0.917716525,-0.917716525,-0.458858262
05/09/2012,,,,,0,0,,,,,0,,,,,0,,,,,0,1,0,1,0,1,1,0,1,0,1,0,1,1,0,1,,,,,0,,,,,0,3,2,1,1,0,0.666666667,0.333333333,0,,0,,0,,0,,0.520472359,0.520472359,0.653582769,0.653582769,-0.5,-0.5,0,,0,,0.674055128,0.674055128,0.674055128,0.224685043
06/09/2012,,,,,0,0,,,,,0,,,,,0,,,,,0,,,,,1,0,1,1,0,1,,,,,1,,,,,0,,,,,0,1,0,1,-1,0,0,1,0,,0,,0,,0,,0,,-0.411775508,-0.411775508,0,,0,,0,,-0.411775508,-0.411775508,-0.411775508,-0.411775508
07/09/2012,,,,,0,0,,,,,0,,,,,0,,,,,0,0,1,1,0,1,1,0,1,0,1,,,,,1,,,,,0,,,,,0,2,1,1,0,0,0.5,0.5,0,,0,,0,,0,,-0.531574877,-0.531574877,0.629402043,0.629402043,0,,0,,0,,0.097827166,0.097827166,0.097827166,0.048913583
08/09/2012,,,,,0,0,,,,,0,,,,,0,,,,,0,0,1,1,0,1,0,1,1,0,1,,,,,1,,,,,0,,,,,0,2,0,2,-2,0,0,1,0,,0,,0,,0,,-0.478417389,-0.478417389,-0.433538162,-0.433538162,0,,0,,0,,-0.911955551,-0.911955551,-0.911955551,-0.455977775
09/09/2012,,,,,0,0,,,,,0,,,,,0,,,,,0,0,1,1,0,1,1,0,1,0,1,,,,,1,1,0,1,0,1,,,,,0,3,2,1,1,0,0.666666667,0.333333333,0,,0,,0,,0,,-0.43057565,-0.43057565,0.609815655,0.609815655,0,,0.5,0.5,0,,0.679240004,0.179240005,0.679240004,0.226413335
10/09/2012,,,,,0,0,,,,,0,,,,,0,,,,,0,0,1,1,0,1,,,,,1,,,,,1,,,,,1,,,,,0,1,0,1,-1,0,0,1,0,,0,,0,,0,,-0.387518085,-0.387518085,0,,0,,0,,0,,-0.387518085,-0.387518085,-0.387518085,-0.387518085
11/09/2012,,,,,0,0,,,,,0,,,,,0,,,,,0,0,1,1,0,1,0,1,1,0,1,,,,,1,,,,,1,,,,,0,2,0,2,-2,0,0,1,0,,0,,0,,0,,-0.348766277,-0.348766277,-0.451165911,-0.451165911,0,,0,,0,,-0.799932188,-0.799932188,-0.799932188,-0.399966094
12/09/2012,,,,,0,0,,,,,0,,,,,0,,,,,0,0,1,1,0,1,1,0,1,0,1,,,,,1,,,,,1,,,,,0,2,1,1,0,0,0.5,0.5,0,,0,,0,,0,,-0.313889649,-0.313889649,0.59395068,0.59395068,0,,0,,0,,0.280061031,0.280061031,0.280061031,0.140030516
13/09/2012,,,,,0,0,,,,,0,,,,,0,,,,,0,,,,,1,1,0,1,0,1,,,,,1,,,,,1,,,,,0,1,1,0,1,0,1,0,0,,0,,0,,0,,0,,0.534555612,0.534555612,0,,0,,0,,0.534555612,0.534555612,0.534555612,0.534555612
14/09/2012,,,,,0,0,,,,,0,,,,,0,,,,,0,1,0,1,0,1,0,1,1,0,1,,,,,1,,,,,1,,,,,0,2,1,1,0,0,0.5,0.5,0,,0,,0,,0,,0.717499316,0.717499316,-0.518899949,-0.518899949,0,,0,,0,,0.198599367,0.198599367,0.198599367,0.099299683
15/09/2012,,,,,0,0,,,,,0,,,,,0,,,,,0,0,1,1,0,1,1,0,1,0,1,,,,,1,,,,,1,,,,,0,2,1,1,0,0,0.5,0.5,0,,0,,0,,0,,-0.354250616,-0.354250616,0.532990046,0.532990046,0,,0,,0,,0.17873943,0.17873943,0.17873943,0.089369715
16/09/2012,,,,,0,0,,,,,0,,,,,0,,,,,0,0,1,1,0,1,1,0,1,0,1,1,0,1,0,1,0,1,1,0,1,,,,,0,4,2,2,0,0,0.5,0.5,0,,0,,0,,0,,-0.318825554,-0.318825554,0.479691041,0.479691041,0.55,0.55,-0.55,-0.55,0,,0.160865487,0.710865487,0.160865487,0.040216372
17/09/2012,,,,,0,0,,,,,0,,,,,0,,,,,0,0,1,1,0,1,,,,,1,,,,,1,,,,,1,,,,,0,1,0,1,-1,0,0,1,0,,0,,0,,0,,-0.286942999,-0.286942999,0,,0,,0,,0,,-0.286942999,-0.286942999,-0.286942999,-0.286942999
18/09/2012,,,,,0,0,,,,,0,,,,,0,,,,,0,,,,,1,,,,,1,,,,,1,,,,,1,,,,,0,0,0,0,0,0,,,0,,0,,0,,0,,0,,0,,0,,0,,0,,,0,0,
19/09/2012,,,,,0,0,,,,,0,,,,,0,,,,,0,0,1,1,0,1,2,0,2,0,1,,,,,1,,,,,1,,,,,0,2,2,1,1,0,0.666666667,0.333333333,0,,0,,0,,0,,-0.258248699,-0.258248699,0.431721937,0.431721937,0,,0,,0,,0.173473238,0.173473238,0.173473238,0.086736619
20/09/2012,,,,,0,0,,,,,0,,,,,0,,,,,0,0,1,1,0,1,1,0,1,0,1,1,0,1,0,1,,,,,1,,,,,0,3,2,1,1,0,0.666666667,0.333333333,0,,0,,0,,0,,-0.232423829,-0.232423829,0.388549743,0.388549743,0.495,0.495,0,,0,,0.651125914,0.651125914,0.651125914,0.217041971
21/09/2012,,,,,0,0,,,,,0,,,,,0,,,,,0,1,0,1,0,1,1,0,1,0,1,,,,,1,,,,,1,,,,,0,2,2,0,2,0,1,0,0,,0,,0,,0,,0.790818554,0.790818554,0.349694769,0.349694769,0,,0,,0,,1.140513323,1.140513323,1.140513323,0.570256661
22/09/2012,,,,,0,0,,,,,0,,,,,0,,,,,0,1,0,1,0,1,1,0,1,0,1,,,,,1,,,,,1,,,,,0,2,2,0,2,0,1,0,0,,0,,0,,0,,0.711736699,0.711736699,0.314725292,0.314725292,0,,0,,0,,1.026461991,1.026461991,1.026461991,0.513230995
23/09/2012,,,,,0,0,,,,,0,,,,,0,,,,,0,1,0,1,0,1,0,1,1,0,1,,,,,1,1,0,1,0,1,,,,,0,3,2,1,1,0,0.666666667,0.333333333,0,,0,,0,,0,,0.640563029,0.640563029,-0.716747237,-0.716747237,0,,0.505,0.505,0,,0.428815792,-0.076184208,0.428815792,0.142938597
24/09/2012,,,,,0,0,,,,,0,,,,,0,,,,,0,1,0,1,0,1,1,0,1,0,1,,,,,1,,,,,1,,,,,0,2,2,0,2,0,1,0,0,,0,,0,,0,,0.576506726,0.576506726,0.354927487,0.354927487,0,,0,,0,,0.931434212,0.931434213,0.931434212,0.465717106
25/09/2012,,,,,0,0,,,,,0,,,,,0,,,,,0,0,1,1,0,1,0,1,1,0,1,,,,,1,,,,,1,,,,,0,2,0,2,-2,0,0,1,0,,0,,0,,0,,-0.481143947,-0.481143947,-0.680565262,-0.680565262,0,,0,,0,,-1.161709209,-1.161709209,-1.161709209,-0.580854604
26/09/2012,,,,,0,0,,,,,0,,,,,0,,,,,0,1,0,1,0,1,1,0,1,0,1,,,,,1,,,,,1,,,,,0,2,2,0,2,0,1,0,0,,0,,0,,0,,0.566970448,0.566970448,0.387491264,0.387491264,0,,0,,0,,0.954461712,0.954461712,0.954461712,0.477230856
27/09/2012,,,,,0,0,,,,,0,,,,,0,,,,,0,1,0,1,0,1,0,1,1,0,1,,,,,1,,,,,1,,,,,0,2,1,1,0,0,0.5,0.5,0,,0,,0,,0,,0.510273403,0.510273403,-0.651257862,-0.651257862,0,,0,,0,,-0.140984459,-0.140984459,-0.140984459,-0.07049223
28/09/2012,,,,,0,0,,,,,0,,,,,0,,,,,0,1,0,1,0,1,1,0,1,0,1,,,,,1,,,,,1,,,,,0,2,2,0,2,0,1,0,0,,0,,0,,0,,0.459246063,0.459246063,0.413867924,0.413867924,0,,0,,0,,0.873113987,0.873113987,0.873113987,0.436556993
29/09/2012,,,,,0,0,,,,,0,,,,,0,,,,,0,0,1,1,0,1,0,1,1,0,1,,,,,1,,,,,1,,,,,0,2,0,2,-2,0,0,1,0,,0,,0,,0,,-0.586678543,-0.586678543,-0.627518868,-0.627518868,0,,0,,0,,-1.214197412,-1.214197411,-1.214197412,-0.607098706
30/09/2012,,,,,0,0,,,,,0,,,,,0,,,,,0,0,1,1,0,1,1,0,1,0,1,0,1,1,0,1,0,1,1,0,1,,,,,0,4,1,3,-2,0,0.25,0.75,0,,0,,0,,0,,-0.528010689,-0.528010689,0.435233018,0.435233018,-0.5545,-0.5545,-0.5455,-0.5455,0,,-1.192777671,-0.647277671,-1.192777671,-0.298194418
01/10/2012,,,,,0,0,,,,,0,,,,,0,,,,,0,0,1,1,0,1,1,0,1,0,1,,,,,1,,,,,1,,,,,0,2,1,1,0,0,0.5,0.5,0,,0,,0,,0,,-0.47520962,-0.47520962,0.391709717,0.391709717,0,,0,,0,,-0.083499904,-0.083499903,-0.083499904,-0.041749952
02/10/2012,,,,,0,0,,,,,0,,,,,0,,,,,0,0,1,1,0,1,1,0,1,0,1,,,,,1,,,,,1,,,,,0,2,1,1,0,0,0.5,0.5,0,,0,,0,,0,,-0.427688658,-0.427688658,0.352538745,0.352538745,0,,0,,0,,-0.075149913,-0.075149913,-0.075149913,-0.037574957
03/10/2012,,,,,0,0,,,,,0,,,,,0,,,,,0,1,0,1,0,1,1,0,1,0,1,,,,,1,,,,,1,,,,,0,2,2,0,2,0,1,0,0,,0,,0,,0,,0.615080208,0.615080208,0.31728487,0.31728487,0,,0,,0,,0.932365078,0.932365078,0.932365078,0.466182539
04/10/2012,,,,,0,0,,,,,0,,,,,0,,,,,0,,,,,0,,,,,1,,,,,1,,,,,1,,,,,0,0,0,0,0,0,,,0,,0,,0,,0,,0,,0,,0,,0,,0,,,0,0,
05/10/2012,,,,,0,0,,,,,0,,,,,0,,,,,0,,,,,0,,,,,1,,,,,1,,,,,1,,,,,0,0,0,0,0,0,,,0,,0,,0,,0,,0,,0,,0,,0,,0,,,0,0,
06/10/2012,,,,,0,0,,,,,0,,,,,0,,,,,0,,,,,0,,,,,1,,,,,1,,,,,1,,,,,0,0,0,0,0,0,,,0,,0,,0,,0,,0,,0,,0,,0,,0,,,0,0,
07/10/2012,,,,,0,0,,,,,0,,,,,0,,,,,0,,,,,0,1,0,1,0,1,1,0,1,0,1,,,,,1,,,,,0,2,2,0,2,0,1,0,0,,0,,0,,0,,0,,0.285556383,0.285556383,0.50095,0.50095,0,,0,,0.786506383,0.786506383,0.786506383,0.393253192
08/10/2012,,,,,0,0,,,,,0,,,,,0,,,,,0,,,,,0,0,1,1,0,1,,,,,1,0,1,1,0,1,,,,,0,2,0,2,-2,0,0,1,0,,0,,0,,0,,0,,-0.742999255,-0.742999255,0,,-0.49095,-0.49095,0,,-1.233949255,-0.742999255,-1.233949255,-0.616974627
09/10/2012,,,,,0,0,,,,,0,,,,,0,,,,,0,,,,,0,,,,,1,,,,,1,,,,,1,,,,,0,0,0,0,0,0,,,0,,0,,0,,0,,0,,0,,0,,0,,0,,,0,0,
10/10/2012,,,,,0,0,,,,,0,,,,,0,,,,,0,,,,,0,1,0,1,0,1,,,,,1,,,,,1,,,,,0,1,1,0,1,0,1,0,0,,0,,0,,0,,0,,0.331300671,0.331300671,0,,0,,0,,0.331300671,0.331300671,0.331300671,0.331300671
11/10/2012,,,,,0,0,,,,,0,,,,,0,,,,,0,,,,,0,0,1,1,0,1,,,,,1,,,,,1,,,,,0,1,0,1,-1,0,0,1,0,,0,,0,,0,,0,,-0.701829397,-0.701829397,0,,0,,0,,-0.701829397,-0.701829397,-0.701829397,-0.701829397
12/10/2012,,,,,0,0,,,,,0,,,,,0,,,,,0,,,,,0,1,0,1,0,1,,,,,1,,,,,1,,,,,0,1,1,0,1,0,1,0,0,,0,,0,,0,,0,,0.368353543,0.368353543,0,,0,,0,,0.368353543,0.368353543,0.368353543,0.368353543
13/10/2012,,,,,0,0,,,,,0,,,,,0,,,,,0,,,,,0,0,1,1,0,1,,,,,1,,,,,1,,,,,0,1,0,1,-1,0,0,1,0,,0,,0,,0,,0,,-0.668481811,-0.668481811,0,,0,,0,,-0.668481811,-0.668481811,-0.668481811,-0.668481811
14/10/2012,,,,,0,0,,,,,0,,,,,0,,,,,0,,,,,0,0,1,1,0,1,1,0,1,0,1,1,0,1,0,1,,,,,0,3,2,1,1,0,0.666666667,0.333333333,0,,0,,0,,0,,0,,-0.60163363,-0.60163363,0.450855,0.450855,0.558145,0.558145,0,,0.40736637,-0.15077863,0.40736637,0.13578879
15/10/2012,,,,,0,0,,,,,0,,,,,0,,,,,0,,,,,0,,,,,1,,,,,1,,,,,1,,,,,0,0,0,0,0,0,,,0,,0,,0,,0,,0,,0,,0,,0,,0,,,0,0,
16/10/2012,,,,,0,0,,,,,0,,,,,0,,,,,0,,,,,0,0,1,1,0,1,,,,,1,,,,,1,,,,,0,1,0,1,-1,0,0,1,0,,0,,0,,0,,0,,-0.541470267,-0.541470267,0,,0,,0,,-0.541470267,-0.541470267,-0.541470267,-0.541470267
17/10/2012,,,,,0,0,,,,,0,,,,,0,,,,,0,,,,,0,,,,,1,,,,,1,,,,,1,,,,,0,0,0,0,0,0,,,0,,0,,0,,0,,0,,0,,0,,0,,0,,,0,0,
18/10/2012,,,,,0,0,,,,,0,,,,,0,,,,,0,,,,,0,0,1,1,0,1,,,,,1,,,,,1,,,,,0,1,0,1,-1,0,0,1,0,,0,,0,,0,,0,,-0.48732324,-0.48732324,0,,0,,0,,-0.48732324,-0.48732324,-0.48732324,-0.48732324
19/10/2012,,,,,0,0,,,,,0,,,,,0,,,,,0,,,,,0,,,,,0,,,,,1,,,,,1,,,,,0,0,0,0,0,0,,,0,,0,,0,,0,,0,,0,,0,,0,,0,,,0,0,
20/10/2012,,,,,0,0,,,,,0,,,,,0,,,,,0,,,,,0,,,,,0,,,,,1,,,,,1,,,,,0,0,0,0,0,0,,,0,,0,,0,,0,,0,,0,,0,,0,,0,,,0,0,
21/10/2012,,,,,0,0,,,,,0,,,,,0,,,,,0,,,,,0,,,,,0,1,0,1,0,1,0,1,1,0,1,,,,,0,2,1,1,0,0,0.5,0.5,0,,0,,0,,0,,0,,0,,0.4057695,0.4057695,-0.4976695,-0.4976695,0,,-0.0919,0.4057695,-0.0919,-0.04595
22/10/2012,,,,,0,0,,,,,0,,,,,0,,,,,0,,,,,0,,,,,0,,,,,1,,,,,1,,,,,0,0,0,0,0,0,,,0,,0,,0,,0,,0,,0,,0,,0,,0,,,0,0,
23/10/2012,,,,,0,0,,,,,0,,,,,0,,,,,0,,,,,0,,,,,0,,,,,1,,,,,1,,,,,0,0,0,0,0,0,,,0,,0,,0,,0,,0,,0,,0,,0,,0,,,0,0,
24/10/2012,,,,,0,0,,,,,0,,,,,0,,,,,0,,,,,0,,,,,0,,,,,1,,,,,1,,,,,0,0,0,0,0,0,,,0,,0,,0,,0,,0,,0,,0,,0,,0,,,0,0,
25/10/2012,,,,,0,0,,,,,0,,,,,0,,,,,0,,,,,0,,,,,0,,,,,1,,,,,1,,,,,0,0,0,0,0,0,,,0,,0,,0,,0,,0,,0,,0,,0,,0,,,0,0,
26/10/2012,,,,,0,0,,,,,0,,,,,0,,,,,0,,,,,0,,,,,0,,,,,1,,,,,1,,,,,0,0,0,0,0,0,,,0,,0,,0,,0,,0,,0,,0,,0,,0,,,0,0,
27/10/2012,,,,,0,0,,,,,0,,,,,0,,,,,0,,,,,0,,,,,0,,,,,1,,,,,1,,,,,0,0,0,0,0,0,,,0,,0,,0,,0,,0,,0,,0,,0,,0,,,0,0,
28/10/2012,,,,,0,0,,,,,0,,,,,0,,,,,0,,,,,0,,,,,0,1,0,1,0,1,0,1,1,0,1,,,,,0,2,1,1,0,0,0.5,0.5,0,,0,,0,,0,,0,,0,,0.36519255,0.36519255,-0.44790255,-0.44790255,0,,-0.08271,0.36519255,-0.08271,-0.041355
29/10/2012,,,,,0,0,,,,,0,,,,,0,,,,,0,,,,,0,,,,,0,,,,,1,,,,,1,,,,,0,0,0,0,0,0,,,0,,0,,0,,0,,0,,0,,0,,0,,0,,,0,0,
30/10/2012,,,,,0,0,,,,,0,,,,,0,,,,,0,,,,,0,,,,,0,,,,,1,,,,,1,,,,,0,0,0,0,0,0,,,0,,0,,0,,0,,0,,0,,0,,0,,0,,,0,0,
31/10/2012,,,,,0,0,,,,,0,,,,,0,,,,,0,,,,,0,,,,,0,,,,,1,,,,,1,,,,,0,0,0,0,0,0,,,0,,0,,0,,0,,0,,0,,0,,0,,0,,,0,0,
01/11/2012,,,,,0,0,,,,,0,,,,,0,,,,,0,,,,,0,,,,,0,,,,,1,,,,,1,,,,,0,0,0,0,0,0,,,0,,0,,0,,0,,0,,0,,0,,0,,0,,,0,0,
02/11/2012,,,,,0,0,,,,,0,,,,,0,1,0,1,0,1,,,,,0,,,,,0,,,,,1,,,,,1,,,,,0,1,1,0,1,0,1,0,0,,0,,0,,0.5,0.5,0,,0,,0,,0,,0,,0.5,0.5,0.5,0.5
03/11/2012,,,,,0,1,,,,,0,,,,,0,,,,,1,,,,,0,,,,,0,,,,,1,,,,,1,1,0,1,0,1,1,1,0,1,0,1,0,0,,0,,0,,0,,0,,0,,0,,0,,0.5,0.5,0.5,0,0.5,0.5
04/11/2012,,,,,0,1,,,,,0,,,,,0,1,0,1,0,1,,,,,0,,,,,0,0,1,1,0,1,,,,,1,,,,,1,2,1,1,0,0,0.5,0.5,0,,0,,0,,0.45,0.45,0,,0,,-0.671326705,-0.671326705,0,,0,,-0.221326705,-0.221326705,-0.221326705,-0.110663353
05/11/2012,,,,,0,1,,,,,0,,,,,0,1,0,1,0,1,,,,,0,,,,,0,,,,,1,,,,,1,0,1,1,0,1,2,1,1,0,0,0.5,0.5,0,,0,,0,,0.405,0.405,0,,0,,0,,0,,-0.55,-0.55,-0.145,0.405,-0.145,-0.0725
06/11/2012,,,,,0,1,,,,,0,,,,,0,,,,,1,,,,,0,,,,,0,,,,,1,,,,,1,,,,,1,0,0,0,0,0,,,0,,0,,0,,0,,0,,0,,0,,0,,0,,,0,0,
07/11/2012,,,,,0,1,,,,,0,,,,,0,,,,,1,,,,,0,,,,,0,,,,,1,,,,,1,0,1,1,0,1,1,0,1,-1,0,0,1,0,,0,,0,,0,,0,,0,,0,,0,,-0.495,-0.495,-0.495,0,-0.495,-0.495
08/11/2012,,,,,0,1,,,,,0,,,,,0,,,,,1,,,,,0,,,,,0,,,,,1,,,,,1,,,,,1,0,0,0,0,0,,,0,,0,,0,,0,,0,,0,,0,,0,,0,,,0,0,
09/11/2012,,,,,0,1,,,,,0,,,,,0,1,0,1,0,1,,,,,0,,,,,0,,,,,1,,,,,1,1,0,1,0,1,2,2,0,2,0,1,0,0,,0,,0,,0.3645,0.3645,0,,0,,0,,0,,0.5545,0.5545,0.919,0.3645,0.919,0.4595
10/11/2012,,,,,0,1,,,,,0,,,,,0,,,,,1,,,,,0,,,,,0,,,,,1,,,,,1,,,,,1,0,0,0,0,0,,,0,,0,,0,,0,,0,,0,,0,,0,,0,,,0,0,
11/11/2012,,,,,0,1,,,,,0,,,,,0,,,,,1,,,,,0,,,,,0,0,1,1,0,1,0,1,1,0,1,1,0,1,0,1,3,1,2,-1,0,0.333333333,0.666666667,0,,0,,0,,0,,0,,0,,-0.604194035,-0.604194035,-0.403112295,-0.403112295,0.49905,0.49905,-0.50825633,-0.604194035,-0.50825633,-0.169418777
12/11/2012,,,,,0,1,,,,,0,,,,,0,,,,,1,,,,,0,,,,,0,,,,,1,,,,,1,,,,,1,0,0,0,0,0,,,0,,0,,0,,0,,0,,0,,0,,0,,0,,,0,0,
13/11/2012,,,,,0,1,,,,,0,,,,,0,1,0,1,0,1,,,,,0,,,,,0,,,,,1,,,,,1,1,0,1,0,1,2,2,0,2,0,1,0,0,,0,,0,,0.32805,0.32805,0,,0,,0,,0,,0.449145,0.449145,0.777195,0.32805,0.777195,0.3885975
14/11/2012,,,,,0,1,,,,,0,,,,,0,,,,,1,,,,,0,,,,,0,,,,,1,,,,,1,,,,,1,0,0,0,0,0,,,0,,0,,0,,0,,0,,0,,0,,0,,0,,,0,0,
15/11/2012,,,,,0,1,,,,,0,,,,,0,1,0,1,0,1,,,,,0,,,,,0,,,,,1,,,,,1,1,0,1,0,1,2,2,0,2,0,1,0,0,,0,,0,,0.295245,0.295245,0,,0,,0,,0,,0.4042305,0.4042305,0.6994755,0.295245,0.6994755,0.34973775
16/11/2012,,,,,0,1,,,,,0,,,,,0,0,1,1,0,1,,,,,0,,,,,0,,,,,1,,,,,1,,,,,1,1,0,1,-1,0,0,1,0,,0,,0,,-0.7342795,-0.7342795,0,,0,,0,,0,,0,,-0.7342795,-0.7342795,-0.7342795,-0.7342795
17/11/2012,,,,,0,1,,,,,0,,,,,0,,,,,1,,,,,0,,,,,0,,,,,1,,,,,1,,,,,1,0,0,0,0,0,,,0,,0,,0,,0,,0,,0,,0,,0,,0,,,0,0,
18/11/2012,,,,,0,1,,,,,0,,,,,0,1,0,1,0,1,,,,,0,,,,,0,,,,,1,1,0,1,0,1,1,0,1,0,1,3,3,0,3,0,1,0,0,,0,,0,,0.33914845,0.33914845,0,,0,,0,,0.637198935,0.637198935,0.36380745,0.36380745,1.340154835,0.33914845,1.340154835,0.446718278
19/11/2012,,,,,0,1,,,,,0,,,,,0,,,,,1,,,,,0,,,,,0,,,,,1,,,,,1,,,,,1,0,0,0,0,0,,,0,,0,,0,,0,,0,,0,,0,,0,,0,,,0,0,
20/11/2012,,,,,0,1,,,,,0,,,,,0,1,0,1,0,1,,,,,0,,,,,0,,,,,1,,,,,1,0,1,1,0,1,2,1,1,0,0,0.5,0.5,0,,0,,0,,0.305233605,0.305233605,0,,0,,0,,0,,-0.672573295,-0.672573295,-0.36733969,0.305233605,-0.36733969,-0.183669845
21/11/2012,,,,,0,1,,,,,0,,,,,0,0,1,1,0,1,,,,,0,,,,,0,,,,,1,,,,,1,0,1,1,0,1,2,0,2,-2,0,0,1,0,,0,,0,,-0.725289756,-0.725289756,0,,0,,0,,0,,-0.605315966,-0.605315966,-1.330605721,-0.725289756,-1.330605721,-0.665302861
22/11/2012,,,,,0,1,,,,,0,,,,,0,,,,,1,,,,,0,,,,,0,,,,,1,0,1,1,0,1,,,,,1,1,0,1,-1,0,0,1,0,,0,,0,,0,,0,,0,,0,,-0.426520959,-0.426520959,0,,-0.426520959,0,-0.426520959,-0.426520959
23/11/2012,,,,,0,1,,,,,0,,,,,0,0,1,1,0,1,,,,,0,,,,,0,,,,,1,,,,,1,1,0,1,0,1,2,1,1,0,0,0.5,0.5,0,,0,,0,,-0.65276078,-0.65276078,0,,0,,0,,0,,0.455215631,0.455215631,-0.197545149,-0.65276078,-0.197545149,-0.098772574
24/11/2012,,,,,0,1,,,,,0,,,,,0,,,,,1,,,,,0,,,,,0,,,,,1,,,,,1,,,,,1,0,0,0,0,0,,,0,,0,,0,,0,,0,,0,,0,,0,,0,,,0,0,
25/11/2012,,,,,0,1,,,,,0,,,,,0,1,0,1,0,1,,,,,0,,,,,0,1,0,1,0,1,,,,,1,1,0,1,0,1,3,3,0,3,0,1,0,0,,0,,0,,0.412515298,0.412515298,0,,0,,0.456225369,0.456225369,0,,0.409694068,0.409694068,1.278434735,0.868740667,1.278434735,0.426144912
26/11/2012,,,,,0,1,,,,,0,,,,,0,0,1,1,0,1,,,,,0,,,,,0,,,,,1,,,,,1,1,0,1,0,1,2,1,1,0,0,0.5,0.5,0,,0,,0,,-0.628736232,-0.628736232,0,,0,,0,,0,,0.368724661,0.368724661,-0.260011571,-0.628736232,-0.260011571,-0.130005785
27/11/2012,,,,,0,1,,,,,0,,,,,0,,,,,1,,,,,0,,,,,0,,,,,1,,,,,1,,,,,1,0,0,0,0,0,,,0,,0,,0,,0,,0,,0,,0,,0,,0,,,0,0,
28/11/2012,,,,,0,1,,,,,0,,,,,0,1,0,1,0,1,,,,,0,,,,,0,,,,,1,,,,,1,1,0,1,0,1,2,2,0,2,0,1,0,0,,0,,0,,0.434137391,0.434137391,0,,0,,0,,0,,0.331852195,0.331852195,0.765989586,0.434137391,0.765989586,0.382994793
29/11/2012,,,,,0,1,,,,,0,,,,,0,,,,,1,,,,,0,,,,,0,,,,,1,,,,,1,,,,,1,0,0,0,0,0,,,0,,0,,0,,0,,0,,0,,0,,0,,0,,,0,0,
30/11/2012,,,,,0,1,,,,,0,,,,,0,1,0,1,0,1,,,,,0,,,,,0,,,,,1,,,,,1,1,0,1,0,1,2,2,0,2,0,1,0,0,,0,,0,,0.390723652,0.390723652,0,,0,,0,,0,,0.298666976,0.298666976,0.689390628,0.390723652,0.689390628,0.344695314
01/12/2012,,,,,0,1,,,,,0,,,,,0,,,,,1,,,,,0,,,,,0,,,,,1,,,,,1,0,1,1,0,1,1,0,1,-1,0,0,1,0,,0,,0,,0,,0,,0,,0,,0,,-0.731199722,-0.731199722,-0.731199722,0,-0.731199722,-0.731199722
02/12/2012,,,,,0,1,,,,,0,,,,,0,1,0,1,0,1,,,,,0,,,,,0,,,,,1,1,0,1,0,1,,,,,1,2,2,0,2,0,1,0,0,,0,,0,,0.351651287,0.351651287,0,,0,,0,,0.616131137,0.616131137,0,,0.967782424,0.351651287,0.967782424,0.483891212
03/12/2012,,,,,0,1,,,,,0,,,,,0,,,,,1,,,,,0,,,,,0,0,1,1,0,1,,,,,1,,,,,1,1,0,1,-1,0,0,1,0,,0,,0,,0,,0,,0,,-0.589397168,-0.589397168,0,,0,,-0.589397168,-0.589397168,-0.589397168,-0.589397168
04/12/2012,,,,,0,1,,,,,0,,,,,0,,,,,1,,,,,0,,,,,0,,,,,1,,,,,1,0,1,1,0,1,1,0,1,-1,0,0,1,0,,0,,0,,0,,0,,0,,0,,0,,-0.65807975,-0.65807975,-0.65807975,0,-0.65807975,-0.65807975
05/12/2012,,,,,0,1,,,,,0,,,,,0,1,0,1,0,1,,,,,0,,,,,0,,,,,1,,,,,1,,,,,1,1,1,0,1,0,1,0,0,,0,,0,,0.316486158,0.316486158,0,,0,,0,,0,,0,,0.316486158,0.316486158,0.316486158,0.316486158
06/12/2012,,,,,0,1,,,,,0,,,,,0,1,0,1,0,1,,,,,0,,,,,0,,,,,1,,,,,1,,,,,1,1,1,0,1,0,1,0,0,,0,,0,,0.284837543,0.284837543,0,,0,,0,,0,,0,,0.284837543,0.284837543,0.284837543,0.284837543
07/12/2012,,,,,0,1,,,,,0,,,,,0,,,,,1,,,,,0,,,,,0,,,,,1,,,,,1,0,1,1,0,1,1,0,1,-1,0,0,1,0,,0,,0,,0,,0,,0,,0,,0,,-0.592271775,-0.592271775,-0.592271775,0,-0.592271775,-0.592271775
08/12/2012,,,,,0,1,,,,,0,,,,,0,0,1,1,0,1,,,,,0,,,,,0,,,,,1,,,,,1,,,,,1,1,0,1,-1,0,0,1,0,,0,,0,,-0.743646212,-0.743646212,0,,0,,0,,0,,0,,-0.743646212,-0.743646212,-0.743646212,-0.743646212
09/12/2012,,,,,0,1,,,,,0,,,,,0,1,0,1,0,1,,,,,0,,,,,0,1,0,1,0,1,1,0,1,0,1,0,1,1,0,1,4,3,1,2,0,0.75,0.25,0,,0,,0,,0.330718409,0.330718409,0,,0,,0.469542549,0.469542549,0.554518023,0.554518023,-0.533044597,-0.533044597,0.821734384,0.800260958,0.821734384,0.205433596
10/12/2012,,,,,0,1,,,,,0,,,,,0,,,,,1,,,,,0,,,,,0,,,,,1,,,,,1,,,,,1,0,0,0,0,0,,,0,,0,,0,,0,,0,,0,,0,,0,,0,,,0,0,
11/12/2012,,,,,0,1,,,,,0,,,,,0,1,0,1,0,1,,,,,0,,,,,0,,,,,1,,,,,1,0,1,1,0,1,2,1,1,0,0,0.5,0.5,0,,0,,0,,0.297646568,0.297646568,0,,0,,0,,0,,-0.479740138,-0.479740138,-0.182093569,0.297646568,-0.182093569,-0.091046785
12/12/2012,,,,,0,1,,,,,0,,,,,0,,,,,1,,,,,0,,,,,0,,,,,1,,,,,1,1,0,1,0,1,1,1,0,1,0,1,0,0,,0,,0,,0,,0,,0,,0,,0,,0.568233876,0.568233876,0.568233876,0,0.568233876,0.568233876
13/12/2012,,,,,0,1,,,,,0,,,,,0,1,0,1,0,1,,,,,0,,,,,0,,,,,1,,,,,1,,,,,1,1,1,0,1,0,1,0,0,,0,,0,,0.267881912,0.267881912,0,,0,,0,,0,,0,,0.267881912,0.267881912,0.267881912,0.267881912
14/12/2012,,,,,0,1,,,,,0,,,,,0,,,,,1,,,,,0,,,,,0,,,,,1,,,,,1,1,0,1,0,1,1,1,0,1,0,1,0,0,,0,,0,,0,,0,,0,,0,,0,,0.511410489,0.511410489,0.511410489,0,0.511410489,0.511410489
15/12/2012,,,,,0,1,,,,,0,,,,,0,1,0,1,0,1,,,,,0,,,,,0,,,,,1,,,,,1,0,1,1,0,1,2,1,1,0,0,0.5,0.5,0,,0,,0,,0.24109372,0.24109372,0,,0,,0,,0,,-0.53973056,-0.53973056,-0.29863684,0.24109372,-0.29863684,-0.14931842
16/12/2012,,,,,0,1,,,,,0,,,,,0,,,,,1,,,,,0,,,,,0,0,1,1,0,1,,,,,1,,,,,1,1,0,1,-1,0,0,1,0,,0,,0,,0,,0,,0,,-0.577411706,-0.577411706,0,,0,,-0.577411706,-0.577411706,-0.577411706,-0.577411706
17/12/2012,,,,,0,1,,,,,0,,,,,0,0,1,1,0,1,,,,,0,,,,,0,,,,,1,0,1,1,0,1,,,,,1,2,0,2,-2,0,0,1,0,,0,,0,,-0.783015652,-0.783015652,0,,0,,0,,-0.500933779,-0.500933779,0,,-1.283949431,-0.783015652,-1.283949431,-0.641974715
18/12/2012,,,,,0,1,,,,,0,,,,,0,,,,,1,,,,,0,,,,,0,,,,,1,,,,,1,0,1,1,0,1,1,0,1,-1,0,0,1,0,,0,,0,,0,,0,,0,,0,,0,,-0.485757504,-0.485757504,-0.485757504,0,-0.485757504,-0.485757504
19/12/2012,,,,,0,1,,,,,0,,,,,0,1,0,1,0,1,,,,,0,,,,,0,,,,,1,,,,,1,0,1,1,0,1,2,1,1,0,0,0.5,0.5,0,,0,,0,,0.295285914,0.295285914,0,,0,,0,,0,,-0.437181754,-0.437181754,-0.14189584,0.295285914,-0.14189584,-0.07094792
20/12/2012,,,,,0,1,,,,,0,,,,,0,,,,,1,,,,,0,,,,,0,,,,,1,,,,,1,,,,,1,0,0,0,0,0,,,0,,0,,0,,0,,0,,0,,0,,0,,0,,,0,0,
21/12/2012,,,,,0,1,,,,,0,,,,,0,0,1,1,0,1,,,,,0,,,,,0,,,,,1,,,,,1,,,,,1,1,0,1,-1,0,0,1,0,,0,,0,,-0.734242678,-0.734242678,0,,0,,0,,0,,0,,-0.734242678,-0.734242678,-0.734242678,-0.734242678
22/12/2012,,,,,0,1,,,,,0,,,,,0,,,,,1,,,,,0,,,,,0,,,,,1,,,,,1,,,,,1,0,0,0,0,0,,,0,,0,,0,,0,,0,,0,,0,,0,,0,,,0,0,
23/12/2012,,,,,0,1,,,,,0,,,,,0,1,0,1,0,1,,,,,0,,,,,0,0,1,1,0,1,0,1,1,0,1,1,0,1,0,1,4,2,2,0,0,0.5,0.5,0,,0,,0,,0.33918159,0.33918159,0,,0,,-0.519670535,-0.519670535,-0.450840401,-0.450840401,0.606536422,0.606536422,-0.024792925,-0.180488945,-0.024792925,-0.006198231
24/12/2012,,,,,0,1,,,,,0,,,,,0,,,,,1,,,,,0,,,,,0,,,,,1,,,,,1,,,,,1,0,0,0,0,0,,,0,,0,,0,,0,,0,,0,,0,,0,,0,,,0,0,
25/12/2012,,,,,0,1,,,,,0,,,,,0,0,1,1,0,1,,,,,0,,,,,0,,,,,1,,,,,1,0,1,1,0,1,2,0,2,-2,0,0,1,0,,0,,0,,-0.694736569,-0.694736569,0,,0,,0,,0,,-0.454117221,-0.454117221,-1.14885379,-0.694736569,-1.14885379,-0.574426895
26/12/2012,,,,,0,1,,,,,0,,,,,0,1,0,1,0,1,,,,,0,,,,,0,,,,,1,,,,,1,0,1,1,0,1,2,1,1,0,0,0.5,0.5,0,,0,,0,,0.374737088,0.374737088,0,,0,,0,,0,,-0.408705499,-0.408705499,-0.033968411,0.374737088,-0.033968411,-0.016984205
27/12/2012,,,,,0,1,,,,,0,,,,,0,,,,,1,,,,,0,,,,,0,,,,,1,,,,,1,,,,,1,0,0,0,0,0,,,0,,0,,0,,0,,0,,0,,0,,0,,0,,,0,0,
28/12/2012,,,,,0,1,,,,,0,,,,,0,0,1,1,0,1,,,,,0,,,,,0,,,,,1,,,,,1,1,0,1,0,1,2,1,1,0,0,0.5,0.5,0,,0,,0,,-0.662736621,-0.662736621,0,,0,,0,,0,,0.632165051,0.632165051,-0.03057157,-0.662736621,-0.03057157,-0.015285785
29/12/2012,,,,,0,1,,,,,0,,,,,0,,,,,0,,,,,0,,,,,0,,,,,1,,,,,1,1,0,1,0,1,1,1,0,1,0,1,0,0,,0,,0,,0,,0,,0,,0,,0,,0.568948546,0.568948546,0.568948546,0,0.568948546,0.568948546
30/12/2012,,,,,0,1,,,,,0,,,,,0,,,,,0,,,,,0,,,,,0,1,0,1,0,1,0,1,1,0,1,,,,,1,2,1,1,0,0,0.5,0.5,0,,0,,0,,0,,0,,0,,0.532296518,0.532296518,-0.405756361,-0.405756361,0,,0.126540157,0.532296518,0.126540157,0.063270079
31/12/2012,,,,,0,1,,,,,0,,,,,0,,,,,0,,,,,0,,,,,0,,,,,0,,,,,0,0,1,1,0,1,1,0,1,-1,0,0,1,0,,0,,0,,0,,0,,0,,0,,0,,-0.487946308,-0.487946308,-0.487946308,0,-0.487946308,-0.487946308
