date,rangers_wins,rangers_losses,rangers_num_events,rangers_ties,temp,knicks_wins,knicks_losses,knicks_num_events,knicks_ties,mets_wins,mets_losses,mets_num_events,mets_ties,yankees_wins,yankees_losses,yankees_num_events,yankees_ties,giants_wins,giants_losses,giants_num_events,giants_ties,jets_wins,jets_losses,jets_num_events,jets_ties,nets_wins,nets_losses,nets_num_events,nets_ties,num_events,sum_wins,sum_losses,sports_composite,p_win,p_loss,rangers_pe,rangers_pe_with_na,knicks_pe,knicks_pe_with_na,mets_pe,mets_pe_with_na,yankees_pe,yankees_pe_with_na,giants_pe,giants_pe_with_na,jets_pe,jets_pe_with_na,nets_pe,nets_pe_with_na,sum_pe_with_na,sum_pe,mean_pe
01/01/2013,,,,,0,0,1,1,0,,,,,,,,,,,,,,,,,,,,,1,0,1,-1,0,1,0,,-0.5,-0.5,0,,0,,0,,0,,0,,-0.5,-0.5,-0.5
02/01/2013,,,,,0,,,,,,,,,,,,,,,,,,,,,1,0,1,0,1,1,0,1,1,0,0,,0,,0,,0,,0,,0,,0.5,0.5,0.5,0.5,0.5
03/01/2013,,,,,0,1,0,1,0,,,,,,,,,,,,,,,,,,,,,1,1,0,1,1,0,0,,0.55,0.55,0,,0,,0,,0,,0,,0.55,0.55,0.55
04/01/2013,,,,,0,,,,,,,,,,,,,,,,,,,,,1,0,1,0,1,1,0,1,1,0,0,,0,,0,,0,,0,,0,,0.45,0.45,0.45,0.45,0.45
05/01/2013,,,,,0,1,0,1,0,,,,,,,,,,,,,,,,,1,0,1,0,2,2,0,2,1,0,0,,0.495,0.495,0,,0,,0,,0,,0.405,0.405,0.9,0.9,0.45
06/01/2013,,,,,0,,,,,,,,,,,,,,,,,,,,,,,,,0,0,0,0,,,0,,0,,0,,0,,0,,0,,0,,,0,
07/01/2013,,,,,0,0,1,1,0,,,,,,,,,,,,,,,,,,,,,1,0,1,-1,0,1,0,,-0.5545,-0.5545,0,,0,,0,,0,,0,,-0.5545,-0.5545,-0.5545
08/01/2013,,,,,0,,,,,,,,,,,,,,,,,,,,,1,0,1,0,1,1,0,1,1,0,0,,0,,0,,0,,0,,0,,0.3645,0.3645,0.3645,0.3645,0.3645
09/01/2013,,,,,0,,,,,,,,,,,,,,,,,,,,,,,,,0,0,0,0,,,0,,0,,0,,0,,0,,0,,0,,,0,
10/01/2013,,,,,0,0,1,1,0,,,,,,,,,,,,,,,,,,,,,1,0,1,-1,0,1,0,,-0.49905,-0.49905,0,,0,,0,,0,,0,,-0.49905,-0.49905,-0.49905
11/01/2013,,,,,0,0,1,1,0,,,,,,,,,,,,,,,,,1,0,1,0,2,1,1,0,0.5,0.5,0,,-0.449145,-0.449145,0,,0,,0,,0,,0.32805,0.32805,-0.121095,-0.121095,-0.0605475
12/01/2013,,,,,0,,,,,,,,,,,,,,,,,,,,,,,,,0,0,0,0,,,0,,0,,0,,0,,0,,0,,0,,,0,
13/01/2013,,,,,0,1,0,1,0,,,,,,,,,,,,,,,,,1,0,1,0,2,2,0,2,1,0,0,,0.5957695,0.5957695,0,,0,,0,,0,,0.295245,0.295245,0.8910145,0.8910145,0.44550725
14/01/2013,,,,,0,,,,,,,,,,,,,,,,,,,,,,,,,0,0,0,0,,,0,,0,,0,,0,,0,,0,,0,,,0,
15/01/2013,,,,,0,,,,,,,,,,,,,,,,,,,,,1,0,1,0,1,1,0,1,1,0,0,,0,,0,,0,,0,,0,,0.2657205,0.2657205,0.2657205,0.2657205,0.2657205
16/01/2013,,,,,0,,,,,,,,,,,,,,,,,,,,,0,1,1,0,1,0,1,-1,0,1,0,,0,,0,,0,,0,,0,,-0.76085155,-0.76085155,-0.76085155,-0.76085155,-0.76085155
17/01/2013,,,,,0,1,0,1,0,,,,,,,,,,,,,,,,,,,,,1,1,0,1,1,0,0,,0.53619255,0.53619255,0,,0,,0,,0,,0,,0.53619255,0.53619255,0.53619255
18/01/2013,,,,,0,,,,,,,,,,,,,,,,,,,,,1,0,1,0,1,1,0,1,1,0,0,,0,,0,,0,,0,,0,,0.315233605,0.315233605,0.315233605,0.315233605,0.315233605
19/01/2013,0,1,1,0,0,,,,,,,,,,,,,,,,,,,,,,,,,1,0,1,-1,0,1,-0.5,-0.5,0,,0,,0,,0,,0,,0,,-0.5,-0.5,-0.5
20/01/2013,0,1,1,0,0,,,,,,,,,,,,,,,,,,,,,,,,,1,0,1,-1,0,1,-0.45,-0.45,0,,0,,0,,0,,0,,0,,-0.45,-0.45,-0.45
21/01/2013,,,,,0,0,1,1,0,,,,,,,,,,,,,,,,,1,0,1,0,2,1,1,0,0.5,0.5,0,,-0.517426705,-0.517426705,0,,0,,0,,0,,0.283710245,0.283710245,-0.233716461,-0.233716461,-0.11685823
22/01/2013,,,,,0,,,,,,,,,,,,,,,,,,,,,,,,,0,0,0,0,,,0,,0,,0,,0,,0,,0,,0,,,0,
23/01/2013,1,0,1,0,0,,,,,,,,,,,,,,,,,,,,,1,0,1,0,2,2,0,2,1,0,0.595,0.595,0,,0,,0,,0,,0,,0.25533922,0.25533922,0.85033922,0.85033922,0.42516961
24/01/2013,0,1,1,0,0,1,0,1,0,,,,,,,,,,,,,,,,,,,,,2,1,1,0,0.5,0.5,-0.4645,-0.4645,0.534315966,0.534315966,0,,0,,0,,0,,0,,0.069815966,0.069815966,0.034907983
25/01/2013,,,,,0,,,,,,,,,,,,,,,,,,,,,0,1,1,0,1,0,1,-1,0,1,0,,0,,0,,0,,0,,0,,-0.770194702,-0.770194702,-0.770194702,-0.770194702,-0.770194702
26/01/2013,1,0,1,0,0,0,1,1,0,,,,,,,,,,,,,,,,,0,1,1,0,3,1,2,-1,0.333333333,0.666666667,0.58195,0.58195,-0.519115631,-0.519115631,0,,0,,0,,0,,-0.693175232,-0.693175232,-0.630340863,-0.630340863,-0.210113621
27/01/2013,,,,,0,1,0,1,0,,,,,,,,,,,,,,,,,,,,,1,1,0,1,1,0,0,,0.532795932,0.532795932,0,,0,,0,,0,,0,,0.532795932,0.532795932,0.532795932
28/01/2013,,,,,0,,,,,,,,,,,,,,,,,,,,,1,0,1,0,1,1,0,1,1,0,0,,0,,0,,0,,0,,0,,0.376142291,0.376142291,0.376142291,0.376142291,0.376142291
29/01/2013,1,0,1,0,0,,,,,,,,,,,,,,,,,,,,,,,,,1,1,0,1,1,0,0.523755,0.523755,0,,0,,0,,0,,0,,0,,0.523755,0.523755,0.523755
30/01/2013,,,,,0,1,0,1,0,,,,,,,,,,,,,,,,,0,1,1,0,2,1,1,0,0.5,0.5,0,,0.479516339,0.479516339,0,,0,,0,,0,,-0.661471938,-0.661471938,-0.181955599,-0.181955599,-0.090977799
31/01/2013,0,1,1,0,0,,,,,,,,,,,,,,,,,,,,,,,,,1,0,1,-1,0,1,-0.5286205,-0.5286205,0,,0,,0,,0,,0,,0,,-0.5286205,-0.5286205,-0.5286205
01/02/2013,,,,,0,1,0,1,0,,,,,,,,,,,,,,,,,1,0,1,0,2,2,0,2,1,0,0,,0.431564705,0.431564705,0,,0,,0,,0,,0.404675256,0.404675256,0.836239961,0.836239961,0.418119981
02/02/2013,1,0,1,0,0,1,0,1,0,,,,,,,,,,,,,,,,,,,,,2,2,0,2,1,0,0.52424155,0.52424155,0.388408234,0.388408234,0,,0,,0,,0,,0,,0.912649784,0.912649784,0.456324892
03/02/2013,,,,,0,,,,,,,,,,,,,,,,,,,,,,,,,0,0,0,0,,,0,,0,,0,,0,,0,,0,,0,,,0,
04/02/2013,,,,,0,1,0,1,0,,,,,,,,,,,,,,,,,,,,,1,1,0,1,1,0,0,,0.349567411,0.349567411,0,,0,,0,,0,,0,,0.349567411,0.349567411,0.349567411
05/02/2013,0,1,1,0,0,,,,,,,,,,,,,,,,,,,,,0,1,1,0,2,0,2,-2,0,1,-0.528182605,-0.528182605,0,,0,,0,,0,,0,,-0.63579227,-0.63579227,-1.163974875,-1.163974875,-0.581987437
06/02/2013,,,,,0,0,1,1,0,,,,,,,,,,,,,,,,,1,0,1,0,2,1,1,0,0.5,0.5,0,,-0.68538933,-0.68538933,0,,0,,0,,0,,0.427786957,0.427786957,-0.257602373,-0.257602373,-0.128801186
07/02/2013,1,0,1,0,0,,,,,,,,,,,,,,,,,,,,,,,,,1,1,0,1,1,0,0.524635656,0.524635656,0,,0,,0,,0,,0,,0,,0.524635656,0.524635656,0.524635656
08/02/2013,,,,,0,1,0,1,0,,,,,,,,,,,,,,,,,0,1,1,0,2,1,1,0,0.5,0.5,0,,0.383149603,0.383149603,0,,0,,0,,0,,-0.614991738,-0.614991738,-0.231842135,-0.231842135,-0.115921068
09/02/2013,,,,,0,,,,,,,,,,,,,,,,,,,,,,,,,0,0,0,0,,,0,,0,,0,,0,,0,,0,,0,,,0,
10/02/2013,1,0,1,0,0,0,1,1,0,,,,,,,,,,,,,,,,,0,1,1,0,3,1,2,-1,0.333333333,0.666666667,0.47217209,0.47217209,-0.655165357,-0.655165357,0,,0,,0,,0,,-0.553492565,-0.553492565,-0.736485832,-0.736485832,-0.245495277
11/02/2013,,,,,0,,,,,,,,,,,,,,,,,,,,,1,0,1,0,1,1,0,1,1,0,0,,0,,0,,0,,0,,0,,0.501856692,0.501856692,0.501856692,0.501856692,0.501856692
12/02/2013,1,0,1,0,0,,,,,,,,,,,,,,,,,,,,,,,,,1,1,0,1,1,0,0.424954881,0.424954881,0,,0,,0,,0,,0,,0,,0.424954881,0.424954881,0.424954881
13/02/2013,,,,,0,0,1,1,0,,,,,,,,,,,,,,,,,1,0,1,0,2,1,1,0,0.5,0.5,0,,-0.589648822,-0.589648822,0,,0,,0,,0,,0.451671023,0.451671023,-0.137977799,-0.137977799,-0.068988899
14/02/2013,0,1,1,0,0,,,,,,,,,,,,,,,,,,,,,,,,,1,0,1,-1,0,1,-0.617540607,-0.617540607,0,,0,,0,,0,,0,,0,,-0.617540607,-0.617540607,-0.617540607
15/02/2013,,,,,0,,,,,,,,,,,,,,,,,,,,,,,,,0,0,0,0,,,0,,0,,0,,0,,0,,0,,0,,,0,
16/02/2013,,,,,0,,,,,,,,,,,,,,,,,,,,,,,,,0,0,0,0,,,0,,0,,0,,0,,0,,0,,0,,,0,
17/02/2013,1,0,1,0,0,,,,,,,,,,,,,,,,,,,,,,,,,1,1,0,1,1,0,0.444213454,0.444213454,0,,0,,0,,0,,0,,0,,0.444213454,0.444213454,0.444213454
18/02/2013,,,,,0,,,,,,,,,,,,,,,,,,,,,,,,,0,0,0,0,,,0,,0,,0,,0,,0,,0,,0,,,0,
19/02/2013,0,1,1,0,0,,,,,,,,,,,,,,,,,,,,,1,0,1,0,2,1,1,0,0.5,0.5,-0.600207892,-0.600207892,0,,0,,0,,0,,0,,0.40650392,0.40650392,-0.193703971,-0.193703971,-0.096851986
20/02/2013,,,,,0,0,1,1,0,,,,,,,,,,,,,,,,,1,0,1,0,2,1,1,0,0.5,0.5,0,,-0.530683939,-0.530683939,0,,0,,0,,0,,0.365853528,0.365853528,-0.164830411,-0.164830411,-0.082415206
21/02/2013,0,1,1,0,0,,,,,,,,,,,,,,,,,,,,,,,,,1,0,1,-1,0,1,-0.540187103,-0.540187103,0,,0,,0,,0,,0,,0,,-0.540187103,-0.540187103,-0.540187103
22/02/2013,,,,,0,0,1,1,0,,,,,,,,,,,,,,,,,0,1,1,0,2,0,2,-2,0,1,0,,-0.477615546,-0.477615546,0,,0,,0,,0,,-0.670731824,-0.670731824,-1.14834737,-1.14834737,-0.574173685
23/02/2013,0,1,1,0,0,,,,,,,,,,,,,,,,,,,,,,,,,1,0,1,-1,0,1,-0.486168392,-0.486168392,0,,0,,0,,0,,0,,0,,-0.486168392,-0.486168392,-0.486168392
24/02/2013,,,,,0,1,0,1,0,,,,,,,,,,,,,,,,,0,1,1,0,2,1,1,0,0.5,0.5,0,,0.570146009,0.570146009,0,,0,,0,,0,,-0.603658642,-0.603658642,-0.033512633,-0.033512633,-0.016756316
25/02/2013,,,,,0,,,,,,,,,,,,,,,,,,,,,,,,,0,0,0,0,,,0,,0,,0,,0,,0,,0,,0,,,0,
26/02/2013,0,1,1,0,0,,,,,,,,,,,,,,,,,,,,,1,0,1,0,2,1,1,0,0.5,0.5,-0.437551553,-0.437551553,0,,0,,0,,0,,0,,0.456707222,0.456707222,0.019155669,0.019155669,0.009577835
27/02/2013,,,,,0,1,0,1,0,,,,,,,,,,,,,,,,,,,,,1,1,0,1,1,0,0,,0.513131408,0.513131408,0,,0,,0,,0,,0,,0.513131408,0.513131408,0.513131408
28/02/2013,1,0,1,0,0,,,,,,,,,,,,,,,,,,,,,,,,,1,1,0,1,1,0,0.606203602,0.606203602,0,,0,,0,,0,,0,,0,,0.606203602,0.606203602,0.606203602
01/03/2013,,,,,0,1,0,1,0,,,,,,,,,,,,,,,,,0,1,1,0,2,1,1,0,0.5,0.5,0,,0.461818267,0.461818267,0,,0,,0,,0,,-0.5889635,-0.5889635,-0.127145233,-0.127145233,-0.063572616
02/03/2013,,,,,0,,,,,,,,,,,,,,,,,,,,,0,1,1,0,1,0,1,-1,0,1,0,,0,,0,,0,,0,,0,,-0.53006715,-0.53006715,-0.53006715,-0.53006715,-0.53006715
03/03/2013,1,0,1,0,0,0,1,1,0,,,,,,,,,,,,,,,,,,,,,2,1,1,0,0.5,0.5,0.545583242,0.545583242,-0.584363559,-0.584363559,0,,0,,0,,0,,0,,-0.038780317,-0.038780317,-0.019390159
04/03/2013,,,,,0,1,0,1,0,,,,,,,,,,,,,,,,,,,,,1,1,0,1,1,0,0,,0.474072797,0.474072797,0,,0,,0,,0,,0,,0.474072797,0.474072797,0.474072797
05/03/2013,1,0,1,0,0,,,,,,,,,,,,,,,,,,,,,,,,,1,1,0,1,1,0,0.491024918,0.491024918,0,,0,,0,,0,,0,,0,,0.491024918,0.491024918,0.491024918
06/03/2013,,,,,0,1,0,1,0,,,,,,,,,,,,,,,,,1,0,1,0,2,2,0,2,1,0,0,,0.426665517,0.426665517,0,,0,,0,,0,,0.522939565,0.522939565,0.949605082,0.949605082,0.474802541
07/03/2013,1,0,1,0,0,0,1,1,0,,,,,,,,,,,,,,,,,,,,,2,1,1,0,0.5,0.5,0.441922426,0.441922426,-0.616001035,-0.616001035,0,,0,,0,,0,,0,,-0.174078609,-0.174078609,-0.087039304
08/03/2013,0,1,1,0,0,,,,,,,,,,,,,,,,,,,,,1,0,1,0,2,1,1,0,0.5,0.5,-0.602269817,-0.602269817,0,,0,,0,,0,,0,,0.470645609,0.470645609,-0.131624208,-0.131624208,-0.065812104
09/03/2013,,,,,0,1,0,1,0,,,,,,,,,,,,,,,,,1,0,1,0,2,2,0,2,1,0,0,,0.445599069,0.445599069,0,,0,,0,,0,,0.423581048,0.423581048,0.869180116,0.869180116,0.434590058
10/03/2013,1,0,1,0,0,,,,,,,,,,,,,,,,,,,,,,,,,1,1,0,1,1,0,0.457957165,0.457957165,0,,0,,0,,0,,0,,0,,0.457957165,0.457957165,0.457957165
11/03/2013,,,,,0,0,1,1,0,,,,,,,,,,,,,,,,,0,1,1,0,2,0,2,-2,0,1,0,,-0.598960838,-0.598960838,0,,0,,0,,0,,-0.618777057,-0.618777057,-1.217737895,-1.217737895,-0.608868948
12/03/2013,0,1,1,0,0,,,,,,,,,,,,,,,,,,,,,1,0,1,0,2,1,1,0,0.5,0.5,-0.587838551,-0.587838551,0,,0,,0,,0,,0,,0.443100649,0.443100649,-0.144737903,-0.144737903,-0.072368951
13/03/2013,,,,,0,0,1,1,0,,,,,,,,,,,,,,,,,,,,,1,0,1,-1,0,1,0,,-0.539064754,-0.539064754,0,,0,,0,,0,,0,,-0.539064754,-0.539064754,-0.539064754
14/03/2013,0,1,1,0,0,0,1,1,0,,,,,,,,,,,,,,,,,,,,,2,0,2,-2,0,1,-0.529054696,-0.529054696,-0.485158279,-0.485158279,0,,0,,0,,0,,0,,-1.014212975,-1.014212975,-0.507106488
15/03/2013,,,,,0,,,,,,,,,,,,,,,,,,,,,,,,,0,0,0,0,,,0,,0,,0,,0,,0,,0,,0,,,0,
16/03/2013,0,1,1,0,0,,,,,,,,,,,,,,,,,,,,,,,,,1,0,1,-1,0,1,-0.476149227,-0.476149227,0,,0,,0,,0,,0,,0,,-0.476149227,-0.476149227,-0.476149227
17/03/2013,,,,,0,0,1,1,0,,,,,,,,,,,,,,,,,0,1,1,0,2,0,2,-2,0,1,0,,-0.436642451,-0.436642451,0,,0,,0,,0,,-0.601209416,-0.601209416,-1.037851867,-1.037851867,-0.518925934
18/03/2013,1,0,1,0,0,1,0,1,0,,,,,,,,,,,,,,,,,1,0,1,0,3,3,0,3,1,0,0.571465696,0.571465696,0.607021794,0.607021794,0,,0,,0,,0,,0.458911525,0.458911525,1.637399015,1.637399015,0.545799672
19/03/2013,1,0,1,0,0,,,,,,,,,,,,,,,,,,,,,,,,,1,1,0,1,1,0,0.514319126,0.514319126,0,,0,,0,,0,,0,,0,,0.514319126,0.514319126,0.514319126
20/03/2013,,,,,0,1,0,1,0,,,,,,,,,,,,,,,,,1,0,1,0,2,2,0,2,1,0,0,,0.546319615,0.546319615,0,,0,,0,,0,,0.413020373,0.413020373,0.959339987,0.959339987,0.479669994
21/03/2013,0,1,1,0,0,,,,,,,,,,,,,,,,,,,,,,,,,1,0,1,-1,0,1,-0.537112786,-0.537112786,0,,0,,0,,0,,0,,0,,-0.537112786,-0.537112786,-0.537112786
22/03/2013,,,,,0,1,0,1,0,,,,,,,,,,,,,,,,,,,,,1,1,0,1,1,0,0,,0.491687653,0.491687653,0,,0,,0,,0,,0,,0.491687653,0.491687653,0.491687653
23/03/2013,,,,,0,1,0,1,0,,,,,,,,,,,,,,,,,0,1,1,0,2,1,1,0,0.5,0.5,0,,0.442518888,0.442518888,0,,0,,0,,0,,-0.628281664,-0.628281664,-0.185762777,-0.185762777,-0.092881388
24/03/2013,0,1,1,0,0,,,,,,,,,,,,,,,,,,,,,1,0,1,0,2,1,1,0,0.5,0.5,-0.483401508,-0.483401508,0,,0,,0,,0,,0,,0.434546502,0.434546502,-0.048855006,-0.048855006,-0.024427503
25/03/2013,,,,,0,,,,,,,,,,,,,,,,,,,,,,,,,0,0,0,0,,,0,,0,,0,,0,,0,,0,,0,,,0,
26/03/2013,1,0,1,0,0,1,0,1,0,,,,,,,,,,,,,,,,,,,,,2,2,0,2,1,0,0.564938643,0.564938643,0.398266999,0.398266999,0,,0,,0,,0,,0,,0.963205642,0.963205642,0.481602821
27/03/2013,,,,,0,1,0,1,0,,,,,,,,,,,,,,,,,1,0,1,0,2,2,0,2,1,0,0,,0.358440299,0.358440299,0,,0,,0,,0,,0.391091852,0.391091852,0.749532151,0.749532151,0.374766075
28/03/2013,0,1,1,0,0,,,,,,,,,,,,,,,,,,,,,,,,,1,0,1,-1,0,1,-0.491555221,-0.491555221,0,,0,,0,,0,,0,,0,,-0.491555221,-0.491555221,-0.491555221
29/03/2013,,,,,0,1,0,1,0,,,,,,,,,,,,,,,,,0,1,1,0,2,1,1,0,0.5,0.5,0,,0.322596269,0.322596269,0,,0,,0,,0,,-0.648017333,-0.648017333,-0.325421064,-0.325421064,-0.162710532
30/03/2013,0,1,1,0,0,,,,,,,,,,,,,,,,,,,,,0,1,1,0,2,0,2,-2,0,1,-0.442399699,-0.442399699,0,,0,,0,,0,,0,,-0.5832156,-0.5832156,-1.025615299,-1.025615299,-0.51280765
31/03/2013,,,,,0,1,0,1,0,,,,,,,,,,,,,,,,,,,,,1,1,0,1,1,0,0,,0.290336642,0.290336642,0,,0,,0,,0,,0,,0.290336642,0.290336642,0.290336642
01/04/2013,1,0,1,0,0,,,,,1,0,1,0,0,1,1,0,,,,,,,,,,,,,3,2,1,1,0.666666667,0.333333333,0.601840271,0.601840271,0,,0.5,0.5,-0.5,-0.5,0,,0,,0,,0.601840271,0.601840271,0.200613424
02/04/2013,,,,,0,1,0,1,0,,,,,,,,,,,,,,,,,,,,,1,1,0,1,1,0,0,,0.261302978,0.261302978,0,,0,,0,,0,,0,,0.261302978,0.261302978,0.261302978
03/04/2013,1,0,1,0,0,1,0,1,0,1,0,1,0,0,1,1,0,,,,,,,,,1,0,1,0,5,4,1,3,0.8,0.2,0.541656244,0.541656244,0.23517268,0.23517268,0.45,0.45,-0.45,-0.45,0,,0,,0.47510596,0.47510596,1.251934884,1.251934884,0.250386977
04/04/2013,,,,,0,,,,,0,1,1,0,1,0,1,0,,,,,,,,,0,1,1,0,3,1,2,-1,0.333333333,0.666666667,0,,0,,-0.595,-0.595,0.595,0.595,0,,0,,-0.572404636,-0.572404636,-0.572404636,-0.572404636,-0.190801545
05/04/2013,0,1,1,0,0,1,0,1,0,0,1,1,0,0,1,1,0,,,,,,,,,,,,,4,1,3,-2,0.25,0.75,-0.512509381,-0.512509381,0.211655412,0.211655412,-0.5355,-0.5355,-0.4645,-0.4645,0,,0,,0,,-1.300853968,-1.300853968,-0.325213492
06/04/2013,1,0,1,0,0,,,,,1,0,1,0,0,1,1,0,,,,,,,,,1,0,1,0,4,3,1,2,0.75,0.25,0.538741557,0.538741557,0,,0.51805,0.51805,-0.41805,-0.41805,0,,0,,0.484835828,0.484835828,1.123577385,1.123577385,0.280894346
07/04/2013,,,,,0,1,0,1,0,1,0,1,0,1,0,1,0,,,,,,,,,,,,,3,3,0,3,1,0,0,,0.190489871,0.190489871,0.466245,0.466245,0.623755,0.623755,0,,0,,0,,1.280489871,1.280489871,0.426829957
08/04/2013,0,1,1,0,0,,,,,1,0,1,0,1,0,1,0,,,,,,,,,,,,,3,2,1,1,0.666666667,0.333333333,-0.515132598,-0.515132598,0,,0.4196205,0.4196205,0.5613795,0.5613795,0,,0,,0,,0.465867402,0.465867402,0.155289134
09/04/2013,,,,,0,1,0,1,0,0,1,1,0,1,0,1,0,,,,,,,,,1,0,1,0,4,3,1,2,0.75,0.25,0,,0.171440884,0.171440884,-0.62234155,-0.62234155,0.50524155,0.50524155,0,,0,,0.436352245,0.436352245,0.490693129,0.490693129,0.122673282
10/04/2013,1,0,1,0,0,,,,,0,1,1,0,,,,,,,,,,,,,1,0,1,0,3,2,1,1,0.666666667,0.333333333,0.536380662,0.536380662,0,,-0.560107395,-0.560107395,0,,0,,0,,0.39271702,0.39271702,0.368990287,0.368990287,0.122996762
11/04/2013,,,,,0,0,1,1,0,,,,,,,,,,,,,,,,,,,,,1,0,1,-1,0,1,0,,-0.845703204,-0.845703204,0,,0,,0,,0,,0,,-0.845703204,-0.845703204,-0.845703204
12/04/2013,,,,,0,1,0,1,0,1,0,1,0,1,0,1,0,,,,,,,,,1,0,1,0,4,4,0,4,1,0,0,,0.238867116,0.238867116,0.495903345,0.495903345,0.454717395,0.454717395,0,,0,,0.353445318,0.353445318,1.542933174,1.542933174,0.385733293
13/04/2013,1,0,1,0,0,,,,,1,0,1,0,0,1,1,0,,,,,,,,,,,,,3,2,1,1,0.666666667,0.333333333,0.482742595,0.482742595,0,,0.44631301,0.44631301,-0.590754345,-0.590754345,0,,0,,0,,0.338301261,0.338301261,0.112767087
14/04/2013,,,,,0,1,0,1,0,,,,,1,0,1,0,,,,,,,,,0,1,1,0,3,2,1,1,0.666666667,0.333333333,0,,0.214980404,0.214980404,0,,0.46832109,0.46832109,0,,0,,-0.681899214,-0.681899214,0.001402281,0.001402281,0.000467427
15/04/2013,,,,,0,0,1,1,0,,,,,,,,,,,,,,,,,1,0,1,0,2,1,1,0,0.5,0.5,0,,-0.806517636,-0.806517636,0,,0,,0,,0,,0.386290708,0.386290708,-0.420226928,-0.420226928,-0.210113464
16/04/2013,0,1,1,0,0,,,,,0,2,2,0,1,0,1,0,,,,,,,,,,,,,3,1,3,-2,0.25,0.75,-0.565531664,-0.565531664,0,,-0.598318291,-0.598318291,0.421488981,0.421488981,0,,0,,0,,-0.742360974,-0.742360974,-0.247453658
17/04/2013,,,,,0,1,0,1,0,,,,,1,0,1,0,,,,,,,,,1,0,1,0,3,3,0,3,1,0,0,,0.274134128,0.274134128,0,,0.379340083,0.379340083,0,,0,,0.347661637,0.347661637,1.001135847,1.001135847,0.333711949
18/04/2013,1,0,1,0,0,,,,,0,1,1,0,0,1,1,0,,,,,,,,,,,,,3,1,2,-1,0.333333333,0.666666667,0.491021502,0.491021502,0,,-0.538486462,-0.538486462,-0.658593925,-0.658593925,0,,0,,0,,-0.706058885,-0.706058885,-0.235352962
19/04/2013,1,0,1,0,0,,,,,1,0,1,0,1,0,1,0,,,,,,,,,,,,,3,3,0,3,1,0,0.441919352,0.441919352,0,,0.515362184,0.515362184,0.407265467,0.407265467,0,,0,,0,,1.364547003,1.364547003,0.454849001
20/04/2013,,,,,0,,,,,0,1,1,0,1,0,1,0,,,,,,,,,,,,,2,1,1,0,0.5,0.5,0,,0,,-0.536174034,-0.536174034,0.36653892,0.36653892,0,,0,,0,,-0.169635114,-0.169635114,-0.084817557
21/04/2013,1,0,1,0,0,,,,,1,0,1,0,0,1,1,0,,,,,,,,,,,,,3,2,1,1,0.666666667,0.333333333,0.397727417,0.397727417,0,,0.517443369,0.517443369,-0.670114972,-0.670114972,0,,0,,0,,0.245055814,0.245055814,0.081685271
22/04/2013,,,,,0,,,,,,,,,0,1,1,0,,,,,,,,,,,,,1,0,1,-1,0,1,0,,0,,0,,-0.603103474,-0.603103474,0,,0,,0,,-0.603103474,-0.603103474,-0.603103474
23/04/2013,0,1,1,0,0,,,,,0,1,1,0,1,0,1,0,,,,,,,,,,,,,3,1,2,-1,0.333333333,0.666666667,-0.642045325,-0.642045325,0,,-0.534300968,-0.534300968,0.457206873,0.457206873,0,,0,,0,,-0.71913942,-0.71913942,-0.23971314
24/04/2013,,,,,0,,,,,1,0,1,0,0,1,1,0,,,,,,,,,,,,,2,1,1,0,0.5,0.5,0,,0,,0.519129129,0.519129129,-0.588513814,-0.588513814,0,,0,,0,,-0.069384685,-0.069384685,-0.034692343
25/04/2013,1,0,1,0,0,,,,,0,1,1,0,1,0,1,0,,,,,,,,,,,,,3,2,1,1,0.666666667,0.333333333,0.422159208,0.422159208,0,,-0.532783784,-0.532783784,0.470337567,0.470337567,0,,0,,0,,0.359712991,0.359712991,0.11990433
26/04/2013,,,,,0,,,,,0,1,1,0,1,0,1,0,,,,,,,,,,,,,2,1,1,0,0.5,0.5,0,,0,,-0.479505405,-0.479505405,0.42330381,0.42330381,0,,0,,0,,-0.056201595,-0.056201595,-0.028100798
27/04/2013,1,0,1,0,0,,,,,0,1,1,0,1,0,1,0,,,,,,,,,,,,,3,2,1,1,0.666666667,0.333333333,0.379943287,0.379943287,0,,-0.431554865,-0.431554865,0.380973429,0.380973429,0,,0,,0,,0.329361851,0.329361851,0.109787284
28/04/2013,,,,,0,,,,,0,1,1,0,1,0,1,0,,,,,,,,,,,,,2,1,1,0,0.5,0.5,0,,0,,-0.388399378,-0.388399378,0.342876086,0.342876086,0,,0,,0,,-0.045523292,-0.045523292,-0.022761646
29/04/2013,,,,,0,,,,,0,1,1,0,0,1,1,0,,,,,,,,,,,,,2,0,2,-2,0,1,0,,0,,-0.349559441,-0.349559441,-0.691411522,-0.691411522,0,,0,,0,,-1.040970963,-1.040970963,-0.520485481
30/04/2013,,,,,0,,,,,0,1,1,0,1,0,1,0,,,,,,,,,,,,,2,1,1,0,0.5,0.5,0,,0,,-0.314603496,-0.314603496,0.37772963,0.37772963,0,,0,,0,,0.063126134,0.063126134,0.031563067
01/05/2013,,,,,0,,,,,1,0,1,0,1,0,1,0,,,,,,,,,,,,,2,2,0,2,1,0,0,,0,,0.716856853,0.716856853,0.339956667,0.339956667,0,,0,,0,,1.05681352,1.05681352,0.52840676
02/05/2013,0,1,1,0,0,,,,,,,,,,,,,,,,,,,,,,,,,1,0,1,-1,0,1,-0.658051042,-0.658051042,0,,0,,0,,0,,0,,0,,-0.658051042,-0.658051042,-0.658051042
03/05/2013,,,,,0,,,,,1,0,1,0,0,1,1,0,,,,,,,,,,,,,2,1,1,0,0.5,0.5,0,,0,,0.645171168,0.645171168,-0.694039,-0.694039,0,,0,,0,,-0.048867832,-0.048867832,-0.024433916
04/05/2013,0,1,1,0,0,,,,,,,,,1,0,1,0,,,,,,,,,,,,,2,1,1,0,0.5,0.5,-0.592245938,-0.592245938,0,,0,,0.3753649,0.3753649,0,,0,,0,,-0.216881037,-0.216881037,-0.108440519
05/05/2013,,,,,0,,,,,0,1,1,0,0,1,1,0,,,,,,,,,,,,,2,0,2,-2,0,1,0,,0,,-0.419345949,-0.419345949,-0.66217159,-0.66217159,0,,0,,0,,-1.081517539,-1.081517539,-0.540758769
06/05/2013,1,0,1,0,0,,,,,,,,,,,,,,,,,,,,,,,,,1,1,0,1,1,0,0.466978656,0.466978656,0,,0,,0,,0,,0,,0,,0.466978656,0.466978656,0.466978656
07/05/2013,,,,,0,,,,,1,0,1,0,0,1,1,0,,,,,,,,,,,,,2,1,1,0,0.5,0.5,0,,0,,0.622588646,0.622588646,-0.595954431,-0.595954431,0,,0,,0,,0.026634215,0.026634215,0.013317108
08/05/2013,1,0,1,0,0,,,,,0,1,1,0,1,0,1,0,,,,,,,,,,,,,3,2,1,1,0.666666667,0.333333333,0.420280791,0.420280791,0,,-0.439670219,-0.439670219,0.463641012,0.463641012,0,,0,,0,,0.444251584,0.444251584,0.148083861
09/05/2013,,,,,0,,,,,1,0,1,0,1,0,1,0,,,,,,,,,,,,,2,2,0,2,1,0,0,,0,,0.604296803,0.604296803,0.417276911,0.417276911,0,,0,,0,,1.021573714,1.021573714,0.510786857
10/05/2013,0,1,1,0,0,,,,,0,1,1,0,1,0,1,0,,,,,,,,,,,,,3,1,2,-1,0.333333333,0.666666667,-0.621747289,-0.621747289,0,,-0.456132877,-0.456132877,0.37554922,0.37554922,0,,0,,0,,-0.702330946,-0.702330946,-0.234110315
11/05/2013,,,,,0,,,,,0,1,1,0,1,0,1,0,,,,,,,,,,,,,2,1,1,0,0.5,0.5,0,,0,,-0.410519589,-0.410519589,0.337994298,0.337994298,0,,0,,0,,-0.072525291,-0.072525291,-0.036262646
12/05/2013,1,0,1,0,0,,,,,0,1,1,0,1,0,1,0,,,,,,,,,,,,,3,2,1,1,0.666666667,0.333333333,0.44042744,0.44042744,0,,-0.36946763,-0.36946763,0.304194868,0.304194868,0,,0,,0,,0.375154678,0.375154678,0.125051559
13/05/2013,1,0,1,0,0,,,,,0,1,1,0,1,1,2,0,,,,,,,,,,,,,3,2,2,0,0.5,0.5,0.396384696,0.396384696,0,,-0.332520867,-0.332520867,-0.226224619,-0.226224619,0,,0,,0,,-0.16236079,-0.16236079,-0.054120263
14/05/2013,,,,,0,,,,,0,1,1,0,1,0,1,0,,,,,,,,,,,,,2,1,1,0,0.5,0.5,0,,0,,-0.299268781,-0.299268781,0.296397843,0.296397843,0,,0,,0,,-0.002870937,-0.002870937,-0.001435469
15/05/2013,,,,,0,,,,,0,1,1,0,0,1,1,0,,,,,,,,,,,,,2,0,2,-2,0,1,0,,0,,-0.269341903,-0.269341903,-0.733241941,-0.733241941,0,,0,,0,,-1.002583844,-1.002583844,-0.501291922
16/05/2013,0,1,1,0,0,,,,,1,0,1,0,0,1,1,0,,,,,,,,,,,,,3,1,2,-1,0.333333333,0.666666667,-0.643253773,-0.643253773,0,,0.757592288,0.757592288,-0.659917747,-0.659917747,0,,0,,0,,-0.545579233,-0.545579233,-0.181859744
17/05/2013,,,,,0,,,,,1,0,1,0,1,0,1,0,,,,,,,,,,,,,2,2,0,2,1,0,0,,0,,0.681833059,0.681833059,0.406074028,0.406074028,0,,0,,0,,1.087907087,1.087907087,0.543953543
18/05/2013,,,,,0,,,,,0,1,1,0,1,0,1,0,,,,,,,,,,,,,2,1,1,0,0.5,0.5,0,,0,,-0.386350247,-0.386350247,0.365466625,0.365466625,0,,0,,0,,-0.020883622,-0.020883622,-0.010441811
19/05/2013,0,1,1,0,0,,,,,1,0,1,0,,,,,,,,,,,,,,,,,2,1,1,0,0.5,0.5,-0.578928396,-0.578928396,0,,0.652284778,0.652284778,0,,0,,0,,0,,0.073356382,0.073356382,0.036678191
20/05/2013,,,,,0,,,,,0,1,1,0,1,0,1,0,,,,,,,,,,,,,2,1,1,0,0.5,0.5,0,,0,,-0.4129437,-0.4129437,0.328919962,0.328919962,0,,0,,0,,-0.084023738,-0.084023738,-0.042011869
21/05/2013,0,1,1,0,0,,,,,0,1,1,0,0,1,1,0,,,,,,,,,,,,,3,0,3,-3,0,1,-0.521035556,-0.521035556,0,,-0.37164933,-0.37164933,-0.703972034,-0.703972034,0,,0,,0,,-1.59665692,-1.59665692,-0.532218973
22/05/2013,,,,,0,,,,,0,1,1,0,0,1,1,0,,,,,,,,,,,,,2,0,2,-2,0,1,0,,0,,-0.334484397,-0.334484397,-0.63357483,-0.63357483,0,,0,,0,,-0.968059227,-0.968059227,-0.484029614
23/05/2013,1,0,1,0,0,,,,,,,,,,,,,,,,,,,,,,,,,1,1,0,1,1,0,0.531067999,0.531067999,0,,0,,0,,0,,0,,0,,0.531067999,0.531067999,0.531067999
24/05/2013,,,,,0,,,,,0,1,1,0,1,0,1,0,,,,,,,,,,,,,2,1,1,0,0.5,0.5,0,,0,,-0.301035957,-0.301035957,0.429782653,0.429782653,0,,0,,0,,0.128746695,0.128746695,0.064373348
25/05/2013,0,1,1,0,0,,,,,0,1,1,0,1,0,1,0,,,,,,,,,,,,,3,1,2,-1,0.333333333,0.666666667,-0.522038801,-0.522038801,0,,-0.270932362,-0.270932362,0.386804387,0.386804387,0,,0,,0,,-0.406166775,-0.406166775,-0.135388925
26/05/2013,,,,,0,,,,,1,0,1,0,0,1,1,0,,,,,,,,,,,,,2,1,1,0,0.5,0.5,0,,0,,0.756160875,0.756160875,-0.651876051,-0.651876051,0,,0,,0,,0.104284823,0.104284823,0.052142412
27/05/2013,,,,,0,,,,,1,0,1,0,0,1,1,0,,,,,,,,,,,,,2,1,1,0,0.5,0.5,0,,0,,0.680544787,0.680544787,-0.586688446,-0.586688446,0,,0,,0,,0.093856341,0.093856341,0.04692817
28/05/2013,,,,,0,,,,,1,0,1,0,0,1,1,0,,,,,,,,,,,,,2,1,1,0,0.5,0.5,0,,0,,0.612490308,0.612490308,-0.528019602,-0.528019602,0,,0,,0,,0.084470707,0.084470707,0.042235353
29/05/2013,,,,,0,,,,,1,0,1,0,0,1,1,0,,,,,,,,,,,,,2,1,1,0,0.5,0.5,0,,0,,0.551241278,0.551241278,-0.475217641,-0.475217641,0,,0,,0,,0.076023636,0.076023636,0.038011818
30/05/2013,,,,,0,,,,,1,0,1,0,0,1,1,0,,,,,,,,,,,,,2,1,1,0,0.5,0.5,0,,0,,0.49611715,0.49611715,-0.427695877,-0.427695877,0,,0,,0,,0.068421272,0.068421272,0.034210636
31/05/2013,,,,,0,,,,,0,1,1,0,1,0,1,0,,,,,,,,,,,,,2,1,1,0,0.5,0.5,0,,0,,-0.553494565,-0.553494565,0.61507371,0.61507371,0,,0,,0,,0.061579145,0.061579145,0.030789573
01/06/2013,,,,,0,,,,,0,1,1,0,0,1,1,0,,,,,,,,,,,,,2,0,2,-2,0,1,0,,0,,-0.498145109,-0.498145109,-0.446433661,-0.446433661,0,,0,,0,,-0.944578769,-0.944578769,-0.472289385
02/06/2013,,,,,0,,,,,0,1,1,0,0,1,1,0,,,,,,,,,,,,,2,0,2,-2,0,1,0,,0,,-0.448330598,-0.448330598,-0.401790295,-0.401790295,0,,0,,0,,-0.850120892,-0.850120892,-0.425060446
03/06/2013,,,,,0,,,,,,,,,1,0,1,0,,,,,,,,,,,,,1,1,0,1,1,0,0,,0,,0,,0.638388735,0.638388735,0,,0,,0,,0.638388735,0.638388735,0.638388735
04/06/2013,,,,,0,,,,,0,1,1,0,1,0,1,0,,,,,,,,,,,,,2,1,1,0,0.5,0.5,0,,0,,-0.403497538,-0.403497538,0.574549861,0.574549861,0,,0,,0,,0.171052323,0.171052323,0.085526162
05/06/2013,,,,,0,,,,,1,0,1,0,1,0,1,0,,,,,,,,,,,,,2,2,0,2,1,0,0,,0,,0.636852216,0.636852216,0.517094875,0.517094875,0,,0,,0,,1.153947091,1.153947091,0.576973546
06/06/2013,,,,,0,,,,,,,,,1,0,1,0,,,,,,,,,,,,,1,1,0,1,1,0,0,,0,,0,,0.465385388,0.465385388,0,,0,,0,,0.465385388,0.465385388,0.465385388
07/06/2013,,,,,0,,,,,,,,,0,1,1,0,,,,,,,,,,,,,1,0,1,-1,0,1,0,,0,,0,,-0.581153151,-0.581153151,0,,0,,0,,-0.581153151,-0.581153151,-0.581153151
08/06/2013,,,,,0,,,,,0,1,1,0,1,0,1,0,,,,,,,,,,,,,2,1,1,0,0.5,0.5,0,,0,,-0.426833006,-0.426833006,0.476962164,0.476962164,0,,0,,0,,0.050129158,0.050129158,0.025064579
09/06/2013,,,,,0,,,,,0,1,1,0,1,0,1,0,,,,,,,,,,,,,2,1,1,0,0.5,0.5,0,,0,,-0.384149705,-0.384149705,0.429265948,0.429265948,0,,0,,0,,0.045116242,0.045116242,0.022558121
10/06/2013,,,,,0,,,,,,,,,,,,,,,,,,,,,,,,,0,0,0,0,,,0,,0,,0,,0,,0,,0,,0,,,0,
11/06/2013,,,,,0,,,,,0,1,1,0,0,1,1,0,,,,,,,,,,,,,2,0,2,-2,0,1,0,,0,,-0.345734735,-0.345734735,-0.613660647,-0.613660647,0,,0,,0,,-0.959395382,-0.959395382,-0.479697691
12/06/2013,,,,,0,,,,,1,0,1,0,0,1,1,0,,,,,,,,,,,,,2,1,1,0,0.5,0.5,0,,0,,0.688838739,0.688838739,-0.552294582,-0.552294582,0,,0,,0,,0.136544156,0.136544156,0.068272078
13/06/2013,,,,,0,,,,,0,1,1,0,0,1,1,0,,,,,,,,,,,,,2,0,2,-2,0,1,0,,0,,-0.380045135,-0.380045135,-0.497065124,-0.497065124,0,,0,,0,,-0.877110259,-0.877110259,-0.43855513
14/06/2013,,,,,0,,,,,0,1,1,0,0,1,1,0,,,,,,,,,,,,,2,0,2,-2,0,1,0,,0,,-0.342040622,-0.342040622,-0.447358612,-0.447358612,0,,0,,0,,-0.789399233,-0.789399233,-0.394699617
15/06/2013,,,,,0,,,,,0,1,1,0,0,1,1,0,,,,,,,,,,,,,2,0,2,-2,0,1,0,,0,,-0.307836559,-0.307836559,-0.402622751,-0.402622751,0,,0,,0,,-0.71045931,-0.71045931,-0.355229655
16/06/2013,,,,,0,,,,,1,0,1,0,1,0,1,0,,,,,,,,,,,,,2,2,0,2,1,0,0,,0,,0.722947097,0.722947097,0.637639524,0.637639524,0,,0,,0,,1.360586621,1.360586621,0.680293311
17/06/2013,,,,,0,,,,,0,1,1,0,,,,,,,,,,,,,,,,,1,0,1,-1,0,1,0,,0,,-0.349347613,-0.349347613,0,,0,,0,,0,,-0.349347613,-0.349347613,-0.349347613
18/06/2013,,,,,0,,,,,2,0,2,0,,,,,,,,,,,,,,,,,1,2,0,2,1,0,0,,0,,0.685587148,0.685587148,0,,0,,0,,0,,0.685587148,0.685587148,0.685587148
19/06/2013,,,,,0,,,,,0,1,1,0,1,1,2,0,,,,,,,,,,,,,2,1,2,-1,0.333333333,0.666666667,0,,0,,-0.382971567,-0.382971567,0.073875572,0.073875572,0,,0,,0,,-0.309095995,-0.309095995,-0.154547997
20/06/2013,,,,,0,,,,,1,0,1,0,0,1,1,0,,,,,,,,,,,,,2,1,1,0,0.5,0.5,0,,0,,0.65532559,0.65532559,-0.433511985,-0.433511985,0,,0,,0,,0.221813605,0.221813605,0.110906802
21/06/2013,,,,,0,,,,,1,0,1,0,1,0,1,0,,,,,,,,,,,,,2,2,0,2,1,0,0,,0,,0.589793031,0.589793031,0.609839213,0.609839213,0,,0,,0,,1.199632244,1.199632244,0.599816122
22/06/2013,,,,,0,,,,,0,1,1,0,1,0,1,0,,,,,,,,,,,,,2,1,1,0,0.5,0.5,0,,0,,-0.469186272,-0.469186272,0.548855292,0.548855292,0,,0,,0,,0.07966902,0.07966902,0.03983451
23/06/2013,,,,,0,,,,,1,0,1,0,0,1,1,0,,,,,,,,,,,,,2,1,1,0,0.5,0.5,0,,0,,0.577732355,0.577732355,-0.506030237,-0.506030237,0,,0,,0,,0.071702118,0.071702118,0.035851059
24/06/2013,,,,,0,,,,,,,,,,,,,,,,,,,,,,,,,0,0,0,0,,,0,,0,,0,,0,,0,,0,,0,,,0,
25/06/2013,,,,,0,,,,,0,1,1,0,1,0,1,0,,,,,,,,,,,,,2,1,1,0,0.5,0.5,0,,0,,-0.48004088,-0.48004088,0.544572787,0.544572787,0,,0,,0,,0.064531906,0.064531906,0.032265953
26/06/2013,,,,,0,,,,,1,0,1,0,0,1,1,0,,,,,,,,,,,,,2,1,1,0,0.5,0.5,0,,0,,0.567963208,0.567963208,-0.509884492,-0.509884492,0,,0,,0,,0.058078716,0.058078716,0.029039358
27/06/2013,,,,,0,,,,,1,0,1,0,0,1,1,0,,,,,,,,,,,,,2,1,1,0,0.5,0.5,0,,0,,0.511166887,0.511166887,-0.458896043,-0.458896043,0,,0,,0,,0.052270844,0.052270844,0.026135422
28/06/2013,,,,,0,,,,,0,1,1,0,0,1,1,0,,,,,,,,,,,,,2,0,2,-2,0,1,0,,0,,-0.539949802,-0.539949802,-0.413006439,-0.413006439,0,,0,,0,,-0.95295624,-0.95295624,-0.47647812
29/06/2013,,,,,0,,,,,1,0,1,0,0,1,1,0,,,,,,,,,,,,,2,1,1,0,0.5,0.5,0,,0,,0.514045178,0.514045178,-0.371705795,-0.371705795,0,,0,,0,,0.142339384,0.142339384,0.071169692
30/06/2013,,,,,0,,,,,0,1,1,0,0,1,1,0,,,,,,,,,,,,,2,0,2,-2,0,1,0,,0,,-0.537359339,-0.537359339,-0.334535215,-0.334535215,0,,0,,0,,-0.871894555,-0.871894555,-0.435947277
01/07/2013,,,,,0,,,,,1,0,1,0,1,0,1,0,,,,,,,,,,,,,2,2,0,2,1,0,0,,0,,0.516376594,0.516376594,0.698918306,0.698918306,0,,0,,0,,1.215294901,1.215294901,0.60764745
02/07/2013,,,,,0,,,,,1,0,1,0,1,0,1,0,,,,,,,,,,,,,2,2,0,2,1,0,0,,0,,0.464738935,0.464738935,0.629026476,0.629026476,0,,0,,0,,1.093765411,1.093765411,0.546882705
03/07/2013,,,,,0,,,,,0,1,1,0,1,0,1,0,,,,,,,,,,,,,2,1,1,0,0.5,0.5,0,,0,,-0.581734958,-0.581734958,0.566123828,0.566123828,0,,0,,0,,-0.01561113,-0.01561113,-0.007805565
04/07/2013,,,,,0,,,,,0,1,1,0,1,0,1,0,,,,,,,,,,,,,2,1,1,0,0.5,0.5,0,,0,,-0.523561463,-0.523561463,0.509511445,0.509511445,0,,0,,0,,-0.014050017,-0.014050017,-0.007025009
05/07/2013,,,,,0,,,,,1,0,1,0,1,0,1,0,,,,,,,,,,,,,2,2,0,2,1,0,0,,0,,0.528794684,0.528794684,0.458560301,0.458560301,0,,0,,0,,0.987354984,0.987354984,0.493677492
06/07/2013,,,,,0,,,,,0,1,1,0,1,0,1,0,,,,,,,,,,,,,2,1,1,0,0.5,0.5,0,,0,,-0.524084785,-0.524084785,0.412704271,0.412704271,0,,0,,0,,-0.111380514,-0.111380514,-0.055690257
07/07/2013,,,,,0,,,,,1,0,1,0,0,1,1,0,,,,,,,,,,,,,2,1,1,0,0.5,0.5,0,,0,,0.528323694,0.528323694,-0.628566156,-0.628566156,0,,0,,0,,-0.100242463,-0.100242463,-0.050121231
08/07/2013,,,,,0,,,,,1,0,1,0,0,1,1,0,,,,,,,,,,,,,2,1,1,0,0.5,0.5,0,,0,,0.475491324,0.475491324,-0.565709541,-0.565709541,0,,0,,0,,-0.090218216,-0.090218216,-0.045109108
09/07/2013,,,,,0,,,,,1,0,1,0,0,1,1,0,,,,,,,,,,,,,2,1,1,0,0.5,0.5,0,,0,,0.427942192,0.427942192,-0.509138587,-0.509138587,0,,0,,0,,-0.081196395,-0.081196395,-0.040598197
10/07/2013,,,,,0,,,,,1,0,1,0,1,0,1,0,,,,,,,,,,,,,2,2,0,2,1,0,0,,0,,0.385147973,0.385147973,0.541775272,0.541775272,0,,0,,0,,0.926923245,0.926923245,0.463461622
11/07/2013,,,,,0,,,,,,,,,1,0,1,0,,,,,,,,,,,,,1,1,0,1,1,0,0,,0,,0,,0.487597745,0.487597745,0,,0,,0,,0.487597745,0.487597745,0.487597745
12/07/2013,,,,,0,,,,,0,1,1,0,1,0,1,0,,,,,,,,,,,,,2,1,1,0,0.5,0.5,0,,0,,-0.653366825,-0.653366825,0.43883797,0.43883797,0,,0,,0,,-0.214528854,-0.214528854,-0.107264427
13/07/2013,,,,,0,,,,,0,1,1,0,0,1,1,0,,,,,,,,,,,,,2,0,2,-2,0,1,0,,0,,-0.588030142,-0.588030142,-0.605045827,-0.605045827,0,,0,,0,,-1.193075969,-1.193075969,-0.596537984
14/07/2013,,,,,0,,,,,1,0,1,0,0,1,1,0,,,,,,,,,,,,,2,1,1,0,0.5,0.5,0,,0,,0.470772872,0.470772872,-0.544541244,-0.544541244,0,,0,,0,,-0.073768372,-0.073768372,-0.036884186
15/07/2013,,,,,0,,,,,,,,,,,,,,,,,,,,,,,,,0,0,0,0,,,0,,0,,0,,0,,0,,0,,0,,,0,
16/07/2013,,,,,0,,,,,,,,,,,,,,,,,,,,,,,,,0,0,0,0,,,0,,0,,0,,0,,0,,0,,0,,,0,
17/07/2013,,,,,0,,,,,,,,,,,,,,,,,,,,,,,,,0,0,0,0,,,0,,0,,0,,0,,0,,0,,0,,,0,
18/07/2013,,,,,0,,,,,,,,,,,,,,,,,,,,,,,,,0,0,0,0,,,0,,0,,0,,0,,0,,0,,0,,,0,
19/07/2013,,,,,0,,,,,0,1,1,0,0,1,1,0,,,,,,,,,,,,,2,0,2,-2,0,1,0,,0,,-0.576304415,-0.576304415,-0.49008712,-0.49008712,0,,0,,0,,-1.066391535,-1.066391535,-0.533195767
20/07/2013,,,,,0,,,,,1,0,1,0,1,0,1,0,,,,,,,,,,,,,2,2,0,2,1,0,0,,0,,0.481326026,0.481326026,0.558921592,0.558921592,0,,0,,0,,1.040247619,1.040247619,0.520123809
21/07/2013,,,,,0,,,,,1,0,1,0,0,1,1,0,,,,,,,,,,,,,2,1,1,0,0.5,0.5,0,,0,,0.433193424,0.433193424,-0.496970567,-0.496970567,0,,0,,0,,-0.063777143,-0.063777143,-0.031888572
22/07/2013,,,,,0,,,,,0,1,1,0,0,1,1,0,,,,,,,,,,,,,2,0,2,-2,0,1,0,,0,,-0.610125919,-0.610125919,-0.44727351,-0.44727351,0,,0,,0,,-1.057399429,-1.057399429,-0.528699714
23/07/2013,,,,,0,,,,,1,0,1,0,1,0,1,0,,,,,,,,,,,,,2,2,0,2,1,0,0,,0,,0.450886673,0.450886673,0.597453841,0.597453841,0,,0,,0,,1.048340514,1.048340514,0.524170257
24/07/2013,,,,,0,,,,,0,1,1,0,0,1,1,0,,,,,,,,,,,,,2,0,2,-2,0,1,0,,0,,-0.594201994,-0.594201994,-0.462291543,-0.462291543,0,,0,,0,,-1.056493537,-1.056493537,-0.528246769
25/07/2013,,,,,0,,,,,1,0,1,0,1,0,1,0,,,,,,,,,,,,,2,2,0,2,1,0,0,,0,,0.465218205,0.465218205,0.583937611,0.583937611,0,,0,,0,,1.049155816,1.049155816,0.524577908
26/07/2013,,,,,0,,,,,1,1,2,0,0,1,1,0,,,,,,,,,,,,,2,1,2,-1,0.333333333,0.666666667,0,,0,,-0.081303615,-0.081303615,-0.47445615,-0.47445615,0,,0,,0,,-0.555759765,-0.555759765,-0.277879883
27/07/2013,,,,,0,,,,,0,1,1,0,0,1,1,0,,,,,,,,,,,,,2,0,2,-2,0,1,0,,0,,-0.573173254,-0.573173254,-0.427010535,-0.427010535,0,,0,,0,,-1.000183789,-1.000183789,-0.500091894
28/07/2013,,,,,0,,,,,0,1,1,0,1,0,1,0,,,,,,,,,,,,,2,1,1,0,0.5,0.5,0,,0,,-0.515855928,-0.515855928,0.615690518,0.615690518,0,,0,,0,,0.09983459,0.09983459,0.049917295
29/07/2013,,,,,0,,,,,1,0,1,0,,,,,,,,,,,,,,,,,1,1,0,1,1,0,0,,0,,0.535729665,0.535729665,0,,0,,0,,0,,0.535729665,0.535729665,0.535729665
30/07/2013,,,,,0,,,,,1,0,1,0,0,1,1,0,,,,,,,,,,,,,2,1,1,0,0.5,0.5,0,,0,,0.482156698,0.482156698,-0.445878533,-0.445878533,0,,0,,0,,0.036278165,0.036278165,0.018139082
31/07/2013,,,,,0,,,,,0,1,1,0,1,0,1,0,,,,,,,,,,,,,2,1,1,0,0.5,0.5,0,,0,,-0.566058972,-0.566058972,0.59870932,0.59870932,0,,0,,0,,0.032650348,0.032650348,0.016325174
01/08/2013,,,,,0,,,,,0,1,1,0,,,,,,,,,,,,,,,,,1,0,1,-1,0,1,0,,0,,-0.509453075,-0.509453075,0,,0,,0,,0,,-0.509453075,-0.509453075,-0.509453075
02/08/2013,,,,,0,,,,,1,0,1,0,0,1,1,0,,,,,,,,,,,,,2,1,1,0,0.5,0.5,0,,0,,0.541492233,0.541492233,-0.461161612,-0.461161612,0,,0,,0,,0.080330621,0.080330621,0.04016531
03/08/2013,,,,,0,,,,,0,1,1,0,1,0,1,0,,,,,,,,,,,,,2,1,1,0,0.5,0.5,0,,0,,-0.51265699,-0.51265699,0.584954549,0.584954549,0,,0,,0,,0.072297559,0.072297559,0.036148779
04/08/2013,,,,,0,,,,,0,1,1,0,0,1,1,0,,,,,,,,,,,,,2,0,2,-2,0,1,0,,0,,-0.461391291,-0.461391291,-0.473540906,-0.473540906,0,,0,,0,,-0.934932197,-0.934932197,-0.467466099
05/08/2013,,,,,0,,,,,,,,,0,1,1,0,,,,,,,,,,,,,1,0,1,-1,0,1,0,,0,,0,,-0.426186815,-0.426186815,0,,0,,0,,-0.426186815,-0.426186815,-0.426186815
06/08/2013,,,,,0,,,,,1,0,1,0,0,1,1,0,,,,,,,,,,,,,2,1,1,0,0.5,0.5,0,,0,,0.584747838,0.584747838,-0.383568134,-0.383568134,0,,0,,0,,0.201179704,0.201179704,0.100589852
07/08/2013,,,,,0,,,,,1,0,1,0,0,1,1,0,,,,,,,,,,,,,2,1,1,0,0.5,0.5,0,,0,,0.526273054,0.526273054,-0.34521132,-0.34521132,0,,0,,0,,0.181061734,0.181061734,0.090530867
08/08/2013,,,,,0,,,,,1,0,1,0,,,,,,,,,,,,,,,,,1,1,0,1,1,0,0,,0,,0.473645749,0.473645749,0,,0,,0,,0,,0.473645749,0.473645749,0.473645749
09/08/2013,,,,,0,,,,,0,1,1,0,1,0,1,0,,,,,,,,,,,,,2,1,1,0,0.5,0.5,0,,0,,-0.573718826,-0.573718826,0.689309812,0.689309812,0,,0,,0,,0.115590985,0.115590985,0.057795493
10/08/2013,,,,,0,,,,,1,0,1,0,0,1,1,0,,,,,,,,,,,,,2,1,1,0,0.5,0.5,0,,0,,0.483653056,0.483653056,-0.379621169,-0.379621169,0,,0,,0,,0.104031887,0.104031887,0.052015943
11/08/2013,,,,,0,,,,,1,0,1,0,1,0,1,0,,,,,,,,,,,,,2,2,0,2,1,0,0,,0,,0.435287751,0.435287751,0.658340948,0.658340948,0,,0,,0,,1.093628698,1.093628698,0.546814349
12/08/2013,,,,,0,,,,,0,1,1,0,1,0,1,0,,,,,,,,,,,,,2,1,1,0,0.5,0.5,0,,0,,-0.608241024,-0.608241024,0.592506853,0.592506853,0,,0,,0,,-0.015734172,-0.015734172,-0.007867086
13/08/2013,,,,,0,,,,,0,1,1,0,1,0,1,0,,,,,,,,,,,,,2,1,1,0,0.5,0.5,0,,0,,-0.547416922,-0.547416922,0.533256167,0.533256167,0,,0,,0,,-0.014160754,-0.014160754,-0.007080377
14/08/2013,,,,,0,,,,,0,1,1,0,1,0,1,0,,,,,,,,,,,,,2,1,1,0,0.5,0.5,0,,0,,-0.49267523,-0.49267523,0.479930551,0.479930551,0,,0,,0,,-0.012744679,-0.012744679,-0.006372339
15/08/2013,,,,,0,,,,,1,0,1,0,0,1,1,0,,,,,,,,,,,,,2,1,1,0,0.5,0.5,0,,0,,0.556592293,0.556592293,-0.568062504,-0.568062504,0,,0,,0,,-0.011470211,-0.011470211,-0.005735106
16/08/2013,,,,,0,,,,,1,0,1,0,1,0,1,0,,,,,,,,,,,,,2,2,0,2,1,0,0,,0,,0.500933064,0.500933064,0.488743746,0.488743746,0,,0,,0,,0.98967681,0.98967681,0.494838405
17/08/2013,,,,,0,,,,,0,1,1,0,0,1,1,0,,,,,,,,,,,,,2,0,2,-2,0,1,0,,0,,-0.549160242,-0.549160242,-0.560130629,-0.560130629,0,,0,,0,,-1.109290871,-1.109290871,-0.554645435
18/08/2013,,,,,0,,,,,0,1,1,0,1,0,1,0,,,,,,,,,,,,,2,1,1,0,0.5,0.5,0,,0,,-0.494244218,-0.494244218,0.495882434,0.495882434,0,,0,,0,,0.001638216,0.001638216,0.000819108
19/08/2013,,,,,0,,,,,1,0,1,0,,,,,,,,,,,,,,,,,1,1,0,1,1,0,0,,0,,0.555180204,0.555180204,0,,0,,0,,0,,0.555180204,0.555180204,0.555180204
20/08/2013,,,,,0,,,,,1,0,1,0,2,0,2,0,,,,,,,,,,,,,2,3,0,3,1,0,0,,0,,0.499662183,0.499662183,0.446294191,0.446294191,0,,0,,0,,0.945956374,0.945956374,0.472978187
21/08/2013,,,,,0,,,,,0,1,1,0,1,0,1,0,,,,,,,,,,,,,2,1,1,0,0.5,0.5,0,,0,,-0.550304035,-0.550304035,0.401664772,0.401664772,0,,0,,0,,-0.148639263,-0.148639263,-0.074319632
22/08/2013,,,,,0,,,,,,,,,1,0,1,0,,,,,,,,,,,,,1,1,0,1,1,0,0,,0,,0,,0.361498295,0.361498295,0,,0,,0,,0.361498295,0.361498295,0.361498295
23/08/2013,,,,,0,,,,,0,1,1,0,0,1,1,0,,,,,,,,,,,,,2,0,2,-2,0,1,0,,0,,-0.495273632,-0.495273632,-0.674651535,-0.674651535,0,,0,,0,,-1.169925166,-1.169925166,-0.584962583
24/08/2013,,,,,0,,,,,0,1,1,0,0,1,1,0,,,,,,,,,,,,,2,0,2,-2,0,1,0,,0,,-0.445746268,-0.445746268,-0.607186381,-0.607186381,0,,0,,0,,-1.05293265,-1.05293265,-0.526466325
25/08/2013,,,,,0,,,,,0,1,1,0,1,0,1,0,,,,,,,,,,,,,2,1,1,0,0.5,0.5,0,,0,,-0.401171642,-0.401171642,0.453532257,0.453532257,0,,0,,0,,0.052360615,0.052360615,0.026180308
26/08/2013,,,,,0,,,,,0,1,1,0,0,1,1,0,,,,,,,,,,,,,2,0,2,-2,0,1,0,,0,,-0.361054477,-0.361054477,-0.591820969,-0.591820969,0,,0,,0,,-0.952875446,-0.952875446,-0.476437723
27/08/2013,,,,,0,,,,,1,0,1,0,1,0,1,0,,,,,,,,,,,,,2,2,0,2,1,0,0,,0,,0.67505097,0.67505097,0.467361128,0.467361128,0,,0,,0,,1.142412098,1.142412098,0.571206049
28/08/2013,,,,,0,,,,,0,1,1,0,0,1,1,0,,,,,,,,,,,,,2,0,2,-2,0,1,0,,0,,-0.392454127,-0.392454127,-0.579374985,-0.579374985,0,,0,,0,,-0.971829112,-0.971829112,-0.485914556
29/08/2013,,,,,0,,,,,1,0,1,0,,,,,,,,,,,,,,,,,1,1,0,1,1,0,0,,0,,0.646791286,0.646791286,0,,0,,0,,0,,0.646791286,0.646791286,0.646791286
30/08/2013,,,,,0,,,,,1,0,1,0,1,0,1,0,,,,,,,,,,,,,2,2,0,2,1,0,0,,0,,0.582112157,0.582112157,0.478562514,0.478562514,0,,0,,0,,1.060674671,1.060674671,0.530337336
31/08/2013,,,,,0,,,,,1,0,1,0,1,0,1,0,,,,,,,,,,,,,2,2,0,2,1,0,0,,0,,0.523900942,0.523900942,0.430706262,0.430706262,0,,0,,0,,0.954607204,0.954607204,0.477303602
01/09/2013,,,,,0,,,,,0,1,1,0,0,1,1,0,,,,,,,,,,,,,2,0,2,-2,0,1,0,,0,,-0.528489153,-0.528489153,-0.612364364,-0.612364364,0,,0,,0,,-1.140853516,-1.140853516,-0.570426758
02/09/2013,,,,,0,,,,,0,1,1,0,1,0,1,0,,,,,,,,,,,,,2,1,1,0,0.5,0.5,0,,0,,-0.475640237,-0.475640237,0.448872072,0.448872072,0,,0,,0,,-0.026768165,-0.026768165,-0.013384082
03/09/2013,,,,,0,,,,,0,1,1,0,1,0,1,0,,,,,,,,,,,,,2,1,1,0,0.5,0.5,0,,0,,-0.428076214,-0.428076214,0.403984865,0.403984865,0,,0,,0,,-0.024091348,-0.024091348,-0.012045674
04/09/2013,,,,,0,,,,,1,0,1,0,1,0,1,0,,,,,,,,,,,,,2,2,0,2,1,0,0,,0,,0.614731408,0.614731408,0.363586379,0.363586379,0,,0,,0,,0.978317787,0.978317787,0.489158893
05/09/2013,,,,,0,,,,,,,,,0,1,1,0,,,,,,,,,,,,,1,0,1,-1,0,1,0,,0,,0,,-0.672772259,-0.672772259,0,,0,,0,,-0.672772259,-0.672772259,-0.672772259
06/09/2013,,,,,0,,,,,0,1,1,0,0,1,1,0,,,,,,,,,,,,,2,0,2,-2,0,1,0,,0,,-0.446741733,-0.446741733,-0.605495033,-0.605495033,0,,0,,0,,-1.052236766,-1.052236766,-0.526118383
07/09/2013,,,,,0,,,,,0,1,1,0,0,1,1,0,,,,,,,,,,,,,2,0,2,-2,0,1,0,,0,,-0.40206756,-0.40206756,-0.54494553,-0.54494553,0,,0,,0,,-0.94701309,-0.94701309,-0.473506545
08/09/2013,,,,,0,,,,,1,0,1,0,1,0,1,0,0,1,1,0,1,0,1,0,,,,,4,3,1,2,0.75,0.25,0,,0,,0.638139196,0.638139196,0.509549023,0.509549023,-0.5,-0.5,0.5,0.5,0,,1.147688219,1.147688219,0.286922055
09/09/2013,,,,,0,,,,,0,1,1,0,0,1,1,0,,,,,,,,,,,,,2,0,2,-2,0,1,0,,0,,-0.425674723,-0.425674723,-0.541405879,-0.541405879,0,,0,,0,,-0.967080603,-0.967080603,-0.483540301
10/09/2013,,,,,0,,,,,0,1,1,0,1,0,1,0,,,,,,,,,,,,,2,1,1,0,0.5,0.5,0,,0,,-0.383107251,-0.383107251,0.512734709,0.512734709,0,,0,,0,,0.129627458,0.129627458,0.064813729
11/09/2013,,,,,0,,,,,0,1,1,0,1,0,1,0,,,,,,,,,,,,,2,1,1,0,0.5,0.5,0,,0,,-0.344796526,-0.344796526,0.461461238,0.461461238,0,,0,,0,,0.116664712,0.116664712,0.058332356
12/09/2013,,,,,0,,,,,0,1,1,0,1,0,1,0,,,,,0,1,1,0,,,,,3,1,2,-1,0.333333333,0.666666667,0,,0,,-0.310316873,-0.310316873,0.415315114,0.415315114,0,,-0.55,-0.55,0,,-0.445001759,-0.445001759,-0.14833392
13/09/2013,,,,,0,,,,,1,0,1,0,0,1,1,0,,,,,,,,,,,,,2,1,1,0,0.5,0.5,0,,0,,0.720714814,0.720714814,-0.626216397,-0.626216397,0,,0,,0,,0.094498417,0.094498417,0.047249208
14/09/2013,,,,,0,,,,,1,1,2,0,0,1,1,0,,,,,,,,,,,,,2,1,2,-1,0.333333333,0.666666667,0,,0,,0.148643333,0.148643333,-0.563594758,-0.563594758,0,,0,,0,,-0.414951425,-0.414951425,-0.207475713
15/09/2013,,,,,0,,,,,1,0,1,0,0,1,1,0,0,1,1,0,,,,,,,,,3,1,2,-1,0.333333333,0.666666667,0,,0,,0.633778999,0.633778999,-0.507235282,-0.507235282,-0.45,-0.45,0,,0,,-0.323456283,-0.323456283,-0.107818761
16/09/2013,,,,,0,,,,,,,,,,,,,,,,,,,,,,,,,0,0,0,0,,,0,,0,,0,,0,,0,,0,,0,,,0,
17/09/2013,,,,,0,,,,,0,1,1,0,0,1,1,0,,,,,,,,,,,,,2,0,2,-2,0,1,0,,0,,-0.429598901,-0.429598901,-0.456511754,-0.456511754,0,,0,,0,,-0.886110654,-0.886110654,-0.443055327
18/09/2013,,,,,0,,,,,1,0,1,0,1,0,1,0,,,,,,,,,,,,,2,2,0,2,1,0,0,,0,,0.613360989,0.613360989,0.589139422,0.589139422,0,,0,,0,,1.202500411,1.202500411,0.601250206
19/09/2013,,,,,0,,,,,0,1,1,0,0,1,1,0,,,,,,,,,,,,,2,0,2,-2,0,1,0,,0,,-0.447975109,-0.447975109,-0.46977452,-0.46977452,0,,0,,0,,-0.91774963,-0.91774963,-0.458874815
20/09/2013,,,,,0,,,,,1,0,1,0,1,0,1,0,,,,,,,,,,,,,2,2,0,2,1,0,0,,0,,0.596822401,0.596822401,0.577202932,0.577202932,0,,0,,0,,1.174025333,1.174025333,0.587012667
21/09/2013,,,,,0,,,,,1,0,1,0,1,0,1,0,,,,,,,,,,,,,2,2,0,2,1,0,0,,0,,0.537140161,0.537140161,0.519482638,0.519482638,0,,0,,0,,1.0566228,1.0566228,0.5283114
22/09/2013,,,,,0,,,,,1,0,1,0,0,1,1,0,0,1,1,0,1,0,1,0,,,,,4,2,2,0,0.5,0.5,0,,0,,0.483426145,0.483426145,-0.532465625,-0.532465625,-0.405,-0.405,0.505,0.505,0,,0.05096052,0.05096052,0.01274013
23/09/2013,,,,,0,,,,,0,1,1,0,,,,,,,,,,,,,,,,,1,0,1,-1,0,1,0,,0,,-0.564916469,-0.564916469,0,,0,,0,,0,,-0.564916469,-0.564916469,-0.564916469
24/09/2013,,,,,0,,,,,1,0,1,0,0,1,1,0,,,,,,,,,,,,,2,1,1,0,0.5,0.5,0,,0,,0.491575178,0.491575178,-0.479219063,-0.479219063,0,,0,,0,,0.012356115,0.012356115,0.006178057
25/09/2013,,,,,0,,,,,1,0,1,0,0,1,1,0,,,,,,,,,,,,,2,1,1,0,0.5,0.5,0,,0,,0.44241766,0.44241766,-0.431297157,-0.431297157,0,,0,,0,,0.011120503,0.011120503,0.005560252
26/09/2013,,,,,0,,,,,0,1,1,0,0,1,1,0,,,,,,,,,,,,,2,0,2,-2,0,1,0,,0,,-0.601824106,-0.601824106,-0.388167441,-0.388167441,0,,0,,0,,-0.989991547,-0.989991547,-0.494995774
27/09/2013,,,,,0,,,,,0,1,1,0,1,0,1,0,,,,,,,,,,,,,2,1,1,0,0.5,0.5,0,,0,,-0.541641696,-0.541641696,0.650649303,0.650649303,0,,0,,0,,0.109007608,0.109007608,0.054503804
28/09/2013,,,,,0,,,,,0,1,1,0,1,0,1,0,,,,,,,,,,,,,2,1,1,0,0.5,0.5,0,,0,,-0.487477526,-0.487477526,0.585584373,0.585584373,0,,0,,0,,0.098106847,0.098106847,0.049053423
29/09/2013,,,,,0,,,,,1,0,1,0,1,0,1,0,0,1,1,0,0,1,1,0,,,,,4,2,2,0,0.5,0.5,0,,0,,0.561270227,0.561270227,0.527025936,0.527025936,-0.3645,-0.3645,-0.5455,-0.5455,0,,0.178296162,0.178296162,0.044574041
30/09/2013,,,,,0,,,,,,,,,,,,,,,,,,,,,,,,,0,0,0,0,,,0,,0,,0,,0,,0,,0,,0,,,0,
01/10/2013,,,,,0,,,,,,,,,,,,,,,,,,,,,,,,,0,0,0,0,,,0,,0,,0,,0,,0,,0,,0,,,0,
02/10/2013,,,,,0,,,,,,,,,,,,,,,,,,,,,,,,,0,0,0,0,,,0,,0,,0,,0,,0,,0,,0,,,0,
03/10/2013,0,1,1,0,0,,,,,,,,,,,,,,,,,,,,,,,,,1,0,1,-1,0,1,-0.5,-0.5,0,,0,,0,,0,,0,,0,,-0.5,-0.5,-0.5
04/10/2013,,,,,0,,,,,,,,,,,,,,,,,,,,,,,,,0,0,0,0,,,0,,0,,0,,0,,0,,0,,0,,,0,
05/10/2013,,,,,0,,,,,,,,,,,,,,,,,,,,,,,,,0,0,0,0,,,0,,0,,0,,0,,0,,0,,0,,,0,
06/10/2013,,,,,0,,,,,,,,,,,,,0,1,1,0,,,,,,,,,1,0,1,-1,0,1,0,,0,,0,,0,,-0.32805,-0.32805,0,,0,,-0.32805,-0.32805,-0.32805
07/10/2013,1,0,1,0,0,,,,,,,,,,,,,,,,,1,0,1,0,,,,,2,2,0,2,1,0,0.55,0.55,0,,0,,0,,0,,0.50905,0.50905,0,,1.05905,1.05905,0.529525
08/10/2013,0,1,1,0,0,,,,,,,,,,,,,,,,,,,,,,,,,1,0,1,-1,0,1,-0.505,-0.505,0,,0,,0,,0,,0,,0,,-0.505,-0.505,-0.505
09/10/2013,,,,,0,,,,,,,,,,,,,,,,,,,,,,,,,0,0,0,0,,,0,,0,,0,,0,,0,,0,,0,,,0,
10/10/2013,0,1,1,0,0,,,,,,,,,,,,,0,1,1,0,,,,,,,,,2,0,2,-2,0,1,-0.4545,-0.4545,0,,0,,0,,-0.295245,-0.295245,0,,0,,-0.749745,-0.749745,-0.3748725
11/10/2013,,,,,0,,,,,,,,,,,,,,,,,,,,,,,,,0,0,0,0,,,0,,0,,0,,0,,0,,0,,0,,,0,
12/10/2013,0,1,1,0,0,,,,,,,,,,,,,,,,,,,,,,,,,1,0,1,-1,0,1,-0.40905,-0.40905,0,,0,,0,,0,,0,,0,,-0.40905,-0.40905,-0.40905
13/10/2013,,,,,0,,,,,,,,,,,,,,,,,0,1,1,0,,,,,1,0,1,-1,0,1,0,,0,,0,,0,,0,,-0.541855,-0.541855,0,,-0.541855,-0.541855,-0.541855
14/10/2013,,,,,0,,,,,,,,,,,,,,,,,,,,,,,,,0,0,0,0,,,0,,0,,0,,0,,0,,0,,0,,,0,
15/10/2013,,,,,0,,,,,,,,,,,,,,,,,,,,,,,,,0,0,0,0,,,0,,0,,0,,0,,0,,0,,0,,,0,
16/10/2013,1,0,1,0,0,,,,,,,,,,,,,,,,,,,,,,,,,1,1,0,1,1,0,0.631855,0.631855,0,,0,,0,,0,,0,,0,,0.631855,0.631855,0.631855
17/10/2013,,,,,0,,,,,,,,,,,,,,,,,,,,,,,,,0,0,0,0,,,0,,0,,0,,0,,0,,0,,0,,,0,
18/10/2013,,,,,0,,,,,,,,,,,,,,,,,,,,,,,,,0,0,0,0,,,0,,0,,0,,0,,0,,0,,0,,,0,
19/10/2013,0,1,1,0,0,,,,,,,,,,,,,,,,,,,,,,,,,1,0,1,-1,0,1,-0.4313305,-0.4313305,0,,0,,0,,0,,0,,0,,-0.4313305,-0.4313305,-0.4313305
20/10/2013,,,,,0,,,,,,,,,,,,,,,,,1,0,1,0,,,,,1,1,0,1,1,0,0,,0,,0,,0,,0,,0.5123305,0.5123305,0,,0.5123305,0.5123305,0.5123305
21/10/2013,,,,,0,,,,,,,,,,,,,1,0,1,0,,,,,,,,,1,1,0,1,1,0,0,,0,,0,,0,,0.7342795,0.7342795,0,,0,,0.7342795,0.7342795,0.7342795
22/10/2013,,,,,0,,,,,,,,,,,,,,,,,,,,,,,,,0,0,0,0,,,0,,0,,0,,0,,0,,0,,0,,,0,
23/10/2013,,,,,0,,,,,,,,,,,,,,,,,,,,,,,,,0,0,0,0,,,0,,0,,0,,0,,0,,0,,0,,,0,
24/10/2013,0,1,1,0,0,,,,,,,,,,,,,,,,,,,,,,,,,1,0,1,-1,0,1,-0.38819745,-0.38819745,0,,0,,0,,0,,0,,0,,-0.38819745,-0.38819745,-0.38819745
25/10/2013,,,,,0,,,,,,,,,,,,,,,,,,,,,,,,,0,0,0,0,,,0,,0,,0,,0,,0,,0,,0,,,0,
26/10/2013,1,0,1,0,0,,,,,,,,,,,,,,,,,,,,,,,,,1,1,0,1,1,0,0.650622295,0.650622295,0,,0,,0,,0,,0,,0,,0.650622295,0.650622295,0.650622295
27/10/2013,,,,,0,,,,,,,,,,,,,1,0,1,0,0,1,1,0,,,,,2,1,1,0,0.5,0.5,0,,0,,0,,0,,0.66085155,0.66085155,-0.53890255,-0.53890255,0,,0.121949,0.121949,0.0609745
28/10/2013,0,1,1,0,0,,,,,,,,,,,,,,,,,,,,,,,,,1,0,1,-1,0,1,-0.414439935,-0.414439935,0,,0,,0,,0,,0,,0,,-0.414439935,-0.414439935,-0.414439935
29/10/2013,1,0,1,0,0,,,,,,,,,,,,,,,,,,,,,,,,,1,1,0,1,1,0,0.627004059,0.627004059,0,,0,,0,,0,,0,,0,,0.627004059,0.627004059,0.627004059
30/10/2013,,,,,0,,,,,,,,,,,,,,,,,,,,,,,,,0,0,0,0,,,0,,0,,0,,0,,0,,0,,0,,,0,
31/10/2013,1,0,1,0,0,,,,,,,,,,,,,,,,,,,,,,,,,1,1,0,1,1,0,0.564303653,0.564303653,0,,0,,0,,0,,0,,0,,0.564303653,0.564303653,0.564303653
01/11/2013,,,,,1,,,,,,,,,,,,,,,,,,,,,1,0,1,0,1,1,0,1,1,0,0,,0,,0,,0,,0,,0,,0.5,0.5,0.5,0.5,0.5
02/11/2013,1,0,1,0,1,,,,,,,,,,,,,,,,,,,,,,,,,1,1,0,1,1,0,0.507873288,0.507873288,0,,0,,0,,0,,0,,0,,0.507873288,0.507873288,0.507873288
03/11/2013,,,,,1,0,1,1,0,,,,,,,,,,,,,1,0,1,0,0,1,1,0,3,1,2,-1,0.333333333,0.666666667,0,,-0.5,-0.5,0,,0,,0,,0.514987705,0.514987705,-0.55,-0.55,-0.535012295,-0.535012295,-0.178337432
04/11/2013,0,1,1,0,1,,,,,,,,,,,,,,,,,,,,,,,,,1,0,1,-1,0,1,-0.542914041,-0.542914041,0,,0,,0,,0,,0,,0,,-0.542914041,-0.542914041,-0.542914041
05/11/2013,,,,,1,0,1,1,0,,,,,,,,,,,,,,,,,1,0,1,0,2,1,1,0,0.5,0.5,0,,-0.45,-0.45,0,,0,,0,,0,,0.505,0.505,0.055,0.055,0.0275
06/11/2013,1,0,1,0,1,,,,,,,,,,,,,,,,,,,,,,,,,1,1,0,1,1,0,0.511377363,0.511377363,0,,0,,0,,0,,0,,0,,0.511377363,0.511377363,0.511377363
07/11/2013,1,0,1,0,1,,,,,,,,,,,,,,,,,,,,,,,,,1,1,0,1,1,0,0.460239627,0.460239627,0,,0,,0,,0,,0,,0,,0.460239627,0.460239627,0.460239627
08/11/2013,,,,,1,1,0,1,0,,,,,,,,,,,,,,,,,0,1,1,0,2,1,1,0,0.5,0.5,0,,0.595,0.595,0,,0,,0,,0,,-0.5455,-0.5455,0.0495,0.0495,0.02475
09/11/2013,,,,,1,,,,,,,,,,,,,,,,,,,,,0,1,1,0,1,0,1,-1,0,1,0,,0,,0,,0,,0,,0,,-0.49095,-0.49095,-0.49095,-0.49095,-0.49095
10/11/2013,1,0,1,0,1,0,1,1,0,,,,,,,,,1,0,1,0,,,,,,,,,3,2,1,1,0.666666667,0.333333333,0.414215664,0.414215664,-0.4645,-0.4645,0,,0,,0.594766395,0.594766395,0,,0,,0.544482059,0.544482059,0.18149402
11/11/2013,,,,,1,,,,,,,,,,,,,,,,,,,,,,,,,0,0,0,0,,,0,,0,,0,,0,,0,,0,,0,,,0,
12/11/2013,0,1,1,0,1,,,,,,,,,,,,,,,,,,,,,,,,,1,0,1,-1,0,1,-0.627205902,-0.627205902,0,,0,,0,,0,,0,,0,,-0.627205902,-0.627205902,-0.627205902
13/11/2013,,,,,1,1,0,1,0,,,,,,,,,,,,,,,,,0,1,1,0,2,1,1,0,0.5,0.5,0,,0.58195,0.58195,0,,0,,0,,0,,-0.441855,-0.441855,0.140095,0.140095,0.0700475
14/11/2013,,,,,1,0,1,1,0,,,,,,,,,,,,,,,,,,,,,1,0,1,-1,0,1,0,,-0.476245,-0.476245,0,,0,,0,,0,,0,,-0.476245,-0.476245,-0.476245
15/11/2013,,,,,1,,,,,,,,,,,,,,,,,,,,,1,0,1,0,1,1,0,1,1,0,0,,0,,0,,0,,0,,0,,0.6023305,0.6023305,0.6023305,0.6023305,0.6023305
16/11/2013,1,0,1,0,1,0,1,1,0,,,,,,,,,,,,,,,,,0,1,1,0,3,1,2,-1,0.333333333,0.666666667,0.435514688,0.435514688,-0.4286205,-0.4286205,0,,0,,0,,0,,-0.45790255,-0.45790255,-0.451008362,-0.451008362,-0.150336121
17/11/2013,0,1,1,0,1,,,,,,,,,,,,,1,0,1,0,0,1,1,0,,,,,3,1,2,-1,0.333333333,0.666666667,-0.608036781,-0.608036781,0,,0,,0,,0.535289756,0.535289756,-0.536511066,-0.536511066,0,,-0.609258091,-0.609258091,-0.20308603
18/11/2013,,,,,1,,,,,,,,,,,,,,,,,,,,,0,1,1,0,1,0,1,-1,0,1,0,,0,,0,,0,,0,,0,,-0.412112295,-0.412112295,-0.412112295,-0.412112295,-0.412112295
19/11/2013,0,1,1,0,1,0,1,1,0,,,,,,,,,,,,,,,,,,,,,2,0,2,-2,0,1,-0.547233103,-0.547233103,-0.38575845,-0.38575845,0,,0,,0,,0,,0,,-0.932991553,-0.932991553,-0.466495776
20/11/2013,,,,,1,0,1,1,0,,,,,,,,,,,,,,,,,0,1,1,0,2,0,2,-2,0,1,0,,-0.347182605,-0.347182605,0,,0,,0,,0,,-0.370901066,-0.370901066,-0.718083671,-0.718083671,-0.359041835
21/11/2013,1,0,1,0,1,,,,,,,,,,,,,,,,,,,,,,,,,1,1,0,1,1,0,0.507490207,0.507490207,0,,0,,0,,0,,0,,0,,0.507490207,0.507490207,0.507490207
22/11/2013,,,,,1,,,,,,,,,,,,,,,,,,,,,0,1,1,0,1,0,1,-1,0,1,0,,0,,0,,0,,0,,0,,-0.333810959,-0.333810959,-0.333810959,-0.333810959,-0.333810959
23/11/2013,1,0,1,0,1,0,1,1,0,,,,,,,,,,,,,,,,,,,,,2,1,1,0,0.5,0.5,0.456741187,0.456741187,-0.312464345,-0.312464345,0,,0,,0,,0,,0,,0.144276842,0.144276842,0.072138421
24/11/2013,,,,,1,,,,,,,,,,,,,0,1,1,0,0,1,1,0,0,1,1,0,3,0,3,-3,0,1,0,,0,,0,,0,,-0.51823922,-0.51823922,-0.482859959,-0.482859959,-0.300429863,-0.300429863,-1.301529042,-1.301529042,-0.433843014
25/11/2013,0,1,1,0,1,0,1,1,0,,,,,,,,,,,,,,,,,,,,,2,0,2,-2,0,1,-0.588932932,-0.588932932,-0.28121791,-0.28121791,0,,0,,0,,0,,0,,-0.870150842,-0.870150842,-0.435075421
26/11/2013,,,,,1,,,,,,,,,,,,,,,,,,,,,1,0,1,0,1,1,0,1,1,0,0,,0,,0,,0,,0,,0,,0.729613123,0.729613123,0.729613123,0.729613123,0.729613123
27/11/2013,1,0,1,0,1,0,1,1,0,,,,,,,,,,,,,,,,,0,1,1,0,3,1,2,-1,0.333333333,0.666666667,0.469960361,0.469960361,-0.253096119,-0.253096119,0,,0,,0,,0,,-0.343348189,-0.343348189,-0.126483947,-0.126483947,-0.042161316
28/11/2013,,,,,1,,,,,,,,,,,,,,,,,,,,,,,,,0,0,0,0,,,0,,0,,0,,0,,0,,0,,0,,,0,
29/11/2013,0,1,1,0,1,0,1,1,0,,,,,,,,,,,,,,,,,0,1,1,0,3,0,3,-3,0,1,-0.577035675,-0.577035675,-0.227786507,-0.227786507,0,,0,,0,,0,,-0.30901337,-0.30901337,-1.113835552,-1.113835552,-0.371278517
30/11/2013,1,0,1,0,1,,,,,,,,,,,,,,,,,,,,,1,0,1,0,2,2,0,2,1,0,0.480667893,0.480667893,0,,0,,0,,0,,0,,0.721887967,0.721887967,1.202555859,1.202555859,0.60127793
01/12/2013,,,,,1,0,1,1,0,,,,,,,,,1,0,1,0,0,1,1,0,,,,,3,1,2,-1,0.333333333,0.666666667,0,,-0.205007856,-0.205007856,0,,0,,0.533584702,0.533584702,-0.434573963,-0.434573963,0,,-0.105997118,-0.105997118,-0.035332373
02/12/2013,0,1,1,0,1,,,,,,,,,,,,,,,,,,,,,,,,,1,0,1,-1,0,1,-0.567398897,-0.567398897,0,,0,,0,,0,,0,,0,,-0.567398897,-0.567398897,-0.567398897
03/12/2013,,,,,1,,,,,,,,,,,,,,,,,,,,,0,1,1,0,1,0,1,-1,0,1,0,,0,,0,,0,,0,,0,,-0.35030083,-0.35030083,-0.35030083,-0.35030083,-0.35030083
04/12/2013,,,,,1,,,,,,,,,,,,,,,,,,,,,,,,,0,0,0,0,,,0,,0,,0,,0,,0,,0,,0,,,0,
05/12/2013,1,0,1,0,1,1,0,1,0,,,,,,,,,,,,,,,,,0,1,1,0,3,2,1,1,0.666666667,0.333333333,0.489340993,0.489340993,0.815492929,0.815492929,0,,0,,0,,0,,-0.315270747,-0.315270747,0.989563175,0.989563175,0.329854392
06/12/2013,,,,,1,1,0,1,0,,,,,,,,,,,,,,,,,,,,,1,1,0,1,1,0,0,,0.733943636,0.733943636,0,,0,,0,,0,,0,,0.733943636,0.733943636,0.733943636
07/12/2013,0,1,1,0,1,,,,,,,,,,,,,,,,,,,,,1,0,1,0,2,1,1,0,0.5,0.5,-0.559593106,-0.559593106,0,,0,,0,,0,,0,,0.716256328,0.716256328,0.156663222,0.156663222,0.078331611
08/12/2013,0,1,1,0,1,0,1,1,0,,,,,,,,,0,1,1,0,1,0,1,0,,,,,4,1,3,-2,0.25,0.75,-0.503633796,-0.503633796,-0.339450727,-0.339450727,0,,0,,-0.519773768,-0.519773768,0.608883433,0.608883433,0,,-0.753974858,-0.753974858,-0.188493714
09/12/2013,,,,,1,,,,,,,,,,,,,,,,,,,,,,,,,0,0,0,0,,,0,,0,,0,,0,,0,,0,,0,,,0,
10/12/2013,0,1,1,0,1,0,1,1,0,,,,,,,,,,,,,,,,,1,0,1,0,3,1,2,-1,0.333333333,0.666666667,-0.453270416,-0.453270416,-0.305505655,-0.305505655,0,,0,,0,,0,,0.644630695,0.644630695,-0.114145376,-0.114145376,-0.038048459
11/12/2013,,,,,1,1,0,1,0,,,,,,,,,,,,,,,,,,,,,1,1,0,1,1,0,0,,0.725044911,0.725044911,0,,0,,0,,0,,0,,0.725044911,0.725044911,0.725044911
12/12/2013,0,1,1,0,1,,,,,,,,,,,,,,,,,,,,,1,0,1,0,2,1,1,0,0.5,0.5,-0.407943374,-0.407943374,0,,0,,0,,0,,0,,0.580167626,0.580167626,0.172224251,0.172224251,0.086112126
13/12/2013,,,,,1,0,1,1,0,,,,,,,,,,,,,,,,,0,1,1,0,2,0,2,-2,0,1,0,,-0.34745958,-0.34745958,0,,0,,0,,0,,-0.477849137,-0.477849137,-0.825308717,-0.825308717,-0.412654359
14/12/2013,,,,,1,1,0,1,0,,,,,,,,,,,,,,,,,,,,,1,1,0,1,1,0,0,,0.687286378,0.687286378,0,,0,,0,,0,,0,,0.687286378,0.687286378,0.687286378
15/12/2013,1,0,1,0,1,,,,,,,,,,,,,0,1,1,0,0,1,1,0,,,,,3,1,2,-1,0.333333333,0.666666667,0.632850963,0.632850963,0,,0,,0,,-0.467796391,-0.467796391,-0.45200491,-0.45200491,0,,-0.286950339,-0.286950339,-0.095650113
16/12/2013,,,,,1,0,1,1,0,,,,,,,,,,,,,,,,,1,0,1,0,2,1,1,0,0.5,0.5,0,,-0.38144226,-0.38144226,0,,0,,0,,0,,0.569935777,0.569935777,0.188493517,0.188493517,0.094246758
17/12/2013,,,,,1,,,,,,,,,,,,,,,,,,,,,,,,,0,0,0,0,,,0,,0,,0,,0,,0,,0,,0,,,0,
18/12/2013,0,1,1,0,1,1,0,1,0,,,,,,,,,,,,,,,,,0,1,1,0,3,1,2,-1,0.333333333,0.666666667,-0.430434133,-0.430434133,0.656701966,0.656701966,0,,0,,0,,0,,-0.487057801,-0.487057801,-0.260789968,-0.260789968,-0.086929989
19/12/2013,,,,,1,,,,,,,,,,,,,,,,,,,,,,,,,0,0,0,0,,,0,,0,,0,,0,,0,,0,,0,,,0,
20/12/2013,0,1,1,0,1,,,,,,,,,,,,,,,,,,,,,0,1,1,0,2,0,2,-2,0,1,-0.38739072,-0.38739072,0,,0,,0,,0,,0,,-0.438352021,-0.438352021,-0.825742741,-0.825742741,-0.41287137
21/12/2013,,,,,1,0,1,1,0,,,,,,,,,,,,,,,,,,,,,1,0,1,-1,0,1,0,,-0.408968231,-0.408968231,0,,0,,0,,0,,0,,-0.408968231,-0.408968231,-0.408968231
22/12/2013,1,0,1,0,1,,,,,,,,,,,,,1,0,1,0,1,0,1,0,,,,,3,3,0,3,1,0,0.651348352,0.651348352,0,,0,,0,,0.578983248,0.578983248,0.593195581,0.593195581,0,,1.823527181,1.823527181,0.607842394
23/12/2013,1,0,1,0,1,1,0,1,0,,,,,,,,,,,,,,,,,0,1,1,0,3,2,1,1,0.666666667,0.333333333,0.586213517,0.586213517,0.631928592,0.631928592,0,,0,,0,,0,,-0.394516819,-0.394516819,0.82362529,0.82362529,0.274541763
24/12/2013,,,,,1,,,,,,,,,,,,,,,,,,,,,,,,,0,0,0,0,,,0,,0,,0,,0,,0,,0,,0,,,0,
25/12/2013,,,,,1,0,1,1,0,,,,,,,,,,,,,,,,,0,1,1,0,2,0,2,-2,0,1,0,,-0.431264267,-0.431264267,0,,0,,0,,0,,-0.355065137,-0.355065137,-0.786329404,-0.786329404,-0.393164702
26/12/2013,,,,,1,,,,,,,,,,,,,,,,,,,,,,,,,0,0,0,0,,,0,,0,,0,,0,,0,,0,,0,,,0,
27/12/2013,0,1,1,0,1,0,1,1,0,,,,,,,,,,,,,,,,,1,0,1,0,3,1,2,-1,0.333333333,0.666666667,-0.472407835,-0.472407835,-0.38813784,-0.38813784,0,,0,,0,,0,,0.680441377,0.680441377,-0.180104298,-0.180104298,-0.060034766
28/12/2013,,,,,1,0,1,1,0,,,,,,,,,,,,,,,,,0,1,1,0,2,0,2,-2,0,1,0,,-0.349324056,-0.349324056,0,,0,,0,,0,,-0.387602761,-0.387602761,-0.736926817,-0.736926817,-0.368463408
29/12/2013,1,0,1,0,1,,,,,,,,,,,,,1,0,1,0,1,0,1,0,,,,,3,3,0,3,1,0,0.574832949,0.574832949,0,,0,,0,,0.521084923,0.521084923,0.533876023,0.533876023,0,,1.629793894,1.629793894,0.543264631
30/12/2013,,,,,1,,,,,,,,,,,,,,,,,,,,,,,,,0,0,0,0,,,0,,0,,0,,0,,0,,0,,0,,,0,
31/12/2013,1,0,1,0,1,,,,,,,,,,,,,,,,,,,,,0,1,1,0,2,1,1,0,0.5,0.5,0.517349654,0.517349654,0,,0,,0,,0,,0,,-0.348842485,-0.348842485,0.168507169,0.168507169,0.084253584
