,giants_wins,giants_losses,giants_ties,giants_num_events,temp,sharks_wins,sharks_losses,sharks_ties,sharks_num_events,raiders_wins,raiders_losses,raiders_ties,raiders_num_events,warriors_wins,warriors_losses,warriors_ties,warriors_num_events,49ers_wins,49ers_losses,49ers_ties,49ers_num_events,athletics_wins,athletics_losses,athletics_ties,athletics_num_events,num_events,sum_wins,sum_losses,sports_composite,p_win,p_loss,sum_streak,sum_loss_streak,giants_streak,giants_loss_streak,sharks_streak,sharks_loss_streak,raiders_streak,raiders_loss_streak,warriors_streak,warriors_loss_streak,49ers_streak,49ers_loss_streak,athletics_streak,athletics_loss_streak,date,giants_pe,sharks_pe,raiders_pe,warriors_pe,49ers_pe,athletics_pe,sum_pe,sum_pe_with_na,mean_pe
2013-01-01,,,,,0.0,,,,,,,,,,,,,,,,,,,,,0,0.0,0.0,0.0,,,0.0,0.0,0.0,0.0,0.0,0.0,0.0,0.0,0.0,0.0,0.0,0.0,0.0,0.0,2013-01-01,0.0,0.0,0.0,0.0,0.0,0.0,0.0,,
2013-01-02,,,,,0.0,,,,,,,,,1.0,0.0,0.0,1.0,,,,,,,,,1,1.0,0.0,1.0,1.0,0.0,1.0,0.0,0.0,0.0,0.0,0.0,0.0,0.0,1.0,0.0,0.0,0.0,0.0,0.0,2013-01-02,0.0,0.0,0.0,0.5,0.0,0.0,0.5,0.5,0.5
2013-01-03,,,,,0.0,,,,,,,,,,,,,,,,,,,,,0,0.0,0.0,0.0,,,1.0,0.0,0.0,0.0,0.0,0.0,0.0,0.0,1.0,0.0,0.0,0.0,0.0,0.0,2013-01-03,0.0,0.0,0.0,0.0,0.0,0.0,0.0,,
2013-01-04,,,,,0.0,,,,,,,,,,,,,,,,,,,,,0,0.0,0.0,0.0,,,1.0,0.0,0.0,0.0,0.0,0.0,0.0,0.0,1.0,0.0,0.0,0.0,0.0,0.0,2013-01-04,0.0,0.0,0.0,0.0,0.0,0.0,0.0,,
2013-01-05,,,,,0.0,,,,,,,,,0.0,1.0,0.0,1.0,,,,,,,,,1,0.0,1.0,-1.0,0.0,1.0,0.0,1.0,0.0,0.0,0.0,0.0,0.0,0.0,0.0,1.0,0.0,0.0,0.0,0.0,2013-01-05,0.0,0.0,0.0,-0.55,0.0,0.0,-0.55,-0.55,-0.55
2013-01-06,,,,,0.0,,,,,,,,,,,,,,,,,,,,,0,0.0,0.0,0.0,,,0.0,1.0,0.0,0.0,0.0,0.0,0.0,0.0,0.0,1.0,0.0,0.0,0.0,0.0,2013-01-06,0.0,0.0,0.0,0.0,0.0,0.0,0.0,,
2013-01-07,,,,,0.0,,,,,,,,,,,,,,,,,,,,,0,0.0,0.0,0.0,,,0.0,1.0,0.0,0.0,0.0,0.0,0.0,0.0,0.0,1.0,0.0,0.0,0.0,0.0,2013-01-07,0.0,0.0,0.0,0.0,0.0,0.0,0.0,,
2013-01-08,,,,,0.0,,,,,,,,,,,,,,,,,,,,,0,0.0,0.0,0.0,,,0.0,1.0,0.0,0.0,0.0,0.0,0.0,0.0,0.0,1.0,0.0,0.0,0.0,0.0,2013-01-08,0.0,0.0,0.0,0.0,0.0,0.0,0.0,,
2013-01-09,,,,,0.0,,,,,,,,,0.0,1.0,0.0,1.0,,,,,,,,,1,0.0,1.0,-1.0,0.0,1.0,0.0,2.0,0.0,0.0,0.0,0.0,0.0,0.0,0.0,2.0,0.0,0.0,0.0,0.0,2013-01-09,0.0,0.0,0.0,-0.495,0.0,0.0,-0.495,-0.495,-0.495
2013-01-10,,,,,0.0,,,,,,,,,,,,,,,,,,,,,0,0.0,0.0,0.0,,,0.0,2.0,0.0,0.0,0.0,0.0,0.0,0.0,0.0,2.0,0.0,0.0,0.0,0.0,2013-01-10,0.0,0.0,0.0,0.0,0.0,0.0,0.0,,
2013-01-11,,,,,0.0,,,,,,,,,1.0,0.0,0.0,1.0,,,,,,,,,1,1.0,0.0,1.0,1.0,0.0,1.0,0.0,0.0,0.0,0.0,0.0,0.0,0.0,1.0,0.0,0.0,0.0,0.0,0.0,2013-01-11,0.0,0.0,0.0,0.5545,0.0,0.0,0.5545,0.5545,0.5545
2013-01-12,,,,,0.0,,,,,,,,,,,,,,,,,,,,,0,0.0,0.0,0.0,,,1.0,0.0,0.0,0.0,0.0,0.0,0.0,0.0,1.0,0.0,0.0,0.0,0.0,0.0,2013-01-12,0.0,0.0,0.0,0.0,0.0,0.0,0.0,,
2013-01-13,,,,,0.0,,,,,,,,,0.0,1.0,0.0,1.0,,,,,,,,,1,0.0,1.0,-1.0,0.0,1.0,0.0,1.0,0.0,0.0,0.0,0.0,0.0,0.0,0.0,1.0,0.0,0.0,0.0,0.0,2013-01-13,0.0,0.0,0.0,-0.50095,0.0,0.0,-0.50095,-0.50095,-0.50095
2013-01-14,,,,,0.0,,,,,,,,,,,,,,,,,,,,,0,0.0,0.0,0.0,,,0.0,1.0,0.0,0.0,0.0,0.0,0.0,0.0,0.0,1.0,0.0,0.0,0.0,0.0,2013-01-14,0.0,0.0,0.0,0.0,0.0,0.0,0.0,,
2013-01-15,,,,,0.0,,,,,,,,,,,,,,,,,,,,,0,0.0,0.0,0.0,,,0.0,1.0,0.0,0.0,0.0,0.0,0.0,0.0,0.0,1.0,0.0,0.0,0.0,0.0,2013-01-15,0.0,0.0,0.0,0.0,0.0,0.0,0.0,,
2013-01-16,,,,,0.0,,,,,,,,,0.0,1.0,0.0,1.0,,,,,,,,,1,0.0,1.0,-1.0,0.0,1.0,0.0,2.0,0.0,0.0,0.0,0.0,0.0,0.0,0.0,2.0,0.0,0.0,0.0,0.0,2013-01-16,0.0,0.0,0.0,-0.450855,0.0,0.0,-0.450855,-0.450855,-0.450855
2013-01-17,,,,,0.0,,,,,,,,,,,,,,,,,,,,,0,0.0,0.0,0.0,,,0.0,2.0,0.0,0.0,0.0,0.0,0.0,0.0,0.0,2.0,0.0,0.0,0.0,0.0,2013-01-17,0.0,0.0,0.0,0.0,0.0,0.0,0.0,,
2013-01-18,,,,,0.0,,,,,,,,,0.0,1.0,0.0,1.0,,,,,,,,,1,0.0,1.0,-1.0,0.0,1.0,0.0,3.0,0.0,0.0,0.0,0.0,0.0,0.0,0.0,3.0,0.0,0.0,0.0,0.0,2013-01-18,0.0,0.0,0.0,-0.4057695,0.0,0.0,-0.4057695,-0.4057695,-0.4057695
2013-01-19,,,,,0.0,,,,,,,,,1.0,0.0,0.0,1.0,,,,,,,,,1,1.0,0.0,1.0,1.0,0.0,1.0,0.0,0.0,0.0,0.0,0.0,0.0,0.0,1.0,0.0,0.0,0.0,0.0,0.0,2013-01-19,0.0,0.0,0.0,0.63480745,0.0,0.0,0.63480745,0.63480745,0.63480745
2013-01-20,,,,,0.0,1.0,0.0,0.0,1.0,,,,,,,,,,,,,,,,,1,1.0,0.0,1.0,1.0,0.0,2.0,0.0,0.0,0.0,1.0,0.0,0.0,0.0,1.0,0.0,0.0,0.0,0.0,0.0,2013-01-20,0.0,0.5,0.0,0.0,0.0,0.0,0.5,0.5,0.5
2013-01-21,,,,,0.0,,,,,,,,,1.0,0.0,0.0,1.0,,,,,,,,,1,1.0,0.0,1.0,1.0,0.0,3.0,0.0,0.0,0.0,1.0,0.0,0.0,0.0,2.0,0.0,0.0,0.0,0.0,0.0,2013-01-21,0.0,0.0,0.0,0.571326705,0.0,0.0,0.571326705,0.571326705,0.571326705
2013-01-22,,,,,0.0,1.0,0.0,0.0,1.0,,,,,,,,,,,,,,,,,1,1.0,0.0,1.0,1.0,0.0,4.0,0.0,0.0,0.0,2.0,0.0,0.0,0.0,2.0,0.0,0.0,0.0,0.0,0.0,2013-01-22,0.0,0.45,0.0,0.0,0.0,0.0,0.45,0.45,0.45
2013-01-23,,,,,0.0,,,,,,,,,1.0,0.0,0.0,1.0,,,,,,,,,1,1.0,0.0,1.0,1.0,0.0,5.0,0.0,0.0,0.0,2.0,0.0,0.0,0.0,3.0,0.0,0.0,0.0,0.0,0.0,2013-01-23,0.0,0.0,0.0,0.5141940345,0.0,0.0,0.5141940345,0.5141940345,0.5141940345
2013-01-24,,,,,0.0,1.0,0.0,0.0,1.0,,,,,,,,,,,,,,,,,1,1.0,0.0,1.0,1.0,0.0,6.0,0.0,0.0,0.0,3.0,0.0,0.0,0.0,3.0,0.0,0.0,0.0,0.0,0.0,2013-01-24,0.0,0.405,0.0,0.0,0.0,0.0,0.405,0.405,0.405
2013-01-25,,,,,0.0,,,,,,,,,0.0,1.0,0.0,1.0,,,,,,,,,1,0.0,1.0,-1.0,0.0,1.0,3.0,1.0,0.0,0.0,3.0,0.0,0.0,0.0,0.0,1.0,0.0,0.0,0.0,0.0,2013-01-25,0.0,0.0,0.0,-0.53722536895,0.0,0.0,-0.53722536895,-0.53722536895,-0.53722536895
2013-01-26,,,,,0.0,1.0,0.0,0.0,1.0,,,,,0.0,1.0,0.0,1.0,,,,,,,,,2,1.0,1.0,0.0,0.5,0.5,4.0,2.0,0.0,0.0,4.0,0.0,0.0,0.0,0.0,2.0,0.0,0.0,0.0,0.0,2013-01-26,0.0,0.3645,0.0,-0.483502832055,0.0,0.0,-0.119002832055,-0.119002832055,-0.0595014160275
2013-01-27,,,,,0.0,1.0,0.0,0.0,1.0,,,,,,,,,,,,,,,,,1,1.0,0.0,1.0,1.0,0.0,5.0,2.0,0.0,0.0,5.0,0.0,0.0,0.0,0.0,2.0,0.0,0.0,0.0,0.0,2013-01-27,0.0,0.32805,0.0,0.0,0.0,0.0,0.32805,0.32805,0.32805
2013-01-28,,,,,0.0,,,,,,,,,1.0,0.0,0.0,1.0,,,,,,,,,1,1.0,0.0,1.0,1.0,0.0,6.0,0.0,0.0,0.0,5.0,0.0,0.0,0.0,1.0,0.0,0.0,0.0,0.0,0.0,2013-01-28,0.0,0.0,0.0,0.564847451151,0.0,0.0,0.564847451151,0.564847451151,0.564847451151
2013-01-29,,,,,0.0,1.0,0.0,0.0,1.0,,,,,1.0,0.0,0.0,1.0,,,,,,,,,2,2.0,0.0,2.0,1.0,0.0,8.0,0.0,0.0,0.0,6.0,0.0,0.0,0.0,2.0,0.0,0.0,0.0,0.0,0.0,2013-01-29,0.0,0.295245,0.0,0.508362706035,0.0,0.0,0.803607706035,0.803607706035,0.401803853018
2013-01-30,,,,,0.0,,,,,,,,,,,,,,,,,,,,,0,0.0,0.0,0.0,,,8.0,0.0,0.0,0.0,6.0,0.0,0.0,0.0,2.0,0.0,0.0,0.0,0.0,0.0,2013-01-30,0.0,0.0,0.0,0.0,0.0,0.0,0.0,,
2013-01-31,,,,,0.0,1.0,0.0,0.0,1.0,,,,,1.0,0.0,0.0,1.0,,,,,,,,,2,2.0,0.0,2.0,1.0,0.0,10.0,0.0,0.0,0.0,7.0,0.0,0.0,0.0,3.0,0.0,0.0,0.0,0.0,0.0,2013-01-31,0.0,0.2657205,0.0,0.457526435432,0.0,0.0,0.723246935432,0.723246935432,0.361623467716
2013-02-01,,,,,0.0,,,,,,,,,,,,,,,,,,,,,0,0.0,0.0,0.0,,,10.0,0.0,0.0,0.0,7.0,0.0,0.0,0.0,3.0,0.0,0.0,0.0,0.0,0.0,2013-02-01,0.0,0.0,0.0,0.0,0.0,0.0,0.0,,
2013-02-02,,,,,0.0,0.0,1.0,0.0,1.0,,,,,1.0,0.0,0.0,1.0,,,,,,,,,2,1.0,1.0,0.0,0.5,0.5,4.0,1.0,0.0,0.0,0.0,1.0,0.0,0.0,4.0,0.0,0.0,0.0,0.0,0.0,2013-02-02,0.0,-0.76085155,0.0,0.411773791889,0.0,0.0,-0.349077758111,-0.349077758111,-0.174538879056
2013-02-03,,,,,0.0,,,,,,,,,,,,,,,,,,,,,0,0.0,0.0,0.0,,,4.0,1.0,0.0,0.0,0.0,1.0,0.0,0.0,4.0,0.0,0.0,0.0,0.0,0.0,2013-02-03,0.0,0.0,0.0,0.0,0.0,0.0,0.0,,
2013-02-04,,,,,0.0,0.0,1.0,0.0,1.0,,,,,,,,,,,,,,,,,1,0.0,1.0,-1.0,0.0,1.0,4.0,2.0,0.0,0.0,0.0,2.0,0.0,0.0,4.0,0.0,0.0,0.0,0.0,0.0,2013-02-04,0.0,-0.684766395,0.0,0.0,0.0,0.0,-0.684766395,-0.684766395,-0.684766395
2013-02-05,,,,,0.0,0.0,1.0,0.0,1.0,,,,,0.0,1.0,0.0,1.0,,,,,,,,,2,0.0,2.0,-2.0,0.0,1.0,0.0,4.0,0.0,0.0,0.0,3.0,0.0,0.0,0.0,1.0,0.0,0.0,0.0,0.0,2013-02-05,0.0,-0.6162897555,0.0,-0.6294035873,0.0,0.0,-1.2456933428,-1.2456933428,-0.6228466714
2013-02-06,,,,,0.0,,,,,,,,,0.0,1.0,0.0,1.0,,,,,,,,,1,0.0,1.0,-1.0,0.0,1.0,0.0,5.0,0.0,0.0,0.0,3.0,0.0,0.0,0.0,2.0,0.0,0.0,0.0,0.0,2013-02-06,0.0,0.0,0.0,-0.56646322857,0.0,0.0,-0.56646322857,-0.56646322857,-0.56646322857
2013-02-07,,,,,0.0,,,,,,,,,,,,,,,,,,,,,0,0.0,0.0,0.0,,,0.0,5.0,0.0,0.0,0.0,3.0,0.0,0.0,0.0,2.0,0.0,0.0,0.0,0.0,2013-02-07,0.0,0.0,0.0,0.0,0.0,0.0,0.0,,
2013-02-08,,,,,0.0,,,,,,,,,0.0,1.0,0.0,1.0,,,,,,,,,1,0.0,1.0,-1.0,0.0,1.0,0.0,6.0,0.0,0.0,0.0,3.0,0.0,0.0,0.0,3.0,0.0,0.0,0.0,0.0,2013-02-08,0.0,0.0,0.0,-0.509816905713,0.0,0.0,-0.509816905713,-0.509816905713,-0.509816905713
2013-02-09,,,,,0.0,0.0,1.0,0.0,1.0,,,,,0.0,1.0,0.0,1.0,,,,,,,,,2,0.0,2.0,-2.0,0.0,1.0,0.0,8.0,0.0,0.0,0.0,4.0,0.0,0.0,0.0,4.0,0.0,0.0,0.0,0.0,2013-02-09,0.0,-0.55466077995,0.0,-0.458835215142,0.0,0.0,-1.01349599509,-1.01349599509,-0.506747997546
2013-02-10,,,,,0.0,,,,,,,,,,,,,,,,,,,,,0,0.0,0.0,0.0,,,0.0,8.0,0.0,0.0,0.0,4.0,0.0,0.0,0.0,4.0,0.0,0.0,0.0,0.0,2013-02-10,0.0,0.0,0.0,0.0,0.0,0.0,0.0,,
2013-02-11,,,,,0.0,0.0,1.0,0.0,1.0,,,,,,,,,,,,,,,,,1,0.0,1.0,-1.0,0.0,1.0,0.0,9.0,0.0,0.0,0.0,5.0,0.0,0.0,0.0,4.0,0.0,0.0,0.0,0.0,2013-02-11,0.0,-0.499194701955,0.0,0.0,0.0,0.0,-0.499194701955,-0.499194701955,-0.499194701955
2013-02-12,,,,,0.0,0.0,1.0,0.0,1.0,,,,,0.0,1.0,0.0,1.0,,,,,,,,,2,0.0,2.0,-2.0,0.0,1.0,0.0,11.0,0.0,0.0,0.0,6.0,0.0,0.0,0.0,5.0,0.0,0.0,0.0,0.0,2013-02-12,0.0,-0.449275231759,0.0,-0.412951693628,0.0,0.0,-0.862226925387,-0.862226925387,-0.431113462694
2013-02-13,,,,,0.0,,,,,,,,,,,,,,,,,,,,,0,0.0,0.0,0.0,,,0.0,11.0,0.0,0.0,0.0,6.0,0.0,0.0,0.0,5.0,0.0,0.0,0.0,0.0,2013-02-13,0.0,0.0,0.0,0.0,0.0,0.0,0.0,,
2013-02-14,,,,,0.0,,,,,,,,,,,,,,,,,,,,,0,0.0,0.0,0.0,,,0.0,11.0,0.0,0.0,0.0,6.0,0.0,0.0,0.0,5.0,0.0,0.0,0.0,0.0,2013-02-14,0.0,0.0,0.0,0.0,0.0,0.0,0.0,,
2013-02-15,,,,,0.0,0.0,1.0,0.0,1.0,,,,,,,,,,,,,,,,,1,0.0,1.0,-1.0,0.0,1.0,0.0,12.0,0.0,0.0,0.0,7.0,0.0,0.0,0.0,5.0,0.0,0.0,0.0,0.0,2013-02-15,0.0,-0.404347708584,0.0,0.0,0.0,0.0,-0.404347708584,-0.404347708584,-0.404347708584
2013-02-16,,,,,0.0,,,,,,,,,,,,,,,,,,,,,0,0.0,0.0,0.0,,,0.0,12.0,0.0,0.0,0.0,7.0,0.0,0.0,0.0,5.0,0.0,0.0,0.0,0.0,2013-02-16,0.0,0.0,0.0,0.0,0.0,0.0,0.0,,
2013-02-17,,,,,0.0,,,,,,,,,,,,,,,,,,,,,0,0.0,0.0,0.0,,,0.0,12.0,0.0,0.0,0.0,7.0,0.0,0.0,0.0,5.0,0.0,0.0,0.0,0.0,2013-02-17,0.0,0.0,0.0,0.0,0.0,0.0,0.0,,
2013-02-18,,,,,0.0,,,,,,,,,,,,,,,,,,,,,0,0.0,0.0,0.0,,,0.0,12.0,0.0,0.0,0.0,7.0,0.0,0.0,0.0,5.0,0.0,0.0,0.0,0.0,2013-02-18,0.0,0.0,0.0,0.0,0.0,0.0,0.0,,
2013-02-19,,,,,0.0,1.0,0.0,0.0,1.0,,,,,0.0,1.0,0.0,1.0,,,,,,,,,2,1.0,1.0,0.0,0.5,0.5,1.0,6.0,0.0,0.0,1.0,0.0,0.0,0.0,0.0,6.0,0.0,0.0,0.0,0.0,2013-02-19,0.0,0.636087062275,0.0,-0.371656524265,0.0,0.0,0.26443053801,0.26443053801,0.132215269005
2013-02-20,,,,,0.0,,,,,,,,,1.0,0.0,0.0,1.0,,,,,,,,,1,1.0,0.0,1.0,1.0,0.0,2.0,0.0,0.0,0.0,1.0,0.0,0.0,0.0,1.0,0.0,0.0,0.0,0.0,0.0,2013-02-20,0.0,0.0,0.0,0.665509128162,0.0,0.0,0.665509128162,0.665509128162,0.665509128162
2013-02-21,,,,,0.0,,,,,,,,,,,,,,,,,,,,,0,0.0,0.0,0.0,,,2.0,0.0,0.0,0.0,1.0,0.0,0.0,0.0,1.0,0.0,0.0,0.0,0.0,0.0,2013-02-21,0.0,0.0,0.0,0.0,0.0,0.0,0.0,,
2013-02-22,,,,,0.0,0.0,1.0,0.0,1.0,,,,,1.0,0.0,0.0,1.0,,,,,,,,,2,1.0,1.0,0.0,0.5,0.5,2.0,1.0,0.0,0.0,0.0,1.0,0.0,0.0,2.0,0.0,0.0,0.0,0.0,0.0,2013-02-22,0.0,-0.427521643953,0.0,0.598958215345,0.0,0.0,0.171436571393,0.171436571393,0.0857182856964
2013-02-23,,,,,0.0,0.0,1.0,0.0,1.0,,,,,,,,,,,,,,,,,1,0.0,1.0,-1.0,0.0,1.0,2.0,2.0,0.0,0.0,0.0,2.0,0.0,0.0,2.0,0.0,0.0,0.0,0.0,0.0,2013-02-23,0.0,-0.384769479557,0.0,0.0,0.0,0.0,-0.384769479557,-0.384769479557,-0.384769479557
2013-02-24,,,,,0.0,,,,,,,,,1.0,0.0,0.0,1.0,,,,,,,,,1,1.0,0.0,1.0,1.0,0.0,3.0,2.0,0.0,0.0,0.0,2.0,0.0,0.0,3.0,0.0,0.0,0.0,0.0,0.0,2013-02-24,0.0,0.0,0.0,0.539062393811,0.0,0.0,0.539062393811,0.539062393811,0.539062393811
2013-02-25,,,,,0.0,,,,,,,,,,,,,,,,,,,,,0,0.0,0.0,0.0,,,3.0,2.0,0.0,0.0,0.0,2.0,0.0,0.0,3.0,0.0,0.0,0.0,0.0,0.0,2013-02-25,0.0,0.0,0.0,0.0,0.0,0.0,0.0,,
2013-02-26,,,,,0.0,1.0,0.0,0.0,1.0,,,,,0.0,1.0,0.0,1.0,,,,,,,,,2,1.0,1.0,0.0,0.5,0.5,1.0,1.0,0.0,0.0,1.0,0.0,0.0,0.0,0.0,1.0,0.0,0.0,0.0,0.0,2013-02-26,0.0,0.653707468398,0.0,-0.51484384557,0.0,0.0,0.138863622828,0.138863622828,0.0694318114141
2013-02-27,,,,,0.0,,,,,,,,,0.0,1.0,0.0,1.0,,,,,,,,,1,0.0,1.0,-1.0,0.0,1.0,1.0,2.0,0.0,0.0,1.0,0.0,0.0,0.0,0.0,2.0,0.0,0.0,0.0,0.0,2013-02-27,0.0,0.0,0.0,-0.463359461013,0.0,0.0,-0.463359461013,-0.463359461013,-0.463359461013
2013-02-28,,,,,0.0,0.0,1.0,0.0,1.0,,,,,,,,,,,,,,,,,1,0.0,1.0,-1.0,0.0,1.0,0.0,3.0,0.0,0.0,0.0,1.0,0.0,0.0,0.0,2.0,0.0,0.0,0.0,0.0,2013-02-28,0.0,-0.411663278442,0.0,0.0,0.0,0.0,-0.411663278442,-0.411663278442,-0.411663278442
2013-03-01,,,,,0.0,,,,,,,,,0.0,1.0,0.0,1.0,,,,,,,,,1,0.0,1.0,-1.0,0.0,1.0,0.0,4.0,0.0,0.0,0.0,1.0,0.0,0.0,0.0,3.0,0.0,0.0,0.0,0.0,2013-03-01,0.0,0.0,0.0,-0.417023514912,0.0,0.0,-0.417023514912,-0.417023514912,-0.417023514912
2013-03-02,,,,,0.0,1.0,0.0,0.0,1.0,,,,,0.0,1.0,0.0,1.0,,,,,,,,,2,1.0,1.0,0.0,0.5,0.5,1.0,4.0,0.0,0.0,1.0,0.0,0.0,0.0,0.0,4.0,0.0,0.0,0.0,0.0,2013-03-02,0.0,0.629503049403,0.0,-0.375321163421,0.0,0.0,0.254181885982,0.254181885982,0.127090942991
2013-03-03,,,,,0.0,,,,,,,,,,,,,,,,,,,,,0,0.0,0.0,0.0,,,1.0,4.0,0.0,0.0,1.0,0.0,0.0,0.0,0.0,4.0,0.0,0.0,0.0,0.0,2013-03-03,0.0,0.0,0.0,0.0,0.0,0.0,0.0,,
2013-03-04,,,,,0.0,,,,,,,,,1.0,0.0,0.0,1.0,,,,,,,,,1,1.0,0.0,1.0,1.0,0.0,2.0,0.0,0.0,0.0,1.0,0.0,0.0,0.0,1.0,0.0,0.0,0.0,0.0,0.0,2013-03-04,0.0,0.0,0.0,0.662210952921,0.0,0.0,0.662210952921,0.662210952921,0.662210952921
2013-03-05,,,,,0.0,1.0,0.0,0.0,1.0,,,,,,,,,,,,,,,,,1,1.0,0.0,1.0,1.0,0.0,3.0,0.0,0.0,0.0,2.0,0.0,0.0,0.0,1.0,0.0,0.0,0.0,0.0,0.0,2013-03-05,0.0,0.566552744462,0.0,0.0,0.0,0.0,0.566552744462,0.566552744462,0.566552744462
2013-03-06,,,,,0.0,0.0,1.0,0.0,1.0,,,,,1.0,0.0,0.0,1.0,,,,,,,,,2,1.0,1.0,0.0,0.5,0.5,2.0,1.0,0.0,0.0,0.0,1.0,0.0,0.0,2.0,0.0,0.0,0.0,0.0,0.0,2013-03-06,0.0,-0.490102529984,0.0,0.595989857629,0.0,0.0,0.105887327645,0.105887327645,0.0529436638227
2013-03-07,,,,,0.0,,,,,,,,,,,,,,,,,,,,,0,0.0,0.0,0.0,,,2.0,1.0,0.0,0.0,0.0,1.0,0.0,0.0,2.0,0.0,0.0,0.0,0.0,0.0,2013-03-07,0.0,0.0,0.0,0.0,0.0,0.0,0.0,,
2013-03-08,,,,,0.0,,,,,,,,,0.0,1.0,0.0,1.0,,,,,,,,,1,0.0,1.0,-1.0,0.0,1.0,0.0,2.0,0.0,0.0,0.0,1.0,0.0,0.0,0.0,1.0,0.0,0.0,0.0,0.0,2013-03-08,0.0,0.0,0.0,-0.463609128134,0.0,0.0,-0.463609128134,-0.463609128134,-0.463609128134
2013-03-09,,,,,0.0,0.0,1.0,0.0,1.0,,,,,0.0,1.0,0.0,1.0,,,,,,,,,2,0.0,2.0,-2.0,0.0,1.0,0.0,4.0,0.0,0.0,0.0,2.0,0.0,0.0,0.0,2.0,0.0,0.0,0.0,0.0,2013-03-09,0.0,-0.441092276985,0.0,-0.41724821532,0.0,0.0,-0.858340492306,-0.858340492306,-0.429170246153
2013-03-10,,,,,0.0,0.0,1.0,0.0,1.0,,,,,,,,,,,,,,,,,1,0.0,1.0,-1.0,0.0,1.0,0.0,5.0,0.0,0.0,0.0,3.0,0.0,0.0,0.0,2.0,0.0,0.0,0.0,0.0,2013-03-10,0.0,-0.396983049287,0.0,0.0,0.0,0.0,-0.396983049287,-0.396983049287,-0.396983049287
2013-03-11,,,,,0.0,,,,,,,,,1.0,0.0,0.0,1.0,,,,,,,,,1,1.0,0.0,1.0,1.0,0.0,1.0,3.0,0.0,0.0,0.0,3.0,0.0,0.0,1.0,0.0,0.0,0.0,0.0,0.0,2013-03-11,0.0,0.0,0.0,0.624476606212,0.0,0.0,0.624476606212,0.624476606212,0.624476606212
2013-03-12,,,,,0.0,0.0,1.0,0.0,1.0,,,,,,,,,,,,,,,,,1,0.0,1.0,-1.0,0.0,1.0,1.0,4.0,0.0,0.0,0.0,4.0,0.0,0.0,1.0,0.0,0.0,0.0,0.0,0.0,2013-03-12,0.0,-0.357284744358,0.0,0.0,0.0,0.0,-0.357284744358,-0.357284744358,-0.357284744358
2013-03-13,,,,,0.0,,,,,,,,,1.0,0.0,0.0,1.0,,,,,,,,,1,1.0,0.0,1.0,1.0,0.0,2.0,4.0,0.0,0.0,0.0,4.0,0.0,0.0,2.0,0.0,0.0,0.0,0.0,0.0,2013-03-13,0.0,0.0,0.0,0.562028945591,0.0,0.0,0.562028945591,0.562028945591,0.562028945591
2013-03-14,,,,,0.0,1.0,0.0,0.0,1.0,,,,,,,,,,,,,,,,,1,1.0,0.0,1.0,1.0,0.0,3.0,0.0,0.0,0.0,1.0,0.0,0.0,0.0,2.0,0.0,0.0,0.0,0.0,0.0,2013-03-14,0.0,0.678443730078,0.0,0.0,0.0,0.0,0.678443730078,0.678443730078,0.678443730078
2013-03-15,,,,,0.0,,,,,,,,,0.0,1.0,0.0,1.0,,,,,,,,,1,0.0,1.0,-1.0,0.0,1.0,1.0,1.0,0.0,0.0,1.0,0.0,0.0,0.0,0.0,1.0,0.0,0.0,0.0,0.0,2013-03-15,0.0,0.0,0.0,-0.494173948968,0.0,0.0,-0.494173948968,-0.494173948968,-0.494173948968
2013-03-16,,,,,0.0,0.0,1.0,0.0,1.0,,,,,,,,,,,,,,,,,1,0.0,1.0,-1.0,0.0,1.0,0.0,2.0,0.0,0.0,0.0,1.0,0.0,0.0,0.0,1.0,0.0,0.0,0.0,0.0,2013-03-16,0.0,-0.38940064293,0.0,0.0,0.0,0.0,-0.38940064293,-0.38940064293,-0.38940064293
2013-03-17,,,,,0.0,,,,,,,,,1.0,0.0,0.0,1.0,,,,,,,,,1,1.0,0.0,1.0,1.0,0.0,1.0,1.0,0.0,0.0,0.0,1.0,0.0,0.0,1.0,0.0,0.0,0.0,0.0,0.0,2013-03-17,0.0,0.0,0.0,0.555243445928,0.0,0.0,0.555243445928,0.555243445928,0.555243445928
2013-03-18,,,,,0.0,0.0,1.0,0.0,1.0,,,,,1.0,0.0,0.0,1.0,,,,,,,,,2,1.0,1.0,0.0,0.5,0.5,2.0,2.0,0.0,0.0,0.0,2.0,0.0,0.0,2.0,0.0,0.0,0.0,0.0,0.0,2013-03-18,0.0,-0.350460578637,0.0,0.499719101336,0.0,0.0,0.149258522698,0.149258522698,0.0746292613492
2013-03-19,,,,,0.0,,,,,,,,,,,,,,,,,,,,,0,0.0,0.0,0.0,,,2.0,2.0,0.0,0.0,0.0,2.0,0.0,0.0,2.0,0.0,0.0,0.0,0.0,0.0,2013-03-19,0.0,0.0,0.0,0.0,0.0,0.0,0.0,,
2013-03-20,,,,,0.0,1.0,0.0,0.0,1.0,,,,,0.0,1.0,0.0,1.0,,,,,,,,,2,1.0,1.0,0.0,0.5,0.5,1.0,1.0,0.0,0.0,1.0,0.0,0.0,0.0,0.0,1.0,0.0,0.0,0.0,0.0,2013-03-20,0.0,0.684585479227,0.0,-0.550252808798,0.0,0.0,0.134332670429,0.134332670429,0.0671663352143
2013-03-21,,,,,0.0,,,,,,,,,,,,,,,,,,,,,0,0.0,0.0,0.0,,,1.0,1.0,0.0,0.0,1.0,0.0,0.0,0.0,0.0,1.0,0.0,0.0,0.0,0.0,2013-03-21,0.0,0.0,0.0,0.0,0.0,0.0,0.0,,
2013-03-22,,,,,0.0,,,,,,,,,,,,,,,,,,,,,0,0.0,0.0,0.0,,,1.0,1.0,0.0,0.0,1.0,0.0,0.0,0.0,0.0,1.0,0.0,0.0,0.0,0.0,2013-03-22,0.0,0.0,0.0,0.0,0.0,0.0,0.0,,
2013-03-23,,,,,0.0,0.0,1.0,0.0,1.0,,,,,1.0,0.0,0.0,1.0,,,,,,,,,2,1.0,1.0,0.0,0.5,0.5,1.0,1.0,0.0,0.0,0.0,1.0,0.0,0.0,1.0,0.0,0.0,0.0,0.0,0.0,2013-03-23,0.0,-0.383873068696,0.0,0.504772472082,0.0,0.0,0.120899403386,0.120899403386,0.0604497016928
2013-03-24,,,,,0.0,,,,,,,,,,,,,,,,,,,,,0,0.0,0.0,0.0,,,1.0,1.0,0.0,0.0,0.0,1.0,0.0,0.0,1.0,0.0,0.0,0.0,0.0,0.0,2013-03-24,0.0,0.0,0.0,0.0,0.0,0.0,0.0,,
2013-03-25,,,,,0.0,1.0,0.0,0.0,1.0,,,,,1.0,0.0,0.0,1.0,,,,,,,,,2,2.0,0.0,2.0,1.0,0.0,3.0,0.0,0.0,0.0,1.0,0.0,0.0,0.0,2.0,0.0,0.0,0.0,0.0,0.0,2013-03-25,0.0,0.654514238174,0.0,0.454295224874,0.0,0.0,1.10880946305,1.10880946305,0.554404731524
2013-03-26,,,,,0.0,,,,,,,,,,,,,,,,,,,,,0,0.0,0.0,0.0,,,3.0,0.0,0.0,0.0,1.0,0.0,0.0,0.0,2.0,0.0,0.0,0.0,0.0,0.0,2013-03-26,0.0,0.0,0.0,0.0,0.0,0.0,0.0,,
2013-03-27,,,,,0.0,1.0,0.0,0.0,1.0,,,,,0.0,1.0,0.0,1.0,,,,,,,,,2,1.0,1.0,0.0,0.5,0.5,2.0,1.0,0.0,0.0,2.0,0.0,0.0,0.0,0.0,1.0,0.0,0.0,0.0,0.0,2013-03-27,0.0,0.589062814356,0.0,-0.591134297614,0.0,0.0,-0.0020714832576,-0.0020714832576,-0.0010357416288
2013-03-28,,,,,0.0,1.0,0.0,0.0,1.0,,,,,,,,,,,,,,,,,1,1.0,0.0,1.0,1.0,0.0,3.0,1.0,0.0,0.0,3.0,0.0,0.0,0.0,0.0,1.0,0.0,0.0,0.0,0.0,2013-03-28,0.0,0.530156532921,0.0,0.0,0.0,0.0,0.530156532921,0.530156532921,0.530156532921
2013-03-29,,,,,0.0,,,,,,,,,,,,,,,,,,,,,0,0.0,0.0,0.0,,,3.0,1.0,0.0,0.0,3.0,0.0,0.0,0.0,0.0,1.0,0.0,0.0,0.0,0.0,2013-03-29,0.0,0.0,0.0,0.0,0.0,0.0,0.0,,
2013-03-30,,,,,0.0,1.0,0.0,0.0,1.0,,,,,1.0,0.0,0.0,1.0,,,,,,,,,2,2.0,0.0,2.0,1.0,0.0,5.0,0.0,0.0,0.0,4.0,0.0,0.0,0.0,1.0,0.0,0.0,0.0,0.0,0.0,2013-03-30,0.0,0.477140879628,0.0,0.467979132148,0.0,0.0,0.945120011776,0.945120011776,0.472560005888
2013-03-31,,,,,0.0,,,,,,,,,,,,,,,,,,,,,0,0.0,0.0,0.0,,,5.0,0.0,0.0,0.0,4.0,0.0,0.0,0.0,1.0,0.0,0.0,0.0,0.0,0.0,2013-03-31,0.0,0.0,0.0,0.0,0.0,0.0,0.0,,
2013-04-01,0.0,1.0,0.0,1.0,1.0,1.0,0.0,0.0,1.0,,,,,,,,,,,,,0.0,1.0,0.0,1.0,3,1.0,2.0,-1.0,0.333333333333,0.666666666667,6.0,2.0,0.0,1.0,5.0,0.0,0.0,0.0,1.0,0.0,0.0,0.0,0.0,1.0,2013-04-01,-0.5,0.429426791666,0.0,0.0,0.0,-0.5,-0.570573208334,-0.570573208334,-0.190191069445
2013-04-02,1.0,0.0,0.0,1.0,1.0,,,,,,,,,,,,,,,,,0.0,1.0,0.0,1.0,2,1.0,1.0,0.0,0.5,0.5,7.0,2.0,1.0,0.0,5.0,0.0,0.0,0.0,1.0,0.0,0.0,0.0,0.0,2.0,2013-04-02,0.55,0.0,0.0,0.0,0.0,-0.45,0.1,0.1,0.05
2013-04-03,1.0,0.0,0.0,1.0,1.0,1.0,0.0,0.0,1.0,,,,,1.0,0.0,0.0,1.0,,,,,1.0,0.0,0.0,1.0,4,4.0,0.0,4.0,1.0,0.0,11.0,0.0,2.0,0.0,6.0,0.0,0.0,0.0,2.0,0.0,0.0,0.0,1.0,0.0,2013-04-03,0.495,0.386484112499,0.0,0.421181218933,0.0,0.595,1.89766533143,1.89766533143,0.474416332858
2013-04-04,,,,,1.0,,,,,,,,,,,,,,,,,1.0,0.0,0.0,1.0,1,1.0,0.0,1.0,1.0,0.0,12.0,0.0,2.0,0.0,6.0,0.0,0.0,0.0,2.0,0.0,0.0,0.0,2.0,0.0,2013-04-04,0.0,0.0,0.0,0.0,0.0,0.5355,0.5355,0.5355,0.5355
2013-04-05,1.0,0.0,0.0,1.0,1.0,1.0,0.0,0.0,1.0,,,,,1.0,0.0,0.0,1.0,,,,,1.0,0.0,0.0,1.0,4,4.0,0.0,4.0,1.0,0.0,16.0,0.0,3.0,0.0,7.0,0.0,0.0,0.0,3.0,0.0,0.0,0.0,3.0,0.0,2013-04-05,0.4455,0.347835701249,0.0,0.37906309704,0.0,0.48195,1.65434879829,1.65434879829,0.413587199572
2013-04-06,0.0,1.0,0.0,1.0,1.0,,,,,,,,,,,,,,,,,1.0,0.0,0.0,1.0,2,1.0,1.0,0.0,0.5,0.5,14.0,1.0,0.0,1.0,7.0,0.0,0.0,0.0,3.0,0.0,0.0,0.0,4.0,0.0,2013-04-06,-0.59905,0.0,0.0,0.0,0.0,0.433755,-0.165295,-0.165295,-0.0826475
2013-04-07,0.0,1.0,0.0,1.0,1.0,0.0,1.0,0.0,1.0,,,,,0.0,1.0,0.0,1.0,,,,,1.0,0.0,0.0,1.0,4,1.0,3.0,-2.0,0.25,0.75,5.0,4.0,0.0,2.0,0.0,1.0,0.0,0.0,0.0,1.0,0.0,0.0,5.0,0.0,2013-04-07,-0.539145,-0.686947868876,0.0,-0.658843212664,0.0,0.3903795,-1.49455658154,-1.49455658154,-0.373639145385
2013-04-08,1.0,0.0,0.0,1.0,1.0,,,,,,,,,,,,,,,,,,,,,1,1.0,0.0,1.0,1.0,0.0,6.0,2.0,1.0,0.0,0.0,1.0,0.0,0.0,0.0,1.0,0.0,0.0,5.0,0.0,2013-04-08,0.5147695,0.0,0.0,0.0,0.0,0.0,0.5147695,0.5147695,0.5147695
2013-04-09,1.0,0.0,0.0,1.0,1.0,0.0,1.0,0.0,1.0,,,,,1.0,0.0,0.0,1.0,,,,,1.0,0.0,0.0,1.0,4,3.0,1.0,2.0,0.75,0.25,9.0,2.0,2.0,0.0,0.0,2.0,0.0,0.0,1.0,0.0,0.0,0.0,6.0,0.0,2013-04-09,0.46329255,-0.618253081988,0.0,0.407041108602,0.0,0.35134155,0.603422126614,0.603422126614,0.150855531653
2013-04-10,1.0,0.0,0.0,1.0,1.0,,,,,,,,,,,,,,,,,1.0,0.0,0.0,1.0,2,2.0,0.0,2.0,1.0,0.0,11.0,2.0,3.0,0.0,0.0,2.0,0.0,0.0,1.0,0.0,0.0,0.0,7.0,0.0,2013-04-10,0.416963295,0.0,0.0,0.0,0.0,0.316207395,0.73317069,0.73317069,0.366585345
2013-04-11,1.0,0.0,0.0,1.0,1.0,1.0,0.0,0.0,1.0,,,,,0.0,1.0,0.0,1.0,,,,,1.0,0.0,0.0,1.0,4,3.0,1.0,2.0,0.75,0.25,13.0,1.0,4.0,0.0,1.0,0.0,0.0,0.0,0.0,1.0,0.0,0.0,8.0,0.0,2013-04-11,0.3752669655,0.443572226211,0.0,-0.633663002258,0.0,0.2845866555,0.469762844952,0.469762844952,0.117440711238
2013-04-12,0.0,1.0,0.0,1.0,1.0,,,,,,,,,0.0,1.0,0.0,1.0,,,,,1.0,0.0,0.0,1.0,3,1.0,2.0,-1.0,0.333333333333,0.666666666667,10.0,3.0,0.0,1.0,1.0,0.0,0.0,0.0,0.0,2.0,0.0,0.0,9.0,0.0,2013-04-12,-0.66225973105,0.0,0.0,-0.570296702032,0.0,0.25612798995,-0.976428443132,-0.976428443132,-0.325476147711
2013-04-13,1.0,0.0,0.0,1.0,1.0,0.0,1.0,0.0,1.0,,,,,,,,,,,,,0.0,1.0,0.0,1.0,3,1.0,2.0,-1.0,0.333333333333,0.666666666667,1.0,4.0,1.0,0.0,0.0,1.0,0.0,0.0,0.0,2.0,0.0,0.0,0.0,1.0,2013-04-13,0.403966242055,-0.60078499641,0.0,0.0,0.0,-0.769484809045,-0.9663035634,-0.9663035634,-0.3221011878
2013-04-14,1.0,0.0,0.0,1.0,1.0,,,,,,,,,,,,,,,,,0.0,1.0,0.0,1.0,2,1.0,1.0,0.0,0.5,0.5,2.0,5.0,2.0,0.0,0.0,1.0,0.0,0.0,0.0,2.0,0.0,0.0,0.0,2.0,2013-04-14,0.36356961785,0.0,0.0,0.0,0.0,-0.692536328141,-0.328966710291,-0.328966710291,-0.164483355145
2013-04-15,,,,,1.0,1.0,0.0,0.0,1.0,,,,,1.0,0.0,0.0,1.0,,,,,1.0,0.0,0.0,1.0,3,3.0,0.0,3.0,1.0,0.0,5.0,0.0,2.0,0.0,1.0,0.0,0.0,0.0,1.0,0.0,0.0,0.0,1.0,0.0,2013-04-15,0.0,0.459293503231,0.0,0.486732968171,0.0,0.376717304674,1.32274377608,1.32274377608,0.440914592025
2013-04-16,0.0,1.0,0.0,1.0,1.0,1.0,0.0,0.0,1.0,,,,,,,,,,,,,1.0,0.0,0.0,1.0,3,2.0,1.0,1.0,0.666666666667,0.333333333333,5.0,1.0,0.0,1.0,2.0,0.0,0.0,0.0,1.0,0.0,0.0,0.0,2.0,0.0,2013-04-16,-0.672787343935,0.413364152908,0.0,0.0,0.0,0.339045574206,0.0796223831783,0.0796223831783,0.0265407943928
2013-04-17,0.0,1.0,0.0,1.0,1.0,,,,,,,,,1.0,0.0,0.0,1.0,,,,,1.0,0.0,0.0,1.0,3,2.0,1.0,1.0,0.666666666667,0.333333333333,7.0,2.0,0.0,2.0,2.0,0.0,0.0,0.0,2.0,0.0,0.0,0.0,3.0,0.0,2013-04-17,-0.605508609542,0.0,0.0,0.438059671354,0.0,0.305141016786,0.137692078597,0.137692078597,0.0458973595325
2013-04-18,0.0,1.0,0.0,1.0,1.0,1.0,0.0,0.0,1.0,,,,,,,,,,,,,,,,,2,1.0,1.0,0.0,0.5,0.5,6.0,3.0,0.0,3.0,3.0,0.0,0.0,0.0,0.0,0.0,0.0,0.0,3.0,0.0,2013-04-18,-0.544957748588,0.372027737617,0.0,0.0,0.0,0.0,-0.172930010971,-0.172930010971,-0.0864650054855
2013-04-19,1.0,0.0,0.0,1.0,1.0,,,,,,,,,,,,,,,,,0.0,1.0,0.0,1.0,2,1.0,1.0,0.0,0.5,0.5,4.0,1.0,1.0,0.0,3.0,0.0,0.0,0.0,0.0,0.0,0.0,0.0,0.0,1.0,2013-04-19,0.509538026271,0.0,0.0,0.0,0.0,-0.725373084893,-0.215835058622,-0.215835058622,-0.107917529311
2013-04-20,1.0,0.0,0.0,1.0,1.0,,,,,,,,,,,,,,,,,0.0,1.0,0.0,1.0,2,1.0,1.0,0.0,0.5,0.5,5.0,2.0,2.0,0.0,3.0,0.0,0.0,0.0,0.0,0.0,0.0,0.0,0.0,2.0,2013-04-20,0.458584223644,0.0,0.0,0.0,0.0,-0.652835776404,-0.19425155276,-0.19425155276,-0.0971257763799
2013-04-21,1.0,0.0,0.0,1.0,1.0,0.0,1.0,0.0,1.0,,,,,,,,,,,,,0.0,1.0,0.0,1.0,3,1.0,2.0,-1.0,0.333333333333,0.666666666667,3.0,4.0,3.0,0.0,0.0,1.0,0.0,0.0,0.0,0.0,0.0,0.0,0.0,3.0,2013-04-21,0.41272580128,-0.665175036145,0.0,0.0,0.0,-0.587552198763,-0.840001433629,-0.840001433629,-0.280000477876
2013-04-22,1.0,0.0,0.0,1.0,1.0,,,,,,,,,,,,,,,,,0.0,1.0,0.0,1.0,2,1.0,1.0,0.0,0.5,0.5,4.0,5.0,4.0,0.0,0.0,1.0,0.0,0.0,0.0,0.0,0.0,0.0,0.0,4.0,2013-04-22,0.371453221152,0.0,0.0,0.0,0.0,-0.528796978887,-0.157343757735,-0.157343757735,-0.0786718788677
2013-04-23,0.0,1.0,0.0,1.0,1.0,1.0,0.0,0.0,1.0,,,,,,,,,,,,,1.0,0.0,0.0,1.0,3,2.0,1.0,1.0,0.666666666667,0.333333333333,2.0,1.0,0.0,1.0,1.0,0.0,0.0,0.0,0.0,0.0,0.0,0.0,1.0,0.0,2013-04-23,-0.665692100964,0.40134246747,0.0,0.0,0.0,0.524082719002,0.259733085508,0.259733085508,0.0865776951693
2013-04-24,0.0,1.0,0.0,1.0,1.0,0.0,1.0,0.0,1.0,,,,,,,,,,,,,0.0,1.0,0.0,1.0,3,0.0,3.0,-3.0,0.0,1.0,0.0,4.0,0.0,2.0,0.0,1.0,0.0,0.0,0.0,0.0,0.0,0.0,0.0,1.0,2013-04-24,-0.599122890867,-0.638791779277,0.0,0.0,0.0,-0.528325552898,-1.76624022304,-1.76624022304,-0.588746741014
2013-04-25,,,,,1.0,,,,,,,,,,,,,,,,,0.0,1.0,0.0,1.0,1,0.0,1.0,-1.0,0.0,1.0,0.0,5.0,0.0,2.0,0.0,1.0,0.0,0.0,0.0,0.0,0.0,0.0,0.0,2.0,2013-04-25,0.0,0.0,0.0,0.0,0.0,-0.475492997609,-0.475492997609,-0.475492997609,-0.475492997609
2013-04-26,0.0,1.0,0.0,1.0,1.0,,,,,,,,,,,,,,,,,0.0,1.0,0.0,1.0,2,0.0,2.0,-2.0,0.0,1.0,0.0,7.0,0.0,3.0,0.0,1.0,0.0,0.0,0.0,0.0,0.0,0.0,0.0,3.0,2013-04-26,-0.53921060178,0.0,0.0,0.0,0.0,-0.427943697848,-0.967154299628,-0.967154299628,-0.483577149814
2013-04-27,0.0,1.0,0.0,1.0,1.0,0.0,1.0,0.0,1.0,,,,,,,,,,,,,0.0,1.0,0.0,1.0,3,0.0,3.0,-3.0,0.0,1.0,0.0,10.0,0.0,4.0,0.0,2.0,0.0,0.0,0.0,0.0,0.0,0.0,0.0,4.0,2013-04-27,-0.485289541602,-0.57491260135,0.0,0.0,0.0,-0.385149328063,-1.44535147102,-1.44535147102,-0.481783823672
2013-04-28,0.0,1.0,0.0,1.0,1.0,,,,,,,,,,,,,,,,,1.0,0.0,0.0,1.0,2,1.0,1.0,0.0,0.5,0.5,1.0,7.0,0.0,5.0,0.0,2.0,0.0,0.0,0.0,0.0,0.0,0.0,1.0,0.0,2013-04-28,-0.436760587442,0.0,0.0,0.0,0.0,0.653365604743,0.216605017301,0.216605017301,0.108302508651
2013-04-29,1.0,0.0,0.0,1.0,1.0,,,,,,,,,,,,,,,,,1.0,0.0,0.0,1.0,2,2.0,0.0,2.0,1.0,0.0,3.0,2.0,1.0,0.0,0.0,2.0,0.0,0.0,0.0,0.0,0.0,0.0,2.0,0.0,2013-04-29,0.606915471302,0.0,0.0,0.0,0.0,0.588029044269,1.19494451557,1.19494451557,0.597472257786
2013-04-30,1.0,0.0,0.0,1.0,1.0,,,,,,,,,,,,,,,,,1.0,0.0,0.0,1.0,2,2.0,0.0,2.0,1.0,0.0,5.0,2.0,2.0,0.0,0.0,2.0,0.0,0.0,0.0,0.0,0.0,0.0,3.0,0.0,2013-04-30,0.546223924172,0.0,0.0,0.0,0.0,0.529226139842,1.07545006401,1.07545006401,0.537725032007
2013-05-01,1.0,0.0,0.0,1.0,1.0,1.0,0.0,0.0,1.0,,,,,,,,,,,,,0.0,1.0,0.0,1.0,3,2.0,1.0,1.0,0.666666666667,0.333333333333,4.0,1.0,3.0,0.0,1.0,0.0,0.0,0.0,0.0,0.0,0.0,0.0,0.0,1.0,2013-05-01,0.491601531755,0.482578658785,0.0,0.0,0.0,-0.523696474142,0.450483716398,0.450483716398,0.150161238799
2013-05-02,,,,,1.0,,,,,,,,,,,,,,,,,,,,,0,0.0,0.0,0.0,,,4.0,1.0,3.0,0.0,1.0,0.0,0.0,0.0,0.0,0.0,0.0,0.0,0.0,1.0,2013-05-02,0.0,0.0,0.0,0.0,0.0,0.0,0.0,,
2013-05-03,1.0,0.0,0.0,1.0,1.0,1.0,0.0,0.0,1.0,,,,,,,,,,,,,1.0,0.0,0.0,1.0,3,3.0,0.0,3.0,1.0,0.0,7.0,0.0,4.0,0.0,2.0,0.0,0.0,0.0,0.0,0.0,0.0,0.0,1.0,0.0,2013-05-03,0.442441378579,0.434320792907,0.0,0.0,0.0,0.528673173272,1.40543534476,1.40543534476,0.468478448253
2013-05-04,1.0,0.0,0.0,1.0,1.0,,,,,,,,,,,,,,,,,0.0,1.0,0.0,1.0,2,1.0,1.0,0.0,0.5,0.5,7.0,1.0,5.0,0.0,2.0,0.0,0.0,0.0,0.0,0.0,0.0,0.0,0.0,1.0,2013-05-04,0.398197240721,0.0,0.0,0.0,0.0,-0.524194144055,-0.125996903334,-0.125996903334,-0.0629984516669
2013-05-05,1.0,0.0,0.0,1.0,1.0,1.0,0.0,0.0,1.0,,,,,,,,,,,,,1.0,0.0,0.0,1.0,3,3.0,0.0,3.0,1.0,0.0,10.0,0.0,6.0,0.0,3.0,0.0,0.0,0.0,0.0,0.0,0.0,0.0,1.0,0.0,2013-05-05,0.358377516649,0.390888713616,0.0,0.0,0.0,0.52822527035,1.27749150062,1.27749150062,0.425830500205
2013-05-06,0.0,1.0,0.0,1.0,1.0,,,,,,,,,,,,,,,,,0.0,1.0,0.0,1.0,2,0.0,2.0,-2.0,0.0,1.0,3.0,2.0,0.0,1.0,3.0,0.0,0.0,0.0,0.0,0.0,0.0,0.0,0.0,1.0,2013-05-06,-0.677460235016,0.0,0.0,0.0,0.0,-0.524597256685,-1.2020574917,-1.2020574917,-0.60102874585
2013-05-07,0.0,1.0,0.0,1.0,1.0,1.0,0.0,0.0,1.0,,,,,,,,,,,,,0.0,1.0,0.0,1.0,3,1.0,2.0,-1.0,0.333333333333,0.666666666667,4.0,4.0,0.0,2.0,4.0,0.0,0.0,0.0,0.0,0.0,0.0,0.0,0.0,2.0,2013-05-07,-0.609714211514,0.351799842255,0.0,0.0,0.0,-0.472137531016,-0.730051900276,-0.730051900276,-0.243350633425
2013-05-08,1.0,0.0,0.0,1.0,1.0,,,,,,,,,,,,,,,,,0.0,1.0,0.0,1.0,2,1.0,1.0,0.0,0.5,0.5,5.0,3.0,1.0,0.0,4.0,0.0,0.0,0.0,0.0,0.0,0.0,0.0,0.0,3.0,2013-05-08,0.451257209637,0.0,0.0,0.0,0.0,-0.424923777915,0.0263334317227,0.0263334317227,0.0131667158613
2013-05-09,0.0,1.0,0.0,1.0,1.0,,,,,,,,,,,,,,,,,0.0,1.0,0.0,1.0,2,0.0,2.0,-2.0,0.0,1.0,4.0,5.0,0.0,1.0,4.0,0.0,0.0,0.0,0.0,0.0,0.0,0.0,0.0,4.0,2013-05-09,-0.593868511327,0.0,0.0,0.0,0.0,-0.382431400123,-0.97629991145,-0.97629991145,-0.488149955725
2013-05-10,1.0,0.0,0.0,1.0,1.0,,,,,,,,,,,,,,,,,0.0,1.0,0.0,1.0,2,1.0,1.0,0.0,0.5,0.5,5.0,5.0,1.0,0.0,4.0,0.0,0.0,0.0,0.0,0.0,0.0,0.0,0.0,5.0,2013-05-10,0.465518339806,0.0,0.0,0.0,0.0,-0.344188260111,0.121330079695,0.121330079695,0.0606650398477
2013-05-11,1.0,0.0,0.0,1.0,1.0,,,,,,,,,,,,,,,,,1.0,0.0,0.0,1.0,2,2.0,0.0,2.0,1.0,0.0,7.0,0.0,2.0,0.0,4.0,0.0,0.0,0.0,0.0,0.0,0.0,0.0,1.0,0.0,2013-05-11,0.418966505826,0.0,0.0,0.0,0.0,0.6902305659,1.10919707173,1.10919707173,0.554598535863
2013-05-12,1.0,0.0,0.0,1.0,1.0,,,,,,,,,,,,,,,,,0.0,1.0,0.0,1.0,2,1.0,1.0,0.0,0.5,0.5,7.0,1.0,3.0,0.0,4.0,0.0,0.0,0.0,0.0,0.0,0.0,0.0,0.0,1.0,2013-05-12,0.377069855243,0.0,0.0,0.0,0.0,-0.37879249069,-0.00172263544676,-0.00172263544676,-0.000861317723382
2013-05-13,,,,,1.0,,,,,,,,,,,,,,,,,1.0,0.0,0.0,1.0,1,1.0,0.0,1.0,1.0,0.0,8.0,0.0,3.0,0.0,4.0,0.0,0.0,0.0,0.0,0.0,0.0,0.0,1.0,0.0,2013-05-13,0.0,0.0,0.0,0.0,0.0,0.659086758379,0.659086758379,0.659086758379,0.659086758379
2013-05-14,0.0,1.0,0.0,1.0,1.0,0.0,1.0,0.0,1.0,,,,,,,,,,,,,0.0,1.0,0.0,1.0,3,0.0,3.0,-3.0,0.0,1.0,0.0,3.0,0.0,1.0,0.0,1.0,0.0,0.0,0.0,0.0,0.0,0.0,0.0,1.0,2013-05-14,-0.660637130281,-0.683380141971,0.0,0.0,0.0,-0.406821917459,-1.75083918971,-1.75083918971,-0.583613063237
2013-05-15,0.0,1.0,0.0,1.0,1.0,,,,,,,,,,,,,,,,,0.0,1.0,0.0,1.0,2,0.0,2.0,-2.0,0.0,1.0,0.0,5.0,0.0,2.0,0.0,1.0,0.0,0.0,0.0,0.0,0.0,0.0,0.0,2.0,2013-05-15,-0.594573417253,0.0,0.0,0.0,0.0,-0.366139725713,-0.960713142966,-0.960713142966,-0.480356571483
2013-05-16,1.0,0.0,0.0,1.0,1.0,0.0,1.0,0.0,1.0,,,,,,,,,,,,,,,,,2,1.0,1.0,0.0,0.5,0.5,1.0,4.0,1.0,0.0,0.0,2.0,0.0,0.0,0.0,0.0,0.0,0.0,0.0,2.0,2013-05-16,0.464883924472,-0.615042127774,0.0,0.0,0.0,0.0,-0.150158203302,-0.150158203302,-0.0750791016509
2013-05-17,0.0,1.0,0.0,1.0,1.0,,,,,,,,,,,,,,,,,1.0,0.0,0.0,1.0,2,1.0,1.0,0.0,0.5,0.5,1.0,3.0,0.0,1.0,0.0,2.0,0.0,0.0,0.0,0.0,0.0,0.0,1.0,0.0,2013-05-17,-0.581604467975,0.0,0.0,0.0,0.0,0.670474246858,0.0888697788834,0.0888697788834,0.0444348894417
2013-05-18,0.0,1.0,0.0,1.0,1.0,1.0,0.0,0.0,1.0,,,,,,,,,,,,,1.0,0.0,0.0,1.0,3,2.0,1.0,1.0,0.666666666667,0.333333333333,3.0,2.0,0.0,2.0,1.0,0.0,0.0,0.0,0.0,0.0,0.0,0.0,2.0,0.0,2013-05-18,-0.523444021178,0.446462085004,0.0,0.0,0.0,0.603426822173,0.526444885999,0.526444885999,0.175481628666
2013-05-19,0.0,1.0,0.0,1.0,1.0,,,,,,,,,,,,,,,,,1.0,0.0,0.0,1.0,2,1.0,1.0,0.0,0.5,0.5,4.0,3.0,0.0,3.0,1.0,0.0,0.0,0.0,0.0,0.0,0.0,0.0,3.0,0.0,2013-05-19,-0.47109961906,0.0,0.0,0.0,0.0,0.543084139955,0.0719845208955,0.0719845208955,0.0359922604478
2013-05-20,1.0,0.0,0.0,1.0,1.0,,,,,,,,,,,,,,,,,1.0,0.0,0.0,1.0,2,2.0,0.0,2.0,1.0,0.0,6.0,0.0,1.0,0.0,1.0,0.0,0.0,0.0,0.0,0.0,0.0,0.0,4.0,0.0,2013-05-20,0.576010342846,0.0,0.0,0.0,0.0,0.48877572596,1.06478606881,1.06478606881,0.532393034403
2013-05-21,1.0,0.0,0.0,1.0,1.0,1.0,0.0,0.0,1.0,,,,,,,,,,,,,1.0,0.0,0.0,1.0,3,3.0,0.0,3.0,1.0,0.0,9.0,0.0,2.0,0.0,2.0,0.0,0.0,0.0,0.0,0.0,0.0,0.0,5.0,0.0,2013-05-21,0.518409308562,0.401815876503,0.0,0.0,0.0,0.439898153364,1.36012333843,1.36012333843,0.453374446143
2013-05-22,0.0,1.0,0.0,1.0,1.0,,,,,,,,,,,,,,,,,0.0,1.0,0.0,1.0,2,0.0,2.0,-2.0,0.0,1.0,2.0,2.0,0.0,1.0,2.0,0.0,0.0,0.0,0.0,0.0,0.0,0.0,0.0,1.0,2013-05-22,-0.533431622295,0.0,0.0,0.0,0.0,-0.604091661973,-1.13752328427,-1.13752328427,-0.568761642134
2013-05-23,,,,,1.0,0.0,1.0,0.0,1.0,,,,,,,,,,,,,,,,,1,0.0,1.0,-1.0,0.0,1.0,0.0,3.0,0.0,1.0,0.0,1.0,0.0,0.0,0.0,0.0,0.0,0.0,0.0,1.0,2013-05-23,0.0,-0.638365711147,0.0,0.0,0.0,0.0,-0.638365711147,-0.638365711147,-0.638365711147
2013-05-24,0.0,1.0,0.0,1.0,1.0,,,,,,,,,,,,,,,,,1.0,0.0,0.0,1.0,2,1.0,1.0,0.0,0.5,0.5,1.0,3.0,0.0,2.0,0.0,1.0,0.0,0.0,0.0,0.0,0.0,0.0,1.0,0.0,2013-05-24,-0.480088460065,0.0,0.0,0.0,0.0,0.456317504225,-0.0237709558404,-0.0237709558404,-0.0118854779202
2013-05-25,1.0,0.0,0.0,1.0,1.0,,,,,,,,,,,,,,,,,1.0,0.0,0.0,1.0,2,2.0,0.0,2.0,1.0,0.0,3.0,1.0,1.0,0.0,0.0,1.0,0.0,0.0,0.0,0.0,0.0,0.0,2.0,0.0,2013-05-25,0.567920385941,0.0,0.0,0.0,0.0,0.410685753802,0.978606139744,0.978606139744,0.489303069872
2013-05-26,1.0,0.0,0.0,1.0,1.0,1.0,0.0,0.0,1.0,,,,,,,,,,,,,1.0,0.0,0.0,1.0,3,3.0,0.0,3.0,1.0,0.0,6.0,0.0,2.0,0.0,1.0,0.0,0.0,0.0,0.0,0.0,0.0,0.0,3.0,0.0,2013-05-26,0.511128347347,0.425470859968,0.0,0.0,0.0,0.369617178422,1.30621638574,1.30621638574,0.435405461912
2013-05-27,0.0,1.0,0.0,1.0,1.0,,,,,,,,,,,,,,,,,1.0,0.0,0.0,1.0,2,1.0,1.0,0.0,0.5,0.5,5.0,1.0,0.0,1.0,1.0,0.0,0.0,0.0,0.0,0.0,0.0,0.0,4.0,0.0,2013-05-27,-0.539984487387,0.0,0.0,0.0,0.0,0.33265546058,-0.207329026808,-0.207329026808,-0.103664513404
2013-05-28,0.0,1.0,0.0,1.0,1.0,0.0,1.0,0.0,1.0,,,,,,,,,,,,,1.0,0.0,0.0,1.0,3,1.0,2.0,-1.0,0.333333333333,0.666666666667,5.0,3.0,0.0,2.0,0.0,1.0,0.0,0.0,0.0,0.0,0.0,0.0,5.0,0.0,2013-05-28,-0.485986038649,-0.617076226029,0.0,0.0,0.0,0.299389914522,-0.803672350156,-0.803672350156,-0.267890783385
2013-05-29,0.0,1.0,0.0,1.0,1.0,,,,,,,,,,,,,,,,,1.0,0.0,0.0,1.0,2,1.0,1.0,0.0,0.5,0.5,6.0,3.0,0.0,3.0,0.0,0.0,0.0,0.0,0.0,0.0,0.0,0.0,6.0,0.0,2013-05-29,-0.437387434784,0.0,0.0,0.0,0.0,0.26945092307,-0.167936511714,-0.167936511714,-0.0839682558571
2013-05-30,1.0,0.0,0.0,1.0,1.0,,,,,,,,,,,,,,,,,0.0,1.0,0.0,1.0,2,1.0,1.0,0.0,0.5,0.5,1.0,1.0,1.0,0.0,0.0,0.0,0.0,0.0,0.0,0.0,0.0,0.0,0.0,1.0,2013-05-30,0.606351308695,0.0,0.0,0.0,0.0,-0.757494169237,-0.151142860543,-0.151142860543,-0.0755714302714
2013-05-31,,,,,1.0,,,,,,,,,,,,,,,,,1.0,0.0,0.0,1.0,1,1.0,0.0,1.0,1.0,0.0,2.0,0.0,1.0,0.0,0.0,0.0,0.0,0.0,0.0,0.0,0.0,0.0,1.0,0.0,2013-05-31,0.0,0.0,0.0,0.0,0.0,0.318255247686,0.318255247686,0.318255247686,0.318255247686
2013-06-01,0.0,2.0,0.0,2.0,1.0,,,,,,,,,,,,,,,,,1.0,0.0,0.0,1.0,2,1.0,2.0,-1.0,0.333333333333,0.666666666667,3.0,0.0,1.0,0.0,0.0,0.0,0.0,0.0,0.0,0.0,0.0,0.0,2.0,0.0,2013-06-01,-0.454283822175,0.0,0.0,0.0,0.0,0.286429722918,-0.167854099257,-0.167854099257,-0.0839270496286
2013-06-02,1.0,0.0,0.0,1.0,1.0,,,,,,,,,,,,,,,,,1.0,0.0,0.0,1.0,2,2.0,0.0,2.0,1.0,0.0,5.0,0.0,2.0,0.0,0.0,0.0,0.0,0.0,0.0,0.0,0.0,0.0,3.0,0.0,2013-06-02,0.591144560043,0.0,0.0,0.0,0.0,0.257786750626,0.848931310669,0.848931310669,0.424465655334
2013-06-03,,,,,1.0,,,,,,,,,,,,,,,,,1.0,0.0,0.0,1.0,1,1.0,0.0,1.0,1.0,0.0,6.0,0.0,2.0,0.0,0.0,0.0,0.0,0.0,0.0,0.0,0.0,0.0,4.0,0.0,2013-06-03,0.0,0.0,0.0,0.0,0.0,0.232008075563,0.232008075563,0.232008075563,0.232008075563
2013-06-04,1.0,0.0,0.0,1.0,1.0,,,,,,,,,,,,,,,,,0.0,1.0,0.0,1.0,2,1.0,1.0,0.0,0.5,0.5,3.0,1.0,3.0,0.0,0.0,0.0,0.0,0.0,0.0,0.0,0.0,0.0,0.0,1.0,2013-06-04,0.532030104038,0.0,0.0,0.0,0.0,-0.791192731993,-0.259162627955,-0.259162627955,-0.129581313977
2013-06-05,0.0,1.0,0.0,1.0,1.0,,,,,,,,,,,,,,,,,1.0,0.0,0.0,1.0,2,1.0,1.0,0.0,0.5,0.5,1.0,1.0,0.0,1.0,0.0,0.0,0.0,0.0,0.0,0.0,0.0,0.0,1.0,0.0,2013-06-05,-0.521172906366,0.0,0.0,0.0,0.0,0.287926541206,-0.233246365159,-0.233246365159,-0.11662318258
2013-06-06,,,,,1.0,,,,,,,,,,,,,,,,,1.0,0.0,0.0,1.0,1,1.0,0.0,1.0,1.0,0.0,2.0,1.0,0.0,1.0,0.0,0.0,0.0,0.0,0.0,0.0,0.0,0.0,2.0,0.0,2013-06-06,0.0,0.0,0.0,0.0,0.0,0.259133887086,0.259133887086,0.259133887086,0.259133887086
2013-06-07,0.0,1.0,0.0,1.0,1.0,,,,,,,,,,,,,,,,,1.0,0.0,0.0,1.0,2,1.0,1.0,0.0,0.5,0.5,3.0,2.0,0.0,2.0,0.0,0.0,0.0,0.0,0.0,0.0,0.0,0.0,3.0,0.0,2013-06-07,-0.469055615729,0.0,0.0,0.0,0.0,0.233220498377,-0.235835117352,-0.235835117352,-0.117917558676
2013-06-08,1.0,0.0,0.0,1.0,1.0,,,,,,,,,,,,,,,,,0.0,1.0,0.0,1.0,2,1.0,1.0,0.0,0.5,0.5,1.0,1.0,1.0,0.0,0.0,0.0,0.0,0.0,0.0,0.0,0.0,0.0,0.0,1.0,2013-06-08,0.577849945844,0.0,0.0,0.0,0.0,-0.790101551461,-0.212251605617,-0.212251605617,-0.106125802808
2013-06-09,1.0,0.0,0.0,1.0,1.0,,,,,,,,,,,,,,,,,0.0,1.0,0.0,1.0,2,1.0,1.0,0.0,0.5,0.5,2.0,2.0,2.0,0.0,0.0,0.0,0.0,0.0,0.0,0.0,0.0,0.0,0.0,2.0,2013-06-09,0.52006495126,0.0,0.0,0.0,0.0,-0.711091396315,-0.191026445055,-0.191026445055,-0.0955132225275
2013-06-10,,,,,1.0,,,,,,,,,,,,,,,,,,,,,0,0.0,0.0,0.0,,,2.0,2.0,2.0,0.0,0.0,0.0,0.0,0.0,0.0,0.0,0.0,0.0,0.0,2.0,2013-06-10,0.0,0.0,0.0,0.0,0.0,0.0,0.0,,
2013-06-11,0.0,1.0,0.0,1.0,1.0,,,,,,,,,,,,,,,,,1.0,0.0,0.0,1.0,2,1.0,1.0,0.0,0.5,0.5,1.0,1.0,0.0,1.0,0.0,0.0,0.0,0.0,0.0,0.0,0.0,0.0,1.0,0.0,2013-06-11,-0.531941543866,0.0,0.0,0.0,0.0,0.360017743317,-0.171923800549,-0.171923800549,-0.0859619002747
2013-06-12,0.0,1.0,0.0,1.0,1.0,,,,,,,,,,,,,,,,,1.0,0.0,0.0,1.0,2,1.0,1.0,0.0,0.5,0.5,2.0,2.0,0.0,2.0,0.0,0.0,0.0,0.0,0.0,0.0,0.0,0.0,2.0,0.0,2013-06-12,-0.47874738948,0.0,0.0,0.0,0.0,0.324015968985,-0.154731420495,-0.154731420495,-0.0773657102473
2013-06-13,1.0,0.0,0.0,1.0,1.0,,,,,,,,,,,,,,,,,1.0,0.0,0.0,1.0,2,2.0,0.0,2.0,1.0,0.0,4.0,0.0,1.0,0.0,0.0,0.0,0.0,0.0,0.0,0.0,0.0,0.0,3.0,0.0,2013-06-13,0.569127349468,0.0,0.0,0.0,0.0,0.291614372087,0.860741721555,0.860741721555,0.430370860777
2013-06-14,1.0,0.0,0.0,1.0,1.0,,,,,,,,,,,,,,,,,0.0,1.0,0.0,1.0,2,1.0,1.0,0.0,0.5,0.5,2.0,1.0,2.0,0.0,0.0,0.0,0.0,0.0,0.0,0.0,0.0,0.0,0.0,1.0,2013-06-14,0.512214614521,0.0,0.0,0.0,0.0,-0.737547065122,-0.225332450601,-0.225332450601,-0.1126662253
2013-06-15,0.0,1.0,0.0,1.0,1.0,,,,,,,,,,,,,,,,,0.0,1.0,0.0,1.0,2,0.0,2.0,-2.0,0.0,1.0,0.0,3.0,0.0,1.0,0.0,0.0,0.0,0.0,0.0,0.0,0.0,0.0,0.0,2.0,2013-06-15,-0.539006846931,0.0,0.0,0.0,0.0,-0.66379235861,-1.20279920554,-1.20279920554,-0.60139960277
2013-06-16,0.0,1.0,0.0,1.0,1.0,,,,,,,,,,,,,,,,,1.0,0.0,0.0,1.0,2,1.0,1.0,0.0,0.5,0.5,1.0,2.0,0.0,2.0,0.0,0.0,0.0,0.0,0.0,0.0,0.0,0.0,1.0,0.0,2013-06-16,-0.485106162238,0.0,0.0,0.0,0.0,0.402586877251,-0.0825192849865,-0.0825192849865,-0.0412596424932
2013-06-17,0.0,1.0,0.0,1.0,1.0,,,,,,,,,,,,,,,,,0.0,1.0,0.0,1.0,2,0.0,2.0,-2.0,0.0,1.0,0.0,4.0,0.0,3.0,0.0,0.0,0.0,0.0,0.0,0.0,0.0,0.0,0.0,1.0,2013-06-17,-0.436595546014,0.0,0.0,0.0,0.0,-0.637671810474,-1.07426735649,-1.07426735649,-0.537133678244
2013-06-18,1.0,0.0,0.0,1.0,1.0,,,,,,,,,,,,,,,,,1.0,0.0,0.0,1.0,2,2.0,0.0,2.0,1.0,0.0,2.0,0.0,1.0,0.0,0.0,0.0,0.0,0.0,0.0,0.0,0.0,0.0,1.0,0.0,2013-06-18,0.607064008587,0.0,0.0,0.0,0.0,0.426095370573,1.03315937916,1.03315937916,0.51657968958
2013-06-19,1.0,0.0,0.0,1.0,1.0,,,,,,,,,,,,,,,,,0.0,1.0,0.0,1.0,2,1.0,1.0,0.0,0.5,0.5,2.0,1.0,2.0,0.0,0.0,0.0,0.0,0.0,0.0,0.0,0.0,0.0,0.0,1.0,2013-06-19,0.546357607729,0.0,0.0,0.0,0.0,-0.616514166484,-0.0701565587551,-0.0701565587551,-0.0350782793776
2013-06-20,0.0,1.0,0.0,1.0,1.0,,,,,,,,,,,,,,,,,0.0,1.0,0.0,1.0,2,0.0,2.0,-2.0,0.0,1.0,0.0,3.0,0.0,1.0,0.0,0.0,0.0,0.0,0.0,0.0,0.0,0.0,0.0,2.0,2013-06-20,-0.508278153044,0.0,0.0,0.0,0.0,-0.554862749835,-1.06314090288,-1.06314090288,-0.53157045144
2013-06-21,0.0,1.0,0.0,1.0,1.0,,,,,,,,,,,,,,,,,1.0,0.0,0.0,1.0,2,1.0,1.0,0.0,0.5,0.5,1.0,2.0,0.0,2.0,0.0,0.0,0.0,0.0,0.0,0.0,0.0,0.0,1.0,0.0,2013-06-21,-0.45745033774,0.0,0.0,0.0,0.0,0.500623525148,0.0431731874083,0.0431731874083,0.0215865937042
2013-06-22,1.0,0.0,0.0,1.0,1.0,,,,,,,,,,,,,,,,,0.0,1.0,0.0,1.0,2,1.0,1.0,0.0,0.5,0.5,1.0,1.0,1.0,0.0,0.0,0.0,0.0,0.0,0.0,0.0,0.0,0.0,0.0,1.0,2013-06-22,0.588294696034,0.0,0.0,0.0,0.0,-0.549438827367,0.0388558686675,0.0388558686675,0.0194279343338
2013-06-23,0.0,1.0,0.0,1.0,1.0,,,,,,,,,,,,,,,,,0.0,1.0,0.0,1.0,2,0.0,2.0,-2.0,0.0,1.0,0.0,3.0,0.0,1.0,0.0,0.0,0.0,0.0,0.0,0.0,0.0,0.0,0.0,2.0,2013-06-23,-0.470534773569,0.0,0.0,0.0,0.0,-0.49449494463,-0.965029718199,-0.965029718199,-0.4825148591
2013-06-24,0.0,1.0,0.0,1.0,1.0,,,,,,,,,,,,,,,,,,,,,1,0.0,1.0,-1.0,0.0,1.0,0.0,4.0,0.0,2.0,0.0,0.0,0.0,0.0,0.0,0.0,0.0,0.0,0.0,2.0,2013-06-24,-0.423481296212,0.0,0.0,0.0,0.0,0.0,-0.423481296212,-0.423481296212,-0.423481296212
2013-06-25,0.0,1.0,0.0,1.0,1.0,,,,,,,,,,,,,,,,,1.0,0.0,0.0,1.0,2,1.0,1.0,0.0,0.5,0.5,1.0,3.0,0.0,3.0,0.0,0.0,0.0,0.0,0.0,0.0,0.0,0.0,1.0,0.0,2013-06-25,-0.381133166591,0.0,0.0,0.0,0.0,0.554954549833,0.173821383242,0.173821383242,0.086910691621
2013-06-26,0.0,1.0,0.0,1.0,1.0,,,,,,,,,,,,,,,,,1.0,0.0,0.0,1.0,2,1.0,1.0,0.0,0.5,0.5,2.0,4.0,0.0,4.0,0.0,0.0,0.0,0.0,0.0,0.0,0.0,0.0,2.0,0.0,2013-06-26,-0.343019849932,0.0,0.0,0.0,0.0,0.49945909485,0.156439244918,0.156439244918,0.0782196224589
2013-06-27,,,,,1.0,,,,,,,,,,,,,,,,,,,,,0,0.0,0.0,0.0,,,2.0,4.0,0.0,4.0,0.0,0.0,0.0,0.0,0.0,0.0,0.0,0.0,2.0,0.0,2013-06-27,0.0,0.0,0.0,0.0,0.0,0.0,0.0,,
2013-06-28,0.0,1.0,0.0,1.0,1.0,,,,,,,,,,,,,,,,,1.0,0.0,0.0,1.0,2,1.0,1.0,0.0,0.5,0.5,3.0,5.0,0.0,5.0,0.0,0.0,0.0,0.0,0.0,0.0,0.0,0.0,3.0,0.0,2013-06-28,-0.308717864939,0.0,0.0,0.0,0.0,0.449513185365,0.140795320426,0.140795320426,0.070397660213
2013-06-29,0.0,1.0,0.0,1.0,1.0,,,,,,,,,,,,,,,,,0.0,1.0,0.0,1.0,2,0.0,2.0,-2.0,0.0,1.0,0.0,7.0,0.0,6.0,0.0,0.0,0.0,0.0,0.0,0.0,0.0,0.0,0.0,1.0,2013-06-29,-0.277846078445,0.0,0.0,0.0,0.0,-0.595438133172,-0.873284211617,-0.873284211617,-0.436642105808
2013-06-30,1.0,0.0,0.0,1.0,1.0,,,,,,,,,,,,,,,,,1.0,0.0,0.0,1.0,2,2.0,0.0,2.0,1.0,0.0,2.0,0.0,1.0,0.0,0.0,0.0,0.0,0.0,0.0,0.0,0.0,0.0,1.0,0.0,2013-06-30,0.7499385294,0.0,0.0,0.0,0.0,0.464105680145,1.21404420955,1.21404420955,0.607022104773
2013-07-01,0.0,1.0,0.0,1.0,1.0,,,,,,,,,,,,,,,,,,,,,1,0.0,1.0,-1.0,0.0,1.0,1.0,1.0,0.0,1.0,0.0,0.0,0.0,0.0,0.0,0.0,0.0,0.0,1.0,0.0,2013-07-01,-0.32505532354,0.0,0.0,0.0,0.0,0.0,-0.32505532354,-0.32505532354,-0.32505532354
2013-07-02,0.0,1.0,0.0,1.0,1.0,,,,,,,,,,,,,,,,,1.0,0.0,0.0,1.0,2,1.0,1.0,0.0,0.5,0.5,2.0,2.0,0.0,2.0,0.0,0.0,0.0,0.0,0.0,0.0,0.0,0.0,2.0,0.0,2013-07-02,-0.292549791186,0.0,0.0,0.0,0.0,0.417695112131,0.125145320945,0.125145320945,0.0625726604723
2013-07-03,0.0,1.0,0.0,1.0,1.0,,,,,,,,,,,,,,,,,0.0,1.0,0.0,1.0,2,0.0,2.0,-2.0,0.0,1.0,0.0,4.0,0.0,3.0,0.0,0.0,0.0,0.0,0.0,0.0,0.0,0.0,0.0,1.0,2013-07-03,-0.263294812068,0.0,0.0,0.0,0.0,-0.624074399082,-0.88736921115,-0.88736921115,-0.443684605575
2013-07-04,,,,,1.0,,,,,,,,,,,,,,,,,1.0,0.0,0.0,1.0,1,1.0,0.0,1.0,1.0,0.0,1.0,3.0,0.0,3.0,0.0,0.0,0.0,0.0,0.0,0.0,0.0,0.0,1.0,0.0,2013-07-04,0.0,0.0,0.0,0.0,0.0,0.438333040826,0.438333040826,0.438333040826,0.438333040826
2013-07-05,0.0,1.0,0.0,1.0,1.0,,,,,,,,,,,,,,,,,1.0,0.0,0.0,1.0,2,1.0,1.0,0.0,0.5,0.5,2.0,4.0,0.0,4.0,0.0,0.0,0.0,0.0,0.0,0.0,0.0,0.0,2.0,0.0,2013-07-05,-0.236965330861,0.0,0.0,0.0,0.0,0.394499736743,0.157534405882,0.157534405882,0.0787672029412
2013-07-06,1.0,0.0,0.0,1.0,1.0,,,,,,,,,,,,,,,,,0.0,1.0,0.0,1.0,2,1.0,1.0,0.0,0.5,0.5,1.0,1.0,1.0,0.0,0.0,0.0,0.0,0.0,0.0,0.0,0.0,0.0,0.0,1.0,2013-07-06,0.786731202225,0.0,0.0,0.0,0.0,-0.644950236931,0.141780965294,0.141780965294,0.0708904826471
2013-07-07,0.0,1.0,0.0,1.0,1.0,,,,,,,,,,,,,,,,,1.0,0.0,0.0,1.0,2,1.0,1.0,0.0,0.5,0.5,1.0,1.0,0.0,1.0,0.0,0.0,0.0,0.0,0.0,0.0,0.0,0.0,1.0,0.0,2013-07-07,-0.291941917997,0.0,0.0,0.0,0.0,0.419544786762,0.127602868765,0.127602868765,0.0638014343824
2013-07-08,0.0,1.0,0.0,1.0,1.0,,,,,,,,,,,,,,,,,1.0,0.0,0.0,1.0,2,1.0,1.0,0.0,0.5,0.5,2.0,2.0,0.0,2.0,0.0,0.0,0.0,0.0,0.0,0.0,0.0,0.0,2.0,0.0,2013-07-08,-0.262747726198,0.0,0.0,0.0,0.0,0.377590308086,0.114842581888,0.114842581888,0.0574212909442
2013-07-09,0.0,1.0,0.0,1.0,1.0,,,,,,,,,,,,,,,,,1.0,0.0,0.0,1.0,2,1.0,1.0,0.0,0.5,0.5,3.0,3.0,0.0,3.0,0.0,0.0,0.0,0.0,0.0,0.0,0.0,0.0,3.0,0.0,2013-07-09,-0.236472953578,0.0,0.0,0.0,0.0,0.339831277277,0.103358323699,0.103358323699,0.0516791618497
2013-07-10,0.0,1.0,0.0,1.0,1.0,,,,,,,,,,,,,,,,,0.0,1.0,0.0,1.0,2,0.0,2.0,-2.0,0.0,1.0,0.0,5.0,0.0,4.0,0.0,0.0,0.0,0.0,0.0,0.0,0.0,0.0,0.0,1.0,2013-07-10,-0.21282565822,0.0,0.0,0.0,0.0,-0.69415185045,-0.90697750867,-0.90697750867,-0.453488754335
2013-07-11,1.0,0.0,0.0,1.0,1.0,,,,,,,,,,,,,,,,,,,,,1,1.0,0.0,1.0,1.0,0.0,1.0,1.0,1.0,0.0,0.0,0.0,0.0,0.0,0.0,0.0,0.0,0.0,0.0,1.0,2013-07-11,0.808456907602,0.0,0.0,0.0,0.0,0.0,0.808456907602,0.808456907602,0.808456907602
2013-07-12,1.0,0.0,0.0,1.0,1.0,,,,,,,,,,,,,,,,,0.0,1.0,0.0,1.0,2,1.0,1.0,0.0,0.5,0.5,2.0,2.0,2.0,0.0,0.0,0.0,0.0,0.0,0.0,0.0,0.0,0.0,0.0,2.0,2013-07-12,0.727611216842,0.0,0.0,0.0,0.0,-0.624736665405,0.102874551436,0.102874551436,0.0514372757182
2013-07-13,1.0,0.0,0.0,1.0,1.0,,,,,,,,,,,,,,,,,1.0,0.0,0.0,1.0,2,2.0,0.0,2.0,1.0,0.0,4.0,0.0,3.0,0.0,0.0,0.0,0.0,0.0,0.0,0.0,0.0,0.0,1.0,0.0,2013-07-13,0.654850095158,0.0,0.0,0.0,0.0,0.437737001135,1.09258709629,1.09258709629,0.546293548146
2013-07-14,0.0,1.0,0.0,1.0,1.0,,,,,,,,,,,,,,,,,1.0,0.0,0.0,1.0,2,1.0,1.0,0.0,0.5,0.5,2.0,1.0,0.0,1.0,0.0,0.0,0.0,0.0,0.0,0.0,0.0,0.0,2.0,0.0,2013-07-14,-0.410634914358,0.0,0.0,0.0,0.0,0.393963301022,-0.0166716133365,-0.0166716133365,-0.00833580666826
2013-07-15,,,,,0.0,,,,,,,,,,,,,,,,,,,,,0,0.0,0.0,0.0,,,2.0,1.0,0.0,1.0,0.0,0.0,0.0,0.0,0.0,0.0,0.0,0.0,2.0,0.0,2013-07-15,0.0,0.0,0.0,0.0,0.0,0.0,0.0,,
2013-07-16,,,,,0.0,,,,,,,,,,,,,,,,,,,,,0,0.0,0.0,0.0,,,2.0,1.0,0.0,1.0,0.0,0.0,0.0,0.0,0.0,0.0,0.0,0.0,2.0,0.0,2013-07-16,0.0,0.0,0.0,0.0,0.0,0.0,0.0,,
2013-07-17,,,,,0.0,,,,,,,,,,,,,,,,,,,,,0,0.0,0.0,0.0,,,2.0,1.0,0.0,1.0,0.0,0.0,0.0,0.0,0.0,0.0,0.0,0.0,2.0,0.0,2013-07-17,0.0,0.0,0.0,0.0,0.0,0.0,0.0,,
2013-07-18,,,,,0.0,,,,,,,,,,,,,,,,,,,,,0,0.0,0.0,0.0,,,2.0,1.0,0.0,1.0,0.0,0.0,0.0,0.0,0.0,0.0,0.0,0.0,2.0,0.0,2013-07-18,0.0,0.0,0.0,0.0,0.0,0.0,0.0,,
2013-07-19,1.0,0.0,0.0,1.0,1.0,,,,,,,,,,,,,,,,,0.0,1.0,0.0,1.0,2,1.0,1.0,0.0,0.5,0.5,1.0,1.0,1.0,0.0,0.0,0.0,0.0,0.0,0.0,0.0,0.0,0.0,0.0,1.0,2013-07-19,0.630428577078,0.0,0.0,0.0,0.0,-0.645433029081,-0.0150044520029,-0.0150044520029,-0.00750222600143
2013-07-20,1.0,0.0,0.0,1.0,1.0,,,,,,,,,,,,,,,,,0.0,1.0,0.0,1.0,2,1.0,1.0,0.0,0.5,0.5,2.0,2.0,2.0,0.0,0.0,0.0,0.0,0.0,0.0,0.0,0.0,0.0,0.0,2.0,2013-07-20,0.56738571937,0.0,0.0,0.0,0.0,-0.580889726172,-0.0135040068026,-0.0135040068026,-0.00675200340129
2013-07-21,0.0,1.0,0.0,1.0,1.0,,,,,,,,,,,,,,,,,1.0,0.0,0.0,1.0,2,1.0,1.0,0.0,0.5,0.5,1.0,1.0,0.0,1.0,0.0,0.0,0.0,0.0,0.0,0.0,0.0,0.0,1.0,0.0,2013-07-21,-0.489352852567,0.0,0.0,0.0,0.0,0.477199246445,-0.0121536061223,-0.0121536061223,-0.00607680306116
2013-07-22,0.0,1.0,0.0,1.0,1.0,,,,,,,,,,,,,,,,,1.0,0.0,0.0,1.0,2,1.0,1.0,0.0,0.5,0.5,2.0,2.0,0.0,2.0,0.0,0.0,0.0,0.0,0.0,0.0,0.0,0.0,2.0,0.0,2013-07-22,-0.44041756731,0.0,0.0,0.0,0.0,0.4294793218,-0.0109382455101,-0.0109382455101,-0.00546912275504
2013-07-23,1.0,1.0,0.0,2.0,1.0,,,,,,,,,,,,,,,,,0.0,1.0,0.0,1.0,2,1.0,2.0,-1.0,0.333333333333,0.666666666667,1.0,4.0,1.0,3.0,0.0,0.0,0.0,0.0,0.0,0.0,0.0,0.0,0.0,1.0,2013-07-23,0.103624189421,0.0,0.0,0.0,0.0,-0.61346861038,-0.509844420959,-0.509844420959,-0.25492221048
2013-07-24,0.0,1.0,0.0,1.0,1.0,,,,,,,,,,,,,,,,,1.0,0.0,0.0,1.0,2,1.0,1.0,0.0,0.5,0.5,1.0,4.0,0.0,4.0,0.0,0.0,0.0,0.0,0.0,0.0,0.0,0.0,1.0,0.0,2013-07-24,-0.406738229521,0.0,0.0,0.0,0.0,0.447878250658,0.0411400211368,0.0411400211368,0.0205700105684
2013-07-25,,,,,1.0,,,,,,,,,,,,,,,,,0.0,1.0,0.0,1.0,1,0.0,1.0,-1.0,0.0,1.0,0.0,5.0,0.0,4.0,0.0,0.0,0.0,0.0,0.0,0.0,0.0,0.0,0.0,1.0,2013-07-25,0.0,0.0,0.0,0.0,0.0,-0.596909574408,-0.596909574408,-0.596909574408,-0.596909574408
2013-07-26,0.0,1.0,0.0,1.0,1.0,,,,,,,,,,,,,,,,,1.0,0.0,0.0,1.0,2,1.0,1.0,0.0,0.5,0.5,1.0,5.0,0.0,5.0,0.0,0.0,0.0,0.0,0.0,0.0,0.0,0.0,1.0,0.0,2013-07-26,-0.366064406569,0.0,0.0,0.0,0.0,0.462781383033,0.0967169764639,0.0967169764639,0.048358488232
2013-07-27,0.0,1.0,0.0,1.0,1.0,,,,,,,,,,,,,,,,,1.0,0.0,0.0,1.0,2,1.0,1.0,0.0,0.5,0.5,2.0,6.0,0.0,6.0,0.0,0.0,0.0,0.0,0.0,0.0,0.0,0.0,2.0,0.0,2013-07-27,-0.329457965912,0.0,0.0,0.0,0.0,0.41650324473,0.0870452788175,0.0870452788175,0.0435226394088
2013-07-28,0.0,1.0,0.0,1.0,1.0,,,,,,,,,,,,,,,,,1.0,0.0,0.0,1.0,2,1.0,1.0,0.0,0.5,0.5,3.0,7.0,0.0,7.0,0.0,0.0,0.0,0.0,0.0,0.0,0.0,0.0,3.0,0.0,2013-07-28,-0.296512169321,0.0,0.0,0.0,0.0,0.374852920257,0.0783407509358,0.0783407509358,0.0391703754679
2013-07-29,,,,,1.0,,,,,,,,,,,,,,,,,1.0,0.0,0.0,1.0,1,1.0,0.0,1.0,1.0,0.0,4.0,7.0,0.0,7.0,0.0,0.0,0.0,0.0,0.0,0.0,0.0,0.0,4.0,0.0,2013-07-29,0.0,0.0,0.0,0.0,0.0,0.337367628231,0.337367628231,0.337367628231,0.337367628231
2013-07-30,0.0,1.0,0.0,1.0,1.0,,,,,,,,,,,,,,,,,0.0,1.0,0.0,1.0,2,0.0,2.0,-2.0,0.0,1.0,0.0,9.0,0.0,8.0,0.0,0.0,0.0,0.0,0.0,0.0,0.0,0.0,0.0,1.0,2013-07-30,-0.266860952389,0.0,0.0,0.0,0.0,-0.696369134592,-0.963230086981,-0.963230086981,-0.48161504349
2013-07-31,1.0,0.0,0.0,1.0,1.0,,,,,,,,,,,,,,,,,0.0,1.0,0.0,1.0,2,1.0,1.0,0.0,0.5,0.5,1.0,2.0,1.0,0.0,0.0,0.0,0.0,0.0,0.0,0.0,0.0,0.0,0.0,2.0,2013-07-31,0.75982514285,0.0,0.0,0.0,0.0,-0.626732221133,0.133092921717,0.133092921717,0.0665464608586
2013-08-01,1.0,0.0,0.0,1.0,1.0,,,,,,,,,,,,,,,,,,,,,1,1.0,0.0,1.0,1.0,0.0,2.0,2.0,2.0,0.0,0.0,0.0,0.0,0.0,0.0,0.0,0.0,0.0,0.0,2.0,2013-08-01,0.683842628565,0.0,0.0,0.0,0.0,0.0,0.683842628565,0.683842628565,0.683842628565
2013-08-02,1.0,0.0,0.0,1.0,1.0,,,,,,,,,,,,,,,,,0.0,1.0,0.0,1.0,2,1.0,1.0,0.0,0.5,0.5,3.0,3.0,3.0,0.0,0.0,0.0,0.0,0.0,0.0,0.0,0.0,0.0,0.0,3.0,2013-08-02,0.615458365708,0.0,0.0,0.0,0.0,-0.564058999019,0.051399366689,0.051399366689,0.0256996833445
2013-08-03,0.0,1.0,0.0,1.0,1.0,,,,,,,,,,,,,,,,,1.0,0.0,0.0,1.0,2,1.0,1.0,0.0,0.5,0.5,1.0,1.0,0.0,1.0,0.0,0.0,0.0,0.0,0.0,0.0,0.0,0.0,1.0,0.0,2013-08-03,-0.446087470862,0.0,0.0,0.0,0.0,0.492346900882,0.0462594300201,0.0462594300201,0.02312971501
2013-08-04,0.0,1.0,0.0,1.0,1.0,,,,,,,,,,,,,,,,,0.0,1.0,0.0,1.0,2,0.0,2.0,-2.0,0.0,1.0,0.0,3.0,0.0,2.0,0.0,0.0,0.0,0.0,0.0,0.0,0.0,0.0,0.0,1.0,2013-08-04,-0.401478723776,0.0,0.0,0.0,0.0,-0.556887789206,-0.958366512982,-0.958366512982,-0.479183256491
2013-08-05,1.0,0.0,0.0,1.0,1.0,,,,,,,,,,,,,,,,,,,,,1,1.0,0.0,1.0,1.0,0.0,1.0,1.0,1.0,0.0,0.0,0.0,0.0,0.0,0.0,0.0,0.0,0.0,0.0,1.0,2013-08-05,0.638669148601,0.0,0.0,0.0,0.0,0.0,0.638669148601,0.638669148601,0.638669148601
2013-08-06,0.0,1.0,0.0,1.0,1.0,,,,,,,,,,,,,,,,,0.0,1.0,0.0,1.0,2,0.0,2.0,-2.0,0.0,1.0,0.0,3.0,0.0,1.0,0.0,0.0,0.0,0.0,0.0,0.0,0.0,0.0,0.0,2.0,2013-08-06,-0.425197766259,0.0,0.0,0.0,0.0,-0.501199010285,-0.926396776544,-0.926396776544,-0.463198388272
2013-08-07,0.0,1.0,0.0,1.0,1.0,,,,,,,,,,,,,,,,,0.0,1.0,0.0,1.0,2,0.0,2.0,-2.0,0.0,1.0,0.0,5.0,0.0,2.0,0.0,0.0,0.0,0.0,0.0,0.0,0.0,0.0,0.0,3.0,2013-08-07,-0.382677989633,0.0,0.0,0.0,0.0,-0.451079109257,-0.83375709889,-0.83375709889,-0.416878549445
2013-08-08,1.0,0.0,0.0,1.0,1.0,,,,,,,,,,,,,,,,,,,,,1,1.0,0.0,1.0,1.0,0.0,1.0,3.0,1.0,0.0,0.0,0.0,0.0,0.0,0.0,0.0,0.0,0.0,0.0,3.0,2013-08-08,0.65558980933,0.0,0.0,0.0,0.0,0.0,0.65558980933,0.65558980933,0.65558980933
2013-08-09,0.0,1.0,0.0,1.0,1.0,,,,,,,,,,,,,,,,,1.0,0.0,0.0,1.0,2,1.0,1.0,0.0,0.5,0.5,1.0,1.0,0.0,1.0,0.0,0.0,0.0,0.0,0.0,0.0,0.0,0.0,1.0,0.0,2013-08-09,-0.409969171603,0.0,0.0,0.0,0.0,0.594028801669,0.184059630066,0.184059630066,0.0920298150332
2013-08-10,1.0,0.0,0.0,1.0,1.0,,,,,,,,,,,,,,,,,0.0,1.0,0.0,1.0,2,1.0,1.0,0.0,0.5,0.5,1.0,1.0,1.0,0.0,0.0,0.0,0.0,0.0,0.0,0.0,0.0,0.0,0.0,1.0,2013-08-10,0.631027745558,0.0,0.0,0.0,0.0,-0.465374078498,0.16565366706,0.16565366706,0.0828268335299
2013-08-11,0.0,1.0,0.0,1.0,1.0,,,,,,,,,,,,,,,,,1.0,0.0,0.0,1.0,2,1.0,1.0,0.0,0.5,0.5,1.0,1.0,0.0,1.0,0.0,0.0,0.0,0.0,0.0,0.0,0.0,0.0,1.0,0.0,2013-08-11,-0.432075028998,0.0,0.0,0.0,0.0,0.581163329352,0.149088300354,0.149088300354,0.0745441501769
2013-08-12,,,,,1.0,,,,,,,,,,,,,,,,,1.0,0.0,0.0,1.0,1,1.0,0.0,1.0,1.0,0.0,2.0,1.0,0.0,1.0,0.0,0.0,0.0,0.0,0.0,0.0,0.0,0.0,2.0,0.0,2013-08-12,0.0,0.0,0.0,0.0,0.0,0.523046996417,0.523046996417,0.523046996417,0.523046996417
2013-08-13,0.0,1.0,0.0,1.0,1.0,,,,,,,,,,,,,,,,,0.0,1.0,0.0,1.0,2,0.0,2.0,-2.0,0.0,1.0,0.0,3.0,0.0,2.0,0.0,0.0,0.0,0.0,0.0,0.0,0.0,0.0,0.0,1.0,2013-08-13,-0.388867526098,0.0,0.0,0.0,0.0,-0.529257703225,-0.918125229323,-0.918125229323,-0.459062614662
2013-08-14,0.0,1.0,0.0,1.0,1.0,,,,,,,,,,,,,,,,,0.0,1.0,0.0,1.0,2,0.0,2.0,-2.0,0.0,1.0,0.0,5.0,0.0,3.0,0.0,0.0,0.0,0.0,0.0,0.0,0.0,0.0,0.0,2.0,2013-08-14,-0.349980773488,0.0,0.0,0.0,0.0,-0.476331932902,-0.826312706391,-0.826312706391,-0.413156353195
2013-08-15,1.0,0.0,0.0,1.0,1.0,,,,,,,,,,,,,,,,,1.0,0.0,0.0,1.0,2,2.0,0.0,2.0,1.0,0.0,2.0,0.0,1.0,0.0,0.0,0.0,0.0,0.0,0.0,0.0,0.0,0.0,1.0,0.0,2013-08-15,0.68501730386,0.0,0.0,0.0,0.0,0.571301260388,1.25631856425,1.25631856425,0.628159282124
2013-08-16,1.0,0.0,0.0,1.0,1.0,,,,,,,,,,,,,,,,,1.0,0.0,0.0,1.0,2,2.0,0.0,2.0,1.0,0.0,4.0,0.0,2.0,0.0,0.0,0.0,0.0,0.0,0.0,0.0,0.0,0.0,2.0,0.0,2013-08-16,0.616515573474,0.0,0.0,0.0,0.0,0.514171134349,1.13068670782,1.13068670782,0.565343353912
2013-08-17,1.0,0.0,0.0,1.0,1.0,,,,,,,,,,,,,,,,,0.0,1.0,0.0,1.0,2,1.0,1.0,0.0,0.5,0.5,3.0,1.0,3.0,0.0,0.0,0.0,0.0,0.0,0.0,0.0,0.0,0.0,0.0,1.0,2013-08-17,0.554864016127,0.0,0.0,0.0,0.0,-0.537245979086,0.017618037041,0.017618037041,0.0088090185205
2013-08-18,0.0,1.0,0.0,1.0,1.0,,,,,,,,,,,,,,,,,1.0,0.0,0.0,1.0,2,1.0,1.0,0.0,0.5,0.5,1.0,1.0,0.0,1.0,0.0,0.0,0.0,0.0,0.0,0.0,0.0,0.0,1.0,0.0,2013-08-18,-0.500622385486,0.0,0.0,0.0,0.0,0.516478618823,0.0158562333369,0.0158562333369,0.00792811666845
2013-08-19,0.0,1.0,0.0,1.0,1.0,,,,,,,,,,,,,,,,,1.0,0.0,0.0,1.0,2,1.0,1.0,0.0,0.5,0.5,2.0,2.0,0.0,2.0,0.0,0.0,0.0,0.0,0.0,0.0,0.0,0.0,2.0,0.0,2013-08-19,-0.450560146937,0.0,0.0,0.0,0.0,0.46483075694,0.0142706100032,0.0142706100032,0.00713530500161
2013-08-20,1.0,0.0,0.0,1.0,1.0,,,,,,,,,,,,,,,,,0.0,1.0,0.0,1.0,2,1.0,1.0,0.0,0.5,0.5,1.0,1.0,1.0,0.0,0.0,0.0,0.0,0.0,0.0,0.0,0.0,0.0,0.0,1.0,2013-08-20,0.594495867757,0.0,0.0,0.0,0.0,-0.581652318754,0.0128435490029,0.0128435490029,0.00642177450145
2013-08-21,0.0,1.0,0.0,1.0,1.0,,,,,,,,,,,,,,,,,0.0,1.0,0.0,1.0,2,0.0,2.0,-2.0,0.0,1.0,0.0,3.0,0.0,1.0,0.0,0.0,0.0,0.0,0.0,0.0,0.0,0.0,0.0,2.0,2013-08-21,-0.464953719019,0.0,0.0,0.0,0.0,-0.523487086878,-0.988440805897,-0.988440805897,-0.494220402949
2013-08-22,0.0,1.0,0.0,1.0,1.0,,,,,,,,,,,,,,,,,,,,,1,0.0,1.0,-1.0,0.0,1.0,0.0,4.0,0.0,2.0,0.0,0.0,0.0,0.0,0.0,0.0,0.0,0.0,0.0,2.0,2013-08-22,-0.418458347117,0.0,0.0,0.0,0.0,0.0,-0.418458347117,-0.418458347117,-0.418458347117
2013-08-23,0.0,1.0,0.0,1.0,1.0,,,,,,,,,,,,,,,,,0.0,1.0,0.0,1.0,2,0.0,2.0,-2.0,0.0,1.0,0.0,6.0,0.0,3.0,0.0,0.0,0.0,0.0,0.0,0.0,0.0,0.0,0.0,3.0,2013-08-23,-0.376612512405,0.0,0.0,0.0,0.0,-0.47113837819,-0.847750890596,-0.847750890596,-0.423875445298
2013-08-24,1.0,0.0,0.0,1.0,1.0,,,,,,,,,,,,,,,,,1.0,0.0,0.0,1.0,2,2.0,0.0,2.0,1.0,0.0,2.0,0.0,1.0,0.0,0.0,0.0,0.0,0.0,0.0,0.0,0.0,0.0,1.0,0.0,2013-08-24,0.661048738835,0.0,0.0,0.0,0.0,0.575975459629,1.23702419846,1.23702419846,0.618512099232
2013-08-25,1.0,0.0,0.0,1.0,1.0,,,,,,,,,,,,,,,,,0.0,1.0,0.0,1.0,2,1.0,1.0,0.0,0.5,0.5,2.0,1.0,2.0,0.0,0.0,0.0,0.0,0.0,0.0,0.0,0.0,0.0,0.0,1.0,2013-08-25,0.594943864952,0.0,0.0,0.0,0.0,-0.481622086334,0.113321778617,0.113321778617,0.0566608893086
2013-08-26,0.0,1.0,0.0,1.0,1.0,,,,,,,,,,,,,,,,,1.0,0.0,0.0,1.0,2,1.0,1.0,0.0,0.5,0.5,1.0,1.0,0.0,1.0,0.0,0.0,0.0,0.0,0.0,0.0,0.0,0.0,1.0,0.0,2013-08-26,-0.464550521544,0.0,0.0,0.0,0.0,0.566540122299,0.101989600756,0.101989600756,0.0509948003778
2013-08-27,1.0,0.0,0.0,1.0,1.0,,,,,,,,,,,,,,,,,1.0,0.0,0.0,1.0,2,2.0,0.0,2.0,1.0,0.0,3.0,0.0,1.0,0.0,0.0,0.0,0.0,0.0,0.0,0.0,0.0,0.0,2.0,0.0,2013-08-27,0.581904530611,0.0,0.0,0.0,0.0,0.509886110069,1.09179064068,1.09179064068,0.54589532034
2013-08-28,0.0,1.0,0.0,1.0,1.0,,,,,,,,,,,,,,,,,1.0,0.0,0.0,1.0,2,1.0,1.0,0.0,0.5,0.5,3.0,1.0,0.0,1.0,0.0,0.0,0.0,0.0,0.0,0.0,0.0,0.0,3.0,0.0,2013-08-28,-0.47628592245,0.0,0.0,0.0,0.0,0.458897499062,-0.017388423388,-0.017388423388,-0.008694211694
2013-08-29,,,,,1.0,,,,,,,,,,,,,,,,,0.0,1.0,0.0,1.0,1,0.0,1.0,-1.0,0.0,1.0,0.0,2.0,0.0,1.0,0.0,0.0,0.0,0.0,0.0,0.0,0.0,0.0,0.0,1.0,2013-08-29,0.0,0.0,0.0,0.0,0.0,-0.586992250844,-0.586992250844,-0.586992250844,-0.586992250844
2013-08-30,1.0,0.0,0.0,1.0,1.0,,,,,,,,,,,,,,,,,1.0,0.0,0.0,1.0,2,2.0,0.0,2.0,1.0,0.0,2.0,0.0,1.0,0.0,0.0,0.0,0.0,0.0,0.0,0.0,0.0,0.0,1.0,0.0,2013-08-30,0.571342669795,0.0,0.0,0.0,0.0,0.47170697424,1.04304964404,1.04304964404,0.521524822018
2013-08-31,0.0,1.0,0.0,1.0,1.0,,,,,,,,,,,,,,,,,1.0,0.0,0.0,1.0,2,1.0,1.0,0.0,0.5,0.5,2.0,1.0,0.0,1.0,0.0,0.0,0.0,0.0,0.0,0.0,0.0,0.0,2.0,0.0,2013-08-31,-0.485791597185,0.0,0.0,0.0,0.0,0.424536276816,-0.0612553203683,-0.0612553203683,-0.0306276601842
2013-09-01,1.0,0.0,0.0,1.0,1.0,,,,,,,,,,,,,,,,,1.0,0.0,0.0,1.0,2,2.0,0.0,2.0,1.0,0.0,4.0,0.0,1.0,0.0,0.0,0.0,0.0,0.0,0.0,0.0,0.0,0.0,3.0,0.0,2013-09-01,0.562787562534,0.0,0.0,0.0,0.0,0.382082649135,0.944870211669,0.944870211669,0.472435105834
2013-09-02,0.0,1.0,0.0,1.0,1.0,,,,,,,,,,,,,,,,,1.0,0.0,0.0,1.0,2,1.0,1.0,0.0,0.5,0.5,4.0,1.0,0.0,1.0,0.0,0.0,0.0,0.0,0.0,0.0,0.0,0.0,4.0,0.0,2013-09-02,-0.49349119372,0.0,0.0,0.0,0.0,0.343874384221,-0.149616809498,-0.149616809498,-0.0748084047492
2013-09-03,0.0,1.0,0.0,1.0,1.0,,,,,,,,,,,,,,,,,0.0,1.0,0.0,1.0,2,0.0,2.0,-2.0,0.0,1.0,0.0,3.0,0.0,2.0,0.0,0.0,0.0,0.0,0.0,0.0,0.0,0.0,0.0,1.0,2013-09-03,-0.444142074348,0.0,0.0,0.0,0.0,-0.690513054201,-1.13465512855,-1.13465512855,-0.567327564274
2013-09-04,1.0,0.0,0.0,1.0,1.0,,,,,,,,,,,,,,,,,1.0,0.0,0.0,1.0,2,2.0,0.0,2.0,1.0,0.0,2.0,0.0,1.0,0.0,0.0,0.0,0.0,0.0,0.0,0.0,0.0,0.0,1.0,0.0,2013-09-04,0.600272133087,0.0,0.0,0.0,0.0,0.378538251219,0.978810384306,0.978810384306,0.489405192153
2013-09-05,0.0,1.0,0.0,1.0,1.0,,,,,,,,,,,,,,,,,0.0,1.0,0.0,1.0,2,0.0,2.0,-2.0,0.0,1.0,0.0,2.0,0.0,1.0,0.0,0.0,0.0,0.0,0.0,0.0,0.0,0.0,0.0,1.0,2013-09-05,-0.459755080222,0.0,0.0,0.0,0.0,-0.659315573903,-1.11907065412,-1.11907065412,-0.559535327062
2013-09-06,1.0,0.0,0.0,1.0,1.0,,,,,,,,,,,,,,,,,1.0,0.0,0.0,1.0,2,2.0,0.0,2.0,1.0,0.0,2.0,0.0,1.0,0.0,0.0,0.0,0.0,0.0,0.0,0.0,0.0,0.0,1.0,0.0,2013-09-06,0.586220427801,0.0,0.0,0.0,0.0,0.406615983488,0.992836411288,0.992836411288,0.496418205644
2013-09-07,0.0,1.0,0.0,1.0,1.0,,,,,,,,,,,,,,,,,1.0,0.0,0.0,1.0,2,1.0,1.0,0.0,0.5,0.5,2.0,1.0,0.0,1.0,0.0,0.0,0.0,0.0,0.0,0.0,0.0,0.0,2.0,0.0,2013-09-07,-0.47240161498,0.0,0.0,0.0,0.0,0.365954385139,-0.106447229841,-0.106447229841,-0.0532236149203
2013-09-08,1.0,0.0,0.0,1.0,1.0,,,,,0.0,1.0,0.0,1.0,,,,,1.0,0.0,0.0,1.0,1.0,0.0,0.0,1.0,4,3.0,1.0,2.0,0.75,0.25,5.0,1.0,1.0,0.0,0.0,0.0,0.0,1.0,0.0,0.0,1.0,0.0,3.0,0.0,2013-09-08,0.574838546518,0.0,-0.5,0.0,0.5,0.329358946625,0.904197493143,0.904197493143,0.226049373286
2013-09-09,1.0,0.0,0.0,1.0,1.0,,,,,,,,,,,,,,,,,,,,,1,1.0,0.0,1.0,1.0,0.0,6.0,1.0,2.0,0.0,0.0,0.0,0.0,1.0,0.0,0.0,1.0,0.0,3.0,0.0,2013-09-09,0.517354691867,0.0,0.0,0.0,0.0,0.0,0.517354691867,0.517354691867,0.517354691867
2013-09-10,0.0,1.0,0.0,1.0,1.0,,,,,,,,,,,,,,,,,0.0,1.0,0.0,1.0,2,0.0,2.0,-2.0,0.0,1.0,1.0,3.0,0.0,1.0,0.0,0.0,0.0,1.0,0.0,0.0,1.0,0.0,0.0,1.0,2013-09-10,-0.53438077732,0.0,0.0,0.0,0.0,-0.703576948038,-1.23795772536,-1.23795772536,-0.618978862679
2013-09-11,1.0,0.0,0.0,1.0,1.0,,,,,,,,,,,,,,,,,1.0,0.0,0.0,1.0,2,2.0,0.0,2.0,1.0,0.0,3.0,1.0,1.0,0.0,0.0,0.0,0.0,1.0,0.0,0.0,1.0,0.0,1.0,0.0,2013-09-11,0.519057300412,0.0,0.0,0.0,0.0,0.366780746766,0.885838047178,0.885838047178,0.442919023589
2013-09-12,0.0,1.0,0.0,1.0,1.0,,,,,,,,,,,,,,,,,1.0,0.0,0.0,1.0,2,1.0,1.0,0.0,0.5,0.5,3.0,2.0,0.0,1.0,0.0,0.0,0.0,1.0,0.0,0.0,1.0,0.0,2.0,0.0,2013-09-12,-0.532848429629,0.0,0.0,0.0,0.0,0.33010267209,-0.20274575754,-0.20274575754,-0.10137287877
2013-09-13,1.0,0.0,0.0,1.0,1.0,,,,,,,,,,,,,,,,,1.0,0.0,0.0,1.0,2,2.0,0.0,2.0,1.0,0.0,5.0,1.0,1.0,0.0,0.0,0.0,0.0,1.0,0.0,0.0,1.0,0.0,3.0,0.0,2013-09-13,0.520436413334,0.0,0.0,0.0,0.0,0.297092404881,0.817528818214,0.817528818214,0.408764409107
2013-09-14,1.0,0.0,0.0,1.0,1.0,,,,,,,,,,,,,,,,,1.0,0.0,0.0,1.0,2,2.0,0.0,2.0,1.0,0.0,7.0,1.0,2.0,0.0,0.0,0.0,0.0,1.0,0.0,0.0,1.0,0.0,4.0,0.0,2013-09-14,0.468392772,0.0,0.0,0.0,0.0,0.267383164393,0.735775936393,0.735775936393,0.367887968196
2013-09-15,1.0,0.0,0.0,1.0,1.0,,,,,1.0,0.0,0.0,1.0,,,,,0.0,1.0,0.0,1.0,1.0,0.0,0.0,1.0,4,3.0,1.0,2.0,0.75,0.25,9.0,1.0,3.0,0.0,0.0,0.0,1.0,0.0,0.0,0.0,0.0,1.0,5.0,0.0,2013-09-15,0.4215534948,0.0,0.55,0.0,-0.55,0.240644847953,0.662198342754,0.662198342754,0.165549585688
2013-09-16,,,,,1.0,,,,,,,,,,,,,,,,,0.0,1.0,0.0,1.0,1,0.0,1.0,-1.0,0.0,1.0,4.0,2.0,3.0,0.0,0.0,0.0,1.0,0.0,0.0,0.0,0.0,1.0,0.0,1.0,2013-09-16,0.0,0.0,0.0,0.0,0.0,-0.783419636842,-0.783419636842,-0.783419636842,-0.783419636842
2013-09-17,1.0,0.0,0.0,1.0,1.0,,,,,,,,,,,,,,,,,1.0,0.0,0.0,1.0,2,2.0,0.0,2.0,1.0,0.0,6.0,1.0,4.0,0.0,0.0,0.0,1.0,0.0,0.0,0.0,0.0,1.0,1.0,0.0,2013-09-17,0.37939814532,0.0,0.0,0.0,0.0,0.294922326842,0.674320472162,0.674320472162,0.337160236081
2013-09-18,0.0,1.0,0.0,1.0,1.0,,,,,,,,,,,,,,,,,0.0,1.0,0.0,1.0,2,0.0,2.0,-2.0,0.0,1.0,1.0,3.0,0.0,1.0,0.0,0.0,1.0,0.0,0.0,0.0,0.0,1.0,0.0,1.0,2013-09-18,-0.658541669212,0.0,0.0,0.0,0.0,-0.734569905842,-1.39311157505,-1.39311157505,-0.696555787527
2013-09-19,1.0,0.0,0.0,1.0,1.0,,,,,,,,,,,,,,,,,1.0,0.0,0.0,1.0,2,2.0,0.0,2.0,1.0,0.0,3.0,1.0,1.0,0.0,0.0,0.0,1.0,0.0,0.0,0.0,0.0,1.0,1.0,0.0,2013-09-19,0.407312497709,0.0,0.0,0.0,0.0,0.338887084742,0.746199582452,0.746199582452,0.373099791226
2013-09-20,0.0,1.0,0.0,1.0,1.0,,,,,,,,,,,,,,,,,1.0,0.0,0.0,1.0,2,1.0,1.0,0.0,0.5,0.5,3.0,2.0,0.0,1.0,0.0,0.0,1.0,0.0,0.0,0.0,0.0,1.0,2.0,0.0,2013-09-20,-0.633418752062,0.0,0.0,0.0,0.0,0.304998376268,-0.328420375794,-0.328420375794,-0.164210187897
2013-09-21,0.0,1.0,0.0,1.0,1.0,,,,,,,,,,,,,,,,,1.0,0.0,0.0,1.0,2,1.0,1.0,0.0,0.5,0.5,4.0,3.0,0.0,2.0,0.0,0.0,1.0,0.0,0.0,0.0,0.0,1.0,3.0,0.0,2013-09-21,-0.570076876855,0.0,0.0,0.0,0.0,0.274498538641,-0.295578338214,-0.295578338214,-0.147789169107
2013-09-22,1.0,0.0,0.0,1.0,1.0,,,,,,,,,,,,,0.0,1.0,0.0,1.0,1.0,0.0,0.0,1.0,3,2.0,1.0,1.0,0.666666666667,0.333333333333,6.0,2.0,1.0,0.0,0.0,0.0,1.0,0.0,0.0,0.0,0.0,2.0,4.0,0.0,2013-09-22,0.48693081083,0.0,0.0,0.0,-0.495,0.247048684777,0.238979495607,0.238979495607,0.0796598318691
2013-09-23,,,,,1.0,,,,,0.0,1.0,0.0,1.0,,,,,,,,,1.0,0.0,0.0,1.0,2,1.0,1.0,0.0,0.5,0.5,6.0,3.0,1.0,0.0,0.0,0.0,0.0,1.0,0.0,0.0,0.0,2.0,5.0,0.0,2013-09-23,0.0,0.0,-0.505,0.0,0.0,0.222343816299,-0.282656183701,-0.282656183701,-0.14132809185
2013-09-24,0.0,1.0,0.0,1.0,1.0,,,,,,,,,,,,,,,,,0.0,1.0,0.0,1.0,2,0.0,2.0,-2.0,0.0,1.0,0.0,5.0,0.0,1.0,0.0,0.0,0.0,1.0,0.0,0.0,0.0,2.0,0.0,1.0,2013-09-24,-0.561762270253,0.0,0.0,0.0,0.0,-0.799890565331,-1.36165283558,-1.36165283558,-0.680826417792
2013-09-25,1.0,0.0,0.0,1.0,1.0,,,,,,,,,,,,,,,,,0.0,1.0,0.0,1.0,2,1.0,1.0,0.0,0.5,0.5,1.0,5.0,1.0,0.0,0.0,0.0,0.0,1.0,0.0,0.0,0.0,2.0,0.0,2.0,2013-09-25,0.494413956772,0.0,0.0,0.0,0.0,-0.719901508798,-0.225487552025,-0.225487552025,-0.112743776013
2013-09-26,1.0,0.0,0.0,1.0,1.0,,,,,,,,,,,,,1.0,0.0,0.0,1.0,,,,,2,2.0,0.0,2.0,1.0,0.0,3.0,3.0,2.0,0.0,0.0,0.0,0.0,1.0,0.0,0.0,1.0,0.0,0.0,2.0,2013-09-26,0.444972561095,0.0,0.0,0.0,0.5545,0.0,0.999472561095,0.999472561095,0.499736280548
2013-09-27,1.0,0.0,0.0,1.0,1.0,,,,,,,,,,,,,,,,,1.0,0.0,0.0,1.0,2,2.0,0.0,2.0,1.0,0.0,5.0,1.0,3.0,0.0,0.0,0.0,0.0,1.0,0.0,0.0,1.0,0.0,1.0,0.0,2013-09-27,0.400475304986,0.0,0.0,0.0,0.0,0.352088642082,0.752563947068,0.752563947068,0.376281973534
2013-09-28,0.0,1.0,0.0,1.0,1.0,,,,,,,,,,,,,,,,,0.0,1.0,0.0,1.0,2,0.0,2.0,-2.0,0.0,1.0,1.0,3.0,0.0,1.0,0.0,0.0,0.0,1.0,0.0,0.0,1.0,0.0,0.0,1.0,2013-09-28,-0.639572225513,0.0,0.0,0.0,0.0,-0.683120222126,-1.32269244764,-1.32269244764,-0.661346223819
2013-09-29,1.0,0.0,0.0,1.0,1.0,,,,,0.0,1.0,0.0,1.0,,,,,,,,,1.0,0.0,0.0,1.0,3,2.0,1.0,1.0,0.666666666667,0.333333333333,3.0,2.0,1.0,0.0,0.0,0.0,0.0,2.0,0.0,0.0,1.0,0.0,1.0,0.0,2013-09-29,0.424384997038,0.0,-0.4545,0.0,0.0,0.385191800087,0.355076797125,0.355076797125,0.118358932375
2013-09-30,,,,,0.0,,,,,,,,,,,,,,,,,,,,,0,0.0,0.0,0.0,,,2.0,2.0,0.0,0.0,0.0,0.0,0.0,2.0,0.0,0.0,1.0,0.0,1.0,0.0,2013-09-30,0.0,0.0,0.0,0.0,0.0,0.0,0.0,,
2013-10-01,,,,,0.0,,,,,,,,,,,,,,,,,,,,,0,0.0,0.0,0.0,,,2.0,2.0,0.0,0.0,0.0,0.0,0.0,2.0,0.0,0.0,1.0,0.0,1.0,0.0,2013-10-01,0.0,0.0,0.0,0.0,0.0,0.0,0.0,,
2013-10-02,,,,,0.0,,,,,,,,,,,,,,,,,,,,,0,0.0,0.0,0.0,,,2.0,2.0,0.0,0.0,0.0,0.0,0.0,2.0,0.0,0.0,1.0,0.0,1.0,0.0,2013-10-02,0.0,0.0,0.0,0.0,0.0,0.0,0.0,,
2013-10-03,,,,,0.0,1.0,0.0,0.0,1.0,,,,,,,,,,,,,,,,,1,1.0,0.0,1.0,1.0,0.0,3.0,2.0,0.0,0.0,1.0,0.0,0.0,2.0,0.0,0.0,1.0,0.0,1.0,0.0,2013-10-03,0.0,0.5,0.0,0.0,0.0,0.0,0.5,0.5,0.5
2013-10-04,,,,,1.0,,,,,,,,,,,,,,,,,0.0,1.0,0.0,1.0,1,0.0,1.0,-1.0,0.0,1.0,2.0,3.0,0.0,0.0,1.0,0.0,0.0,2.0,0.0,0.0,1.0,0.0,0.0,1.0,2013-10-04,0.0,0.0,0.0,0.0,0.0,-0.653327379922,-0.653327379922,-0.653327379922,-0.653327379922
2013-10-05,,,,,1.0,1.0,0.0,0.0,1.0,,,,,,,,,,,,,1.0,0.0,0.0,1.0,2,2.0,0.0,2.0,1.0,0.0,4.0,2.0,0.0,0.0,2.0,0.0,0.0,2.0,0.0,0.0,1.0,0.0,1.0,0.0,2013-10-05,0.0,0.45,0.0,0.0,0.0,0.41200535807,0.86200535807,0.86200535807,0.431002679035
2013-10-06,,,,,1.0,,,,,1.0,0.0,0.0,1.0,,,,,1.0,0.0,0.0,1.0,,,,,2,2.0,0.0,2.0,1.0,0.0,6.0,0.0,0.0,0.0,2.0,0.0,1.0,0.0,0.0,0.0,2.0,0.0,1.0,0.0,2013-10-06,0.0,0.0,0.59095,0.0,0.49905,0.0,1.09,1.09,0.545
2013-10-07,,,,,1.0,,,,,,,,,,,,,,,,,1.0,0.0,0.0,1.0,1,1.0,0.0,1.0,1.0,0.0,7.0,0.0,0.0,0.0,2.0,0.0,1.0,0.0,0.0,0.0,2.0,0.0,2.0,0.0,2013-10-07,0.0,0.0,0.0,0.0,0.0,0.370804822263,0.370804822263,0.370804822263,0.370804822263
2013-10-08,,,,,1.0,1.0,0.0,0.0,1.0,,,,,,,,,,,,,0.0,1.0,0.0,1.0,2,1.0,1.0,0.0,0.5,0.5,6.0,1.0,0.0,0.0,3.0,0.0,1.0,0.0,0.0,0.0,2.0,0.0,0.0,1.0,2013-10-08,0.0,0.405,0.0,0.0,0.0,-0.666275659963,-0.261275659963,-0.261275659963,-0.130637829982
2013-10-09,,,,,1.0,,,,,,,,,,,,,,,,,,,,,0,0.0,0.0,0.0,,,6.0,1.0,0.0,0.0,3.0,0.0,1.0,0.0,0.0,0.0,2.0,0.0,0.0,1.0,2013-10-09,0.0,0.0,0.0,0.0,0.0,0.0,0.0,,
2013-10-10,,,,,1.0,1.0,0.0,0.0,1.0,,,,,,,,,,,,,0.0,1.0,0.0,1.0,2,1.0,1.0,0.0,0.5,0.5,7.0,2.0,0.0,0.0,4.0,0.0,1.0,0.0,0.0,0.0,2.0,0.0,0.0,2.0,2013-10-10,0.0,0.3645,0.0,0.0,0.0,-0.599648093967,-0.235148093967,-0.235148093967,-0.117574046983
2013-10-11,,,,,0.0,,,,,,,,,,,,,,,,,,,,,0,0.0,0.0,0.0,,,7.0,0.0,0.0,0.0,4.0,0.0,1.0,0.0,0.0,0.0,2.0,0.0,0.0,0.0,2013-10-11,0.0,0.0,0.0,0.0,0.0,0.0,0.0,,
2013-10-12,,,,,0.0,1.0,0.0,0.0,1.0,,,,,,,,,,,,,,,,,1,1.0,0.0,1.0,1.0,0.0,8.0,0.0,0.0,0.0,5.0,0.0,1.0,0.0,0.0,0.0,2.0,0.0,0.0,0.0,2013-10-12,0.0,0.32805,0.0,0.0,0.0,0.0,0.32805,0.32805,0.32805
2013-10-13,,,,,0.0,,,,,0.0,1.0,0.0,1.0,,,,,1.0,0.0,0.0,1.0,,,,,2,1.0,1.0,0.0,0.5,0.5,8.0,1.0,0.0,0.0,5.0,0.0,0.0,1.0,0.0,0.0,3.0,0.0,0.0,0.0,2013-10-13,0.0,0.0,-0.468145,0.0,0.449145,0.0,-0.019,-0.019,-0.0095
2013-10-14,,,,,0.0,,,,,,,,,,,,,,,,,,,,,0,0.0,0.0,0.0,,,8.0,1.0,0.0,0.0,5.0,0.0,0.0,1.0,0.0,0.0,3.0,0.0,0.0,0.0,2013-10-14,0.0,0.0,0.0,0.0,0.0,0.0,0.0,,
2013-10-15,,,,,0.0,1.0,0.0,0.0,1.0,,,,,,,,,,,,,,,,,1,1.0,0.0,1.0,1.0,0.0,9.0,1.0,0.0,0.0,6.0,0.0,0.0,1.0,0.0,0.0,3.0,0.0,0.0,0.0,2013-10-15,0.0,0.295245,0.0,0.0,0.0,0.0,0.295245,0.295245,0.295245
2013-10-16,,,,,0.0,,,,,,,,,,,,,,,,,,,,,0,0.0,0.0,0.0,,,9.0,1.0,0.0,0.0,6.0,0.0,0.0,1.0,0.0,0.0,3.0,0.0,0.0,0.0,2013-10-16,0.0,0.0,0.0,0.0,0.0,0.0,0.0,,
2013-10-17,,,,,0.0,0.0,1.0,0.0,1.0,,,,,,,,,,,,,,,,,1,0.0,1.0,-1.0,0.0,1.0,3.0,2.0,0.0,0.0,0.0,1.0,0.0,1.0,0.0,0.0,3.0,0.0,0.0,0.0,2013-10-17,0.0,-0.7342795,0.0,0.0,0.0,0.0,-0.7342795,-0.7342795,-0.7342795
2013-10-18,,,,,0.0,,,,,,,,,,,,,,,,,,,,,0,0.0,0.0,0.0,,,3.0,2.0,0.0,0.0,0.0,1.0,0.0,1.0,0.0,0.0,3.0,0.0,0.0,0.0,2013-10-18,0.0,0.0,0.0,0.0,0.0,0.0,0.0,,
2013-10-19,,,,,0.0,1.0,0.0,0.0,1.0,,,,,,,,,,,,,,,,,1,1.0,0.0,1.0,1.0,0.0,4.0,1.0,0.0,0.0,1.0,0.0,0.0,1.0,0.0,0.0,3.0,0.0,0.0,0.0,2013-10-19,0.0,0.33914845,0.0,0.0,0.0,0.0,0.33914845,0.33914845,0.33914845
2013-10-20,,,,,0.0,,,,,,,,,,,,,1.0,0.0,0.0,1.0,,,,,1,1.0,0.0,1.0,1.0,0.0,5.0,1.0,0.0,0.0,1.0,0.0,0.0,1.0,0.0,0.0,4.0,0.0,0.0,0.0,2013-10-20,0.0,0.0,0.0,0.0,0.4042305,0.0,0.4042305,0.4042305,0.4042305
2013-10-21,,,,,0.0,1.0,0.0,0.0,1.0,,,,,,,,,,,,,,,,,1,1.0,0.0,1.0,1.0,0.0,6.0,1.0,0.0,0.0,2.0,0.0,0.0,1.0,0.0,0.0,4.0,0.0,0.0,0.0,2013-10-21,0.0,0.305233605,0.0,0.0,0.0,0.0,0.305233605,0.305233605,0.305233605
2013-10-22,,,,,0.0,,,,,,,,,,,,,,,,,,,,,0,0.0,0.0,0.0,,,6.0,1.0,0.0,0.0,2.0,0.0,0.0,1.0,0.0,0.0,4.0,0.0,0.0,0.0,2013-10-22,0.0,0.0,0.0,0.0,0.0,0.0,0.0,,
2013-10-23,,,,,0.0,,,,,,,,,,,,,,,,,,,,,0,0.0,0.0,0.0,,,6.0,1.0,0.0,0.0,2.0,0.0,0.0,1.0,0.0,0.0,4.0,0.0,0.0,0.0,2013-10-23,0.0,0.0,0.0,0.0,0.0,0.0,0.0,,
2013-10-24,,,,,0.0,0.0,1.0,0.0,1.0,,,,,,,,,,,,,,,,,1,0.0,1.0,-1.0,0.0,1.0,4.0,2.0,0.0,0.0,0.0,1.0,0.0,1.0,0.0,0.0,4.0,0.0,0.0,0.0,2013-10-24,0.0,-0.7252897555,0.0,0.0,0.0,0.0,-0.7252897555,-0.7252897555,-0.7252897555
2013-10-25,,,,,0.0,,,,,,,,,,,,,,,,,,,,,0,0.0,0.0,0.0,,,4.0,2.0,0.0,0.0,0.0,1.0,0.0,1.0,0.0,0.0,4.0,0.0,0.0,0.0,2013-10-25,0.0,0.0,0.0,0.0,0.0,0.0,0.0,,
2013-10-26,,,,,0.0,1.0,0.0,0.0,1.0,,,,,,,,,,,,,,,,,1,1.0,0.0,1.0,1.0,0.0,5.0,1.0,0.0,0.0,1.0,0.0,0.0,1.0,0.0,0.0,4.0,0.0,0.0,0.0,2013-10-26,0.0,0.34723922005,0.0,0.0,0.0,0.0,0.34723922005,0.34723922005,0.34723922005
2013-10-27,,,,,0.0,1.0,0.0,0.0,1.0,1.0,0.0,0.0,1.0,,,,,1.0,0.0,0.0,1.0,,,,,3,3.0,0.0,3.0,1.0,0.0,8.0,0.0,0.0,0.0,2.0,0.0,1.0,0.0,0.0,0.0,5.0,0.0,0.0,0.0,2013-10-27,0.0,0.312515298045,0.5786695,0.0,0.36380745,0.0,1.25499224805,1.25499224805,0.418330749348
2013-10-28,,,,,0.0,,,,,,,,,,,,,,,,,,,,,0,0.0,0.0,0.0,,,8.0,0.0,0.0,0.0,2.0,0.0,1.0,0.0,0.0,0.0,5.0,0.0,0.0,0.0,2013-10-28,0.0,0.0,0.0,0.0,0.0,0.0,0.0,,
2013-10-29,,,,,0.0,,,,,,,,,,,,,,,,,,,,,0,0.0,0.0,0.0,,,8.0,0.0,0.0,0.0,2.0,0.0,1.0,0.0,0.0,0.0,5.0,0.0,0.0,0.0,2013-10-29,0.0,0.0,0.0,0.0,0.0,0.0,0.0,,
2013-10-30,,,,,0.0,0.0,1.0,0.0,1.0,,,,,,,,,,,,,,,,,1,0.0,1.0,-1.0,0.0,1.0,6.0,1.0,0.0,0.0,0.0,1.0,1.0,0.0,0.0,0.0,5.0,0.0,0.0,0.0,2013-10-30,0.0,-0.718736231759,0.0,0.0,0.0,0.0,-0.718736231759,-0.718736231759,-0.718736231759
2013-10-31,,,,,0.0,,,,,,,,,,,,,,,,,,,,,0,0.0,0.0,0.0,,,6.0,1.0,0.0,0.0,0.0,1.0,1.0,0.0,0.0,0.0,5.0,0.0,0.0,0.0,2013-10-31,0.0,0.0,0.0,0.0,0.0,0.0,0.0,,
2013-11-01,,,,,0.0,,,,,,,,,,,,,,,,,,,,,0,0.0,0.0,0.0,,,6.0,1.0,0.0,0.0,0.0,1.0,1.0,0.0,0.0,0.0,5.0,0.0,0.0,0.0,2013-11-01,0.0,0.0,0.0,0.0,0.0,0.0,0.0,,
2013-11-02,,,,,0.0,0.0,1.0,0.0,1.0,,,,,1.0,0.0,0.0,1.0,,,,,,,,,2,1.0,1.0,0.0,0.5,0.5,9.0,2.0,0.0,0.0,0.0,2.0,1.0,0.0,3.0,0.0,5.0,0.0,0.0,0.0,2013-11-02,0.0,-0.646862608584,0.0,0.5,0.0,0.0,-0.146862608584,-0.146862608584,-0.0734313042918
2013-11-03,,,,,0.0,,,,,0.0,1.0,0.0,1.0,,,,,,,,,,,,,1,0.0,1.0,-1.0,0.0,1.0,8.0,3.0,0.0,0.0,0.0,2.0,0.0,1.0,3.0,0.0,5.0,0.0,0.0,0.0,2013-11-03,0.0,0.0,-0.47919745,0.0,0.0,0.0,-0.47919745,-0.47919745,-0.47919745
2013-11-04,,,,,0.0,,,,,,,,,1.0,0.0,0.0,1.0,,,,,,,,,1,1.0,0.0,1.0,1.0,0.0,9.0,3.0,0.0,0.0,0.0,2.0,0.0,1.0,4.0,0.0,5.0,0.0,0.0,0.0,2013-11-04,0.0,0.0,0.0,0.45,0.0,0.0,0.45,0.45,0.45
2013-11-05,,,,,0.0,0.0,1.0,0.0,1.0,,,,,,,,,,,,,,,,,1,0.0,1.0,-1.0,0.0,1.0,9.0,4.0,0.0,0.0,0.0,3.0,0.0,1.0,4.0,0.0,5.0,0.0,0.0,0.0,2013-11-05,0.0,-0.582176347725,0.0,0.0,0.0,0.0,-0.582176347725,-0.582176347725,-0.582176347725
2013-11-06,,,,,0.0,,,,,,,,,1.0,0.0,0.0,1.0,,,,,,,,,1,1.0,0.0,1.0,1.0,0.0,10.0,4.0,0.0,0.0,0.0,3.0,0.0,1.0,5.0,0.0,5.0,0.0,0.0,0.0,2013-11-06,0.0,0.0,0.0,0.405,0.0,0.0,0.405,0.405,0.405
2013-11-07,,,,,0.0,0.0,1.0,0.0,1.0,,,,,,,,,,,,,,,,,1,0.0,1.0,-1.0,0.0,1.0,10.0,5.0,0.0,0.0,0.0,4.0,0.0,1.0,5.0,0.0,5.0,0.0,0.0,0.0,2013-11-07,0.0,-0.523958712953,0.0,0.0,0.0,0.0,-0.523958712953,-0.523958712953,-0.523958712953
2013-11-08,,,,,0.0,,,,,,,,,0.0,1.0,0.0,1.0,,,,,,,,,1,0.0,1.0,-1.0,0.0,1.0,5.0,6.0,0.0,0.0,0.0,4.0,0.0,1.0,0.0,1.0,5.0,0.0,0.0,0.0,2013-11-08,0.0,0.0,0.0,-0.6355,0.0,0.0,-0.6355,-0.6355,-0.6355
2013-11-09,,,,,0.0,,,,,,,,,0.0,1.0,0.0,1.0,,,,,,,,,1,0.0,1.0,-1.0,0.0,1.0,5.0,7.0,0.0,0.0,0.0,4.0,0.0,1.0,0.0,2.0,5.0,0.0,0.0,0.0,2013-11-09,0.0,0.0,0.0,-0.57195,0.0,0.0,-0.57195,-0.57195,-0.57195
2013-11-10,,,,,0.0,0.0,1.0,0.0,1.0,0.0,1.0,0.0,1.0,,,,,0.0,1.0,0.0,1.0,,,,,3,0.0,3.0,-3.0,0.0,1.0,0.0,10.0,0.0,0.0,0.0,5.0,0.0,2.0,0.0,2.0,0.0,1.0,0.0,0.0,2013-11-10,0.0,-0.471562841657,-0.431277705,0.0,-0.672573295,0.0,-1.57541384166,-1.57541384166,-0.525137947219
2013-11-11,,,,,0.0,,,,,,,,,,,,,,,,,,,,,0,0.0,0.0,0.0,,,0.0,10.0,0.0,0.0,0.0,5.0,0.0,2.0,0.0,2.0,0.0,1.0,0.0,0.0,2013-11-11,0.0,0.0,0.0,0.0,0.0,0.0,0.0,,
2013-11-12,,,,,0.0,1.0,0.0,0.0,1.0,,,,,1.0,0.0,0.0,1.0,,,,,,,,,2,2.0,0.0,2.0,1.0,0.0,2.0,3.0,0.0,0.0,1.0,0.0,0.0,2.0,1.0,0.0,0.0,1.0,0.0,0.0,2013-11-12,0.0,0.575593442508,0.0,0.485245,0.0,0.0,1.06083844251,1.06083844251,0.530419221254
2013-11-13,,,,,0.0,,,,,,,,,,,,,,,,,,,,,0,0.0,0.0,0.0,,,2.0,3.0,0.0,0.0,1.0,0.0,0.0,2.0,1.0,0.0,0.0,1.0,0.0,0.0,2013-11-13,0.0,0.0,0.0,0.0,0.0,0.0,0.0,,
2013-11-14,,,,,0.0,1.0,0.0,0.0,1.0,,,,,1.0,0.0,0.0,1.0,,,,,,,,,2,2.0,0.0,2.0,1.0,0.0,4.0,3.0,0.0,0.0,2.0,0.0,0.0,2.0,2.0,0.0,0.0,1.0,0.0,0.0,2013-11-14,0.0,0.518034098257,0.0,0.4367205,0.0,0.0,0.954754598257,0.954754598257,0.477377299129
2013-11-15,,,,,0.0,1.0,0.0,0.0,1.0,,,,,,,,,,,,,,,,,1,1.0,0.0,1.0,1.0,0.0,5.0,3.0,0.0,0.0,3.0,0.0,0.0,2.0,2.0,0.0,0.0,1.0,0.0,0.0,2013-11-15,0.0,0.466230688432,0.0,0.0,0.0,0.0,0.466230688432,0.466230688432,0.466230688432
2013-11-16,,,,,0.0,,,,,,,,,1.0,0.0,0.0,1.0,,,,,,,,,1,1.0,0.0,1.0,1.0,0.0,6.0,3.0,0.0,0.0,3.0,0.0,0.0,2.0,3.0,0.0,0.0,1.0,0.0,0.0,2013-11-16,0.0,0.0,0.0,0.39304845,0.0,0.0,0.39304845,0.39304845,0.39304845
2013-11-17,,,,,0.0,0.0,1.0,0.0,1.0,1.0,0.0,0.0,1.0,,,,,0.0,1.0,0.0,1.0,,,,,3,1.0,2.0,-1.0,0.333333333333,0.666666666667,4.0,3.0,0.0,0.0,0.0,1.0,1.0,0.0,3.0,0.0,0.0,2.0,0.0,0.0,2013-11-17,0.0,-0.580392380411,0.6118500655,0.0,-0.6053159655,0.0,-0.573858280411,-0.573858280411,-0.19128609347
2013-11-18,,,,,0.0,,,,,,,,,1.0,0.0,0.0,1.0,,,,,,,,,1,1.0,0.0,1.0,1.0,0.0,5.0,3.0,0.0,0.0,0.0,1.0,1.0,0.0,4.0,0.0,0.0,2.0,0.0,0.0,2013-11-18,0.0,0.0,0.0,0.353743605,0.0,0.0,0.353743605,0.353743605,0.353743605
2013-11-19,,,,,0.0,,,,,,,,,,,,,,,,,,,,,0,0.0,0.0,0.0,,,5.0,3.0,0.0,0.0,0.0,1.0,1.0,0.0,4.0,0.0,0.0,2.0,0.0,0.0,2013-11-19,0.0,0.0,0.0,0.0,0.0,0.0,0.0,,
2013-11-20,,,,,0.0,,,,,,,,,0.0,1.0,0.0,1.0,,,,,,,,,1,0.0,1.0,-1.0,0.0,1.0,1.0,4.0,0.0,0.0,0.0,1.0,1.0,0.0,0.0,1.0,0.0,2.0,0.0,0.0,2013-11-20,0.0,0.0,0.0,-0.6816307555,0.0,0.0,-0.6816307555,-0.6816307555,-0.6816307555
2013-11-21,,,,,0.0,1.0,0.0,0.0,1.0,,,,,,,,,,,,,,,,,1,1.0,0.0,1.0,1.0,0.0,2.0,3.0,0.0,0.0,1.0,0.0,1.0,0.0,0.0,1.0,0.0,2.0,0.0,0.0,2013-11-21,0.0,0.47764685763,0.0,0.0,0.0,0.0,0.47764685763,0.47764685763,0.47764685763
2013-11-22,,,,,0.0,,,,,,,,,0.0,1.0,0.0,1.0,,,,,,,,,1,0.0,1.0,-1.0,0.0,1.0,2.0,4.0,0.0,0.0,1.0,0.0,1.0,0.0,0.0,2.0,0.0,2.0,0.0,0.0,2013-11-22,0.0,0.0,0.0,-0.61346767995,0.0,0.0,-0.61346767995,-0.61346767995,-0.61346767995
2013-11-23,,,,,0.0,1.0,0.0,0.0,1.0,,,,,0.0,1.0,0.0,1.0,,,,,,,,,2,1.0,1.0,0.0,0.5,0.5,3.0,5.0,0.0,0.0,2.0,0.0,1.0,0.0,0.0,3.0,0.0,2.0,0.0,0.0,2013-11-23,0.0,0.429882171867,0.0,-0.552120911955,0.0,0.0,-0.122238740088,-0.122238740088,-0.0611193700441
2013-11-24,,,,,0.0,,,,,0.0,1.0,0.0,1.0,,,,,,,,,,,,,1,0.0,1.0,-1.0,0.0,1.0,2.0,6.0,0.0,0.0,2.0,0.0,0.0,1.0,0.0,3.0,0.0,2.0,0.0,0.0,2013-11-24,0.0,0.0,-0.44933494105,0.0,0.0,0.0,-0.44933494105,-0.44933494105,-0.44933494105
2013-11-25,,,,,0.0,,,,,,,,,,,,,1.0,0.0,0.0,1.0,,,,,1,1.0,0.0,1.0,1.0,0.0,3.0,4.0,0.0,0.0,2.0,0.0,0.0,1.0,0.0,3.0,1.0,0.0,0.0,0.0,2013-11-25,0.0,0.0,0.0,0.0,0.45521563105,0.0,0.45521563105,0.45521563105,0.45521563105
2013-11-26,,,,,0.0,,,,,,,,,1.0,0.0,0.0,1.0,,,,,,,,,1,1.0,0.0,1.0,1.0,0.0,4.0,1.0,0.0,0.0,2.0,0.0,0.0,1.0,1.0,0.0,1.0,0.0,0.0,0.0,2013-11-26,0.0,0.0,0.0,0.503091179241,0.0,0.0,0.503091179241,0.503091179241,0.503091179241
2013-11-27,,,,,0.0,1.0,0.0,0.0,1.0,,,,,0.0,1.0,0.0,1.0,,,,,,,,,2,1.0,1.0,0.0,0.5,0.5,4.0,2.0,0.0,0.0,3.0,0.0,0.0,1.0,0.0,1.0,1.0,0.0,0.0,0.0,2013-11-27,0.0,0.38689395468,0.0,-0.547217938684,0.0,0.0,-0.160323984003,-0.160323984003,-0.0801619920017
2013-11-28,,,,,0.0,,,,,0.0,1.0,0.0,1.0,,,,,,,,,,,,,1,0.0,1.0,-1.0,0.0,1.0,4.0,3.0,0.0,0.0,3.0,0.0,0.0,2.0,0.0,1.0,1.0,0.0,0.0,0.0,2013-11-28,0.0,0.0,-0.404401446945,0.0,0.0,0.0,-0.404401446945,-0.404401446945,-0.404401446945
2013-11-29,,,,,0.0,1.0,0.0,0.0,1.0,,,,,0.0,1.0,0.0,1.0,,,,,,,,,2,1.0,1.0,0.0,0.5,0.5,5.0,4.0,0.0,0.0,4.0,0.0,0.0,2.0,0.0,2.0,1.0,0.0,0.0,0.0,2013-11-29,0.0,0.348204559212,0.0,-0.492496144815,0.0,0.0,-0.144291585603,-0.144291585603,-0.0721457928016
2013-11-30,,,,,0.0,1.0,0.0,0.0,1.0,,,,,,,,,,,,,,,,,1,1.0,0.0,1.0,1.0,0.0,6.0,4.0,0.0,0.0,5.0,0.0,0.0,2.0,0.0,2.0,1.0,0.0,0.0,0.0,2013-11-30,0.0,0.313384103291,0.0,0.0,0.0,0.0,0.313384103291,0.313384103291,0.313384103291
2013-12-01,,,,,0.0,,,,,,,,,1.0,0.0,0.0,1.0,1.0,0.0,0.0,1.0,,,,,2,2.0,0.0,2.0,1.0,0.0,8.0,2.0,0.0,0.0,5.0,0.0,0.0,2.0,1.0,0.0,2.0,0.0,0.0,0.0,2013-12-01,0.0,0.0,0.0,0.556753469666,0.409694067945,0.0,0.966447537611,0.966447537611,0.483223768806
2013-12-02,,,,,0.0,,,,,,,,,,,,,,,,,,,,,0,0.0,0.0,0.0,,,8.0,2.0,0.0,0.0,5.0,0.0,0.0,2.0,1.0,0.0,2.0,0.0,0.0,0.0,2013-12-02,0.0,0.0,0.0,0.0,0.0,0.0,0.0,,
2013-12-03,,,,,0.0,1.0,0.0,0.0,1.0,,,,,1.0,0.0,0.0,1.0,,,,,,,,,2,2.0,0.0,2.0,1.0,0.0,10.0,2.0,0.0,0.0,6.0,0.0,0.0,2.0,2.0,0.0,2.0,0.0,0.0,0.0,2013-12-03,0.0,0.282045692962,0.0,0.5010781227,0.0,0.0,0.783123815661,0.783123815661,0.391561907831
2013-12-04,,,,,0.0,,,,,,,,,,,,,,,,,,,,,0,0.0,0.0,0.0,,,10.0,2.0,0.0,0.0,6.0,0.0,0.0,2.0,2.0,0.0,2.0,0.0,0.0,0.0,2013-12-04,0.0,0.0,0.0,0.0,0.0,0.0,0.0,,
2013-12-05,,,,,0.0,0.0,1.0,0.0,1.0,,,,,,,,,,,,,,,,,1,0.0,1.0,-1.0,0.0,1.0,4.0,3.0,0.0,0.0,0.0,1.0,0.0,2.0,2.0,0.0,2.0,0.0,0.0,0.0,2013-12-05,0.0,-0.746158876334,0.0,0.0,0.0,0.0,-0.746158876334,-0.746158876334,-0.746158876334
2013-12-06,,,,,0.0,0.0,1.0,0.0,1.0,,,,,0.0,1.0,0.0,1.0,,,,,,,,,2,0.0,2.0,-2.0,0.0,1.0,2.0,5.0,0.0,0.0,0.0,2.0,0.0,2.0,0.0,1.0,2.0,0.0,0.0,0.0,2013-12-06,0.0,-0.671542988701,0.0,-0.54902968957,0.0,0.0,-1.22057267827,-1.22057267827,-0.610286339136
2013-12-07,,,,,0.0,,,,,,,,,1.0,0.0,0.0,1.0,,,,,,,,,1,1.0,0.0,1.0,1.0,0.0,3.0,4.0,0.0,0.0,0.0,2.0,0.0,2.0,1.0,0.0,2.0,0.0,0.0,0.0,2013-12-07,0.0,0.0,0.0,0.505873279387,0.0,0.0,0.505873279387,0.505873279387,0.505873279387
2013-12-08,,,,,0.0,0.0,1.0,0.0,1.0,0.0,1.0,0.0,1.0,,,,,1.0,0.0,0.0,1.0,,,,,3,1.0,2.0,-1.0,0.333333333333,0.666666666667,4.0,6.0,0.0,0.0,0.0,3.0,0.0,3.0,1.0,0.0,3.0,0.0,0.0,0.0,2013-12-08,0.0,-0.604388689831,-0.36396130225,0.0,0.36872466115,0.0,-0.599625330931,-0.599625330931,-0.19987511031
2013-12-09,,,,,0.0,,,,,,,,,0.0,1.0,0.0,1.0,,,,,,,,,1,0.0,1.0,-1.0,0.0,1.0,3.0,7.0,0.0,0.0,0.0,3.0,0.0,3.0,0.0,1.0,3.0,0.0,0.0,0.0,2013-12-09,0.0,0.0,0.0,-0.544714048552,0.0,0.0,-0.544714048552,-0.544714048552,-0.544714048552
2013-12-10,,,,,0.0,0.0,1.0,0.0,1.0,,,,,,,,,,,,,,,,,1,0.0,1.0,-1.0,0.0,1.0,3.0,8.0,0.0,0.0,0.0,4.0,0.0,3.0,0.0,1.0,3.0,0.0,0.0,0.0,2013-12-10,0.0,-0.543949820848,0.0,0.0,0.0,0.0,-0.543949820848,-0.543949820848,-0.543949820848
2013-12-11,,,,,0.0,,,,,,,,,1.0,0.0,0.0,1.0,,,,,,,,,1,1.0,0.0,1.0,1.0,0.0,4.0,7.0,0.0,0.0,0.0,4.0,0.0,3.0,1.0,0.0,3.0,0.0,0.0,0.0,2013-12-11,0.0,0.0,0.0,0.509757356303,0.0,0.0,0.509757356303,0.509757356303,0.509757356303
2013-12-12,,,,,0.0,1.0,0.0,0.0,1.0,,,,,,,,,,,,,,,,,1,1.0,0.0,1.0,1.0,0.0,5.0,3.0,0.0,0.0,1.0,0.0,0.0,3.0,1.0,0.0,3.0,0.0,0.0,0.0,2013-12-12,0.0,0.510445161237,0.0,0.0,0.0,0.0,0.510445161237,0.510445161237,0.510445161237
2013-12-13,,,,,0.0,,,,,,,,,0.0,1.0,0.0,1.0,,,,,,,,,1,0.0,1.0,-1.0,0.0,1.0,4.0,4.0,0.0,0.0,1.0,0.0,0.0,3.0,0.0,1.0,3.0,0.0,0.0,0.0,2013-12-13,0.0,0.0,0.0,-0.541218379327,0.0,0.0,-0.541218379327,-0.541218379327,-0.541218379327
2013-12-14,,,,,0.0,0.0,1.0,0.0,1.0,,,,,,,,,,,,,,,,,1,0.0,1.0,-1.0,0.0,1.0,3.0,5.0,0.0,0.0,0.0,1.0,0.0,3.0,0.0,1.0,3.0,0.0,0.0,0.0,2013-12-14,0.0,-0.540599354887,0.0,0.0,0.0,0.0,-0.540599354887,-0.540599354887,-0.540599354887
2013-12-15,,,,,0.0,,,,,0.0,1.0,0.0,1.0,0.0,1.0,0.0,1.0,1.0,0.0,0.0,1.0,,,,,3,1.0,2.0,-1.0,0.333333333333,0.666666666667,4.0,7.0,0.0,0.0,0.0,1.0,0.0,4.0,0.0,2.0,4.0,0.0,0.0,0.0,2013-12-15,0.0,0.0,-0.327565172025,-0.487096541394,0.331852195035,0.0,-0.482809518384,-0.482809518384,-0.160936506128
2013-12-16,,,,,0.0,,,,,,,,,,,,,,,,,,,,,0,0.0,0.0,0.0,,,4.0,7.0,0.0,0.0,0.0,1.0,0.0,4.0,0.0,2.0,4.0,0.0,0.0,0.0,2013-12-16,0.0,0.0,0.0,0.0,0.0,0.0,0.0,,
2013-12-17,,,,,0.0,1.0,0.0,0.0,1.0,,,,,1.0,0.0,0.0,1.0,,,,,,,,,2,2.0,0.0,2.0,1.0,0.0,6.0,4.0,0.0,0.0,1.0,0.0,0.0,4.0,1.0,0.0,4.0,0.0,0.0,0.0,2013-12-17,0.0,0.513460580602,0.0,0.561613112745,0.0,0.0,1.07507369335,1.07507369335,0.537536846674
2013-12-18,,,,,0.0,,,,,,,,,,,,,,,,,,,,,0,0.0,0.0,0.0,,,6.0,4.0,0.0,0.0,1.0,0.0,0.0,4.0,1.0,0.0,4.0,0.0,0.0,0.0,2013-12-18,0.0,0.0,0.0,0.0,0.0,0.0,0.0,,
2013-12-19,,,,,0.0,0.0,1.0,0.0,1.0,,,,,0.0,1.0,0.0,1.0,,,,,,,,,2,0.0,2.0,-2.0,0.0,1.0,4.0,6.0,0.0,0.0,0.0,1.0,0.0,4.0,0.0,1.0,4.0,0.0,0.0,0.0,2013-12-19,0.0,-0.537885477458,0.0,-0.494548198529,0.0,0.0,-1.03243367599,-1.03243367599,-0.516216837994
2013-12-20,,,,,0.0,,,,,,,,,,,,,,,,,,,,,0,0.0,0.0,0.0,,,4.0,6.0,0.0,0.0,0.0,1.0,0.0,4.0,0.0,1.0,4.0,0.0,0.0,0.0,2013-12-20,0.0,0.0,0.0,0.0,0.0,0.0,0.0,,
2013-12-21,,,,,0.0,1.0,0.0,0.0,1.0,,,,,1.0,0.0,0.0,1.0,,,,,,,,,2,2.0,0.0,2.0,1.0,0.0,6.0,4.0,0.0,0.0,1.0,0.0,0.0,4.0,1.0,0.0,4.0,0.0,0.0,0.0,2013-12-21,0.0,0.515903070288,0.0,0.554906621324,0.0,0.0,1.07080969161,1.07080969161,0.535404845806
2013-12-22,,,,,0.0,,,,,0.0,1.0,0.0,1.0,,,,,,,,,,,,,1,0.0,1.0,-1.0,0.0,1.0,6.0,5.0,0.0,0.0,1.0,0.0,0.0,5.0,1.0,0.0,4.0,0.0,0.0,0.0,2013-12-22,0.0,0.0,-0.294808654823,0.0,0.0,0.0,-0.294808654823,-0.294808654823,-0.294808654823
2013-12-23,,,,,0.0,1.0,0.0,0.0,1.0,,,,,1.0,0.0,0.0,1.0,1.0,0.0,0.0,1.0,,,,,3,3.0,0.0,3.0,1.0,0.0,9.0,5.0,0.0,0.0,2.0,0.0,0.0,5.0,2.0,0.0,5.0,0.0,0.0,0.0,2013-12-23,0.0,0.464312763259,0.0,0.499415959191,0.298666975532,0.0,1.26239569798,1.26239569798,0.420798565994
2013-12-24,,,,,0.0,,,,,,,,,,,,,,,,,,,,,0,0.0,0.0,0.0,,,9.0,5.0,0.0,0.0,2.0,0.0,0.0,5.0,2.0,0.0,5.0,0.0,0.0,0.0,2013-12-24,0.0,0.0,0.0,0.0,0.0,0.0,0.0,,
2013-12-25,,,,,0.0,,,,,,,,,1.0,0.0,0.0,1.0,,,,,,,,,1,1.0,0.0,1.0,1.0,0.0,10.0,5.0,0.0,0.0,2.0,0.0,0.0,5.0,3.0,0.0,5.0,0.0,0.0,0.0,2013-12-25,0.0,0.0,0.0,0.449474363272,0.0,0.0,0.449474363272,0.449474363272,0.449474363272
2013-12-26,,,,,0.0,,,,,,,,,,,,,,,,,,,,,0,0.0,0.0,0.0,,,10.0,5.0,0.0,0.0,2.0,0.0,0.0,5.0,3.0,0.0,5.0,0.0,0.0,0.0,2013-12-26,0.0,0.0,0.0,0.0,0.0,0.0,0.0,,
2013-12-27,,,,,0.0,1.0,0.0,0.0,1.0,,,,,1.0,0.0,0.0,1.0,,,,,,,,,2,2.0,0.0,2.0,1.0,0.0,12.0,5.0,0.0,0.0,3.0,0.0,0.0,5.0,4.0,0.0,5.0,0.0,0.0,0.0,2013-12-27,0.0,0.417881486933,0.0,0.404526926945,0.0,0.0,0.822408413878,0.822408413878,0.411204206939
2013-12-28,,,,,0.0,,,,,,,,,,,,,,,,,,,,,0,0.0,0.0,0.0,,,12.0,5.0,0.0,0.0,3.0,0.0,0.0,5.0,4.0,0.0,5.0,0.0,0.0,0.0,2013-12-28,0.0,0.0,0.0,0.0,0.0,0.0,0.0,,
2013-12-29,,,,,0.0,1.0,0.0,0.0,1.0,0.0,1.0,0.0,1.0,1.0,0.0,0.0,1.0,1.0,0.0,0.0,1.0,,,,,4,3.0,1.0,2.0,0.75,0.25,15.0,6.0,0.0,0.0,4.0,0.0,0.0,6.0,5.0,0.0,6.0,0.0,0.0,0.0,2013-12-29,0.0,0.37609333824,-0.265327789341,0.36407423425,0.268800277979,0.0,0.743640061128,0.743640061128,0.185910015282
2013-12-30,,,,,0.0,,,,,,,,,,,,,,,,,,,,,0,0.0,0.0,0.0,,,9.0,0.0,0.0,0.0,4.0,0.0,0.0,0.0,5.0,0.0,0.0,0.0,0.0,0.0,2013-12-30,0.0,0.0,0.0,0.0,0.0,0.0,0.0,,
2013-12-31,,,,,0.0,0.0,1.0,0.0,1.0,,,,,1.0,0.0,0.0,1.0,,,,,,,,,2,1.0,1.0,0.0,0.5,0.5,6.0,1.0,0.0,0.0,0.0,1.0,0.0,0.0,6.0,0.0,0.0,0.0,0.0,0.0,2013-12-31,0.0,-0.661515995584,0.0,0.327666810825,0.0,0.0,-0.333849184759,-0.333849184759,-0.166924592379
